id,title,type,description,release_year,age_certification,runtime,genres,production_countries,seasons,imdb_id,imdb_score,imdb_votes,tmdb_popularity,tmdb_score,sentiment_score_description,sentiment_score_titles
ts312094,JAPAN SINKS : People Hope,SHOW,2023 tokyo prime minister eiichi higashiyama pushes coms world environment conference coms method liquify pollutants store crack sea floor prime minister eiichi higashiyama gathers young talented bureaucrats launches japan future promotion conference benefit future japan keishi amami ministry environment kichi tokiwa ministry economy trade industry members conference,2021,TV-14,55,"['scifi', 'war', 'drama']",['JP'],1.0,tt15569106,6.0,5.0,7.557,6.5,0.743,0.4404
ts90466,Hong Kong West Side Stories,SHOW,intimate lives young men women hong kong linked loosely connected stories love lust separation deceit,2019,TV-MA,23,"['drama', 'comedy']",['HK'],2.0,tt10282734,5.7,6.0,1.541,8.3,0.296,0.0
ts297132,Brave Animated Series,SHOW,adaption taiwanese comic series brave animated series comic artist series uses black humor elaborate social issues storytelling taste younger generation program integrated multiple resources like tv music production world full discrimination hatred stereotype longer really braves believe evil defeated world comes peace yet braves realize standing side justice,2021,TV-MA,26,"['action', 'animation']",['TW'],1.0,tt17545256,7.0,6.0,4.271,5.0,0.7204,0.5267
ts82268,GHOUL,SHOW,newly minted military interrogator arrives covert detention center discover terrorists held world,2018,TV-MA,46,"['scifi', 'drama', 'thriller', 'fantasy', 'horror']",['IN'],2.0,tt5811766,8.0,6.0,16.66,6.9,-0.765,0.0
tm206698,Ouija : Origin Evil,MOVIE,1965 los angeles widowed mother two daughters add new stunt bolster sance scam business unwittingly invite authentic evil home youngest daughter overtaken merciless spirit small family confronts unthinkable fears save send possessor back side,2016,PG-13,99,"['drama', 'horror', 'thriller']",['US'],0.0,tt4361050,5.3,6.0,44.508,6.1,-0.886,-0.6597
ts43341,Atelier,SHOW,young fabric geek lands job upscale japanese lingerie company quickly discovers shell need help survive,2015,TV-14,69,"['drama', 'documentation', 'comedy']",['JP'],1.0,tt4790548,6.3,7.0,2.932,7.8,0.2263,0.0
ts94677,Worst Roommate Ever,SHOW,violent con artists stonecold killers terrifying true stories unveil worst cohabitation experiences one could ever imagine,2022,TV-MA,47,"['crime', 'documentation', 'drama', 'thriller']",['US'],1.0,tt8323702,8.1,8.0,4.457,6.9,-0.9349,-0.6249
tm684591,Freej Al Taibeen,MOVIE,local rivals gear compete traditional game tests physical strength endurance complications disrupt training,2018,PG-13,100,"['comedy', 'sport']",['AE'],0.0,tt10078900,5.8,9.0,0.644,2.0,0.4939,0.0
ts282133,City Ghosts,SHOW,meet ghost club adventures take around los angeles interview ghosts solve problems learn citys history,2021,TV-Y7,19,"['animation', 'drama']",['FR'],1.0,tt15477516,6.1,10.0,2.639,7.3,-0.2023,0.0
ts82860,Against Tide,SHOW,detective psychologist investigating string murders form crimesolving team novelist whose work inspired killings,2014,TV-14,44,['drama'],['SG'],1.0,tt7131682,7.6,11.0,0.6,6.0,-0.743,0.0
ts78692,Rapture,SHOW,groundbreaking artists share life stories vibrant documentary series captures hiphops impact global culture,2018,TV-MA,58,"['documentation', 'scifi', 'thriller', 'horror', 'music']",['US'],1.0,tt7981052,5.4,11.0,2.391,7.0,0.6808,0.1531
tm116488,Natural Born Killers,MOVIE,two victims traumatized childhoods become lovers serial murderers irresponsibly glorified mass media,1994,R,118,"['thriller', 'drama', 'crime', 'action']",['US'],0.0,tt0110632,7.3,11.0,21.933,7.1,-0.3818,-0.4215
ts144323,Unnatural Selection,SHOW,three high school students decide escape mundane urban environment embark fishing adventure,2015,TV-MA,35,"['reality', 'documentation', 'comedy']",['US'],1.0,tt11063952,8.1,12.0,2.736,7.5,0.4588,0.0
tm166740,Chhota Bheem & Krishna Mayanagari,MOVIE,bheem friends great time dwarka friend kanhamayandri tries attack kanha leopards fails kanha fights easebheem gets injured friend krishna offers heal injury dholakpurians leave krishna offers gifts thembheem gets pendantchutki gets stylish ringraju gets catapult jaggu got compass whereas kalia got powder blows anyone hear thinking dholu bholu got box could ask anything want foodbheem suddenly feels time everyone go back dholakpur board ship bid farewell krishna beloved friend,2011,G,66,"['animation', 'action', 'fantasy']",['IN'],0.0,tt16235600,8.7,13.0,1.028,5.1,0.7964,0.0
ts215862,True Tunes,SHOW,true friends dropping sweet silly beats freshly modern music videos set sounds classic nursery rhyme songs,2019,TV-Y7,3,"['family', 'animation']",['US'],1.0,tt10522374,8.0,13.0,1.522,10.0,0.8402,0.4215
ts31514,Strawberry Shortcake,SHOW,strawberry friends including sister apple dumplin pony honey pie embark sweetsmelling adventures strawberryland,2003,TV-Y,23,"['animation', 'family']",['US'],4.0,tt1190823,7.0,13.0,31.584,6.9,0.6705,0.0
tm59372,Arjun : The Warrior Prince,MOVIE,legend knows archer unwavering focus soldier fought battle heart taking arms enemy untold story arjun hero mahabharata precocious talent plunged boyhood innocence murky world deceit betrayal coming age become powerful warrior time dusty plains hastinapur icy peaks himalayas arjun warrior prince story man discovering takes hero,2012,G,96,"['action', 'animation', 'drama']",['IN'],0.0,tt2404173,6.7,14.0,3.031,6.2,0.0516,0.0
ts56648,The Keepers,SHOW,docuseries examines decadesold murder sister catherine cesnik suspected link priest accused abuse,2017,TV-MA,56,"['documentation', 'thriller', 'crime', 'action', 'drama']",['US'],1.0,tt6502890,8.2,14.0,8.556,7.5,-0.9186,0.0
ts39465,Yours Fatefully,SHOW,fatefully singaporean chinese drama telecasted singapores freetoair channel mediacorp channel 8 make debut 29 may 2012 drama serial consists 20 episodes screened every weekday night 900 pm,2012,TV-14,44,"['drama', 'comedy', 'romance']",['SG'],1.0,tt7131690,6.7,15.0,1.796,6.0,0.0,0.0
ts39112,Justin Time,SHOW,looking adventure come along justin imaginary pals olive squidgy star biggest stories time justins imagination catapults largerthanlife adventures around world,2011,TV-Y,15,"['action', 'animation', 'comedy', 'family']",['CA'],3.0,tt1870073,6.0,16.0,3.657,8.0,0.5719,0.0
ts223121,Bangkok Buddies,SHOW,living roof group unabashed friends wrestle everyday issues financial woes shared quarters romantic misfires,2019,TV-MA,40,"['drama', 'comedy']",['TH'],1.0,tt11513508,6.8,17.0,3.237,10.0,0.6486,0.0
ts58061,Memories Love,SHOW,young couple finds love rekindled separated ten years lu fei seemingly perfect prince charming unexpectedly encounters stubborn rebellious young lady xin chen despite clashing personalities find drawn one another eventually fall love however later separate ten years later lu fei lets go newly burgeoning company overseas returns search xin chen rediscover meaning love,2018,TV-PG,44,"['drama', 'romance']",['CN'],1.0,tt8246636,5.7,17.0,5.027,2.7,0.9531,0.6369
ts283159,A Perfect Day Arsenide,SHOW,perfect day arsenide adapts ten stories sametitled novel hong kong writer pizza author lost red mini bus taipo spanning suspense horror comedy fantasy inventive series rolls whimsical bizarre stories absurdity life wild city hong kong,2020,TV-MA,23,"['drama', 'romance']",['HK'],1.0,tt14592684,5.0,18.0,1.4,2.0,0.128,0.5719
ts251607,Word Party Songs,SHOW,sing along dance bailey franny kip lulu tilly collection music videos get mood move groove,2020,TV-Y,4,"['animation', 'family']",[],1.0,tt12748268,3.6,18.0,2.346,10.0,0.0,0.4019
ts80993,Kibaoh Klashers,SHOW,dylan pals hailey ollie work together compete battle blading,2017,TV-Y7,24,['scifi'],['CN'],2.0,tt7492122,6.4,18.0,4.313,8.0,-0.3818,0.0
ts223115,The Charming Stepmom,SHOW,quirky fashion student becomes nanny handsome widowers three kids experiencing series silly antics schemes,2019,TV-14,46,"['family', 'romance', 'comedy']",['TH'],1.0,tt13846404,7.9,18.0,5.114,10.0,0.5106,0.5859
ts288195,Invisible City,SHOW,environmental police officer uncovers hidden world mythological entities brazilian folklore finds connection mysterious appearance dead river dolphin rio de janeiro beach death beloved wife,2021,TV-MA,37,"['thriller', 'drama', 'crime', 'fantasy']",['BR'],2.0,tt8878862,7.7,18.0,10.14,7.1,-0.7096,0.0
tm975616,The Beginning Life 2 : Outside,MOVIE,genuine connections children nature revolutionize future discovery still possible worlds major urban centers new chapter beginning life reveals transformative power concept,2020,G,92,['documentation'],['BR'],0.0,tt12190648,8.0,20.0,1.29,8.5,0.0,0.0
ts89372,Titipo Titipo,SHOW,titipo train prove hes got takes help folks train village ride rails safely reliably,2018,TV-Y,18,['animation'],['KR'],2.0,tt12987396,6.8,20.0,1.862,9.5,0.7096,0.0
ts55532,LEGO Friends,SHOW,five best friends go many fun lego adventures,2012,TV-Y,16,"['animation', 'european']",['US'],5.0,tt4049416,7.6,20.0,3.483,5.0,0.9186,0.4767
ts18551,Cuckoo,SHOW,cuckoo every parents worst nightmare slacker full outlandish new age ideas ken overprotective father girl whos impulsively married american hippie gap year,2012,TV-14,27,"['comedy', 'drama', 'european']",['GB'],5.0,tt2222352,5.9,20.0,13.25,6.9,-0.6249,0.0
ts321614,Blippi Wonders,SHOW,ever curious blippi sets comedic fun adventures blippimobile along faithful sidekicks tabbs fetch help find answers burning question day animated series allows us take blippi places couldnt normally go liveactions appeal audiences around world,2021,TV-Y,7,['animation'],['US'],1.0,tt19315934,5.1,21.0,1.557,7.0,0.936,0.0
ts221041,My Dear Warrior,SHOW,sky beautiful single female astronomer planetarium received gift thick woodencovered book magic pen vanda aunt taking care sky since childhood crazy writer suffering amnesia,2019,TV-14,44,"['drama', 'romance', 'fantasy']",['TH'],1.0,tt11281912,4.9,21.0,2.737,9.3,0.6705,0.3818
tm244191,The Beguiled,MOVIE,civil war southern girls boarding school young women take injured enemy soldier provide refuge tend wounds house taken sexual tension dangerous rivalries taboos broken unexpected turn events,2017,R,93,"['drama', 'documentation', 'thriller', 'war']",['US'],0.0,tt5592248,6.8,21.0,26.24,5.9,-0.9559,0.0
ts222901,糖糖Online,SHOW,wardrobe malfunction goes viral bubbly live streamer struggles navigate classmates cruel judgment small town lives,2019,TV-MA,24,"['drama', 'family']",['TW'],1.0,tt11330500,5.4,22.0,0.6,10.0,-0.743,0.0
ts35628,Some Assembly Required,SHOW,fourteenyearold jarvis raines gets chemistry set aunt marlene christmas assumes another boring gift boy wrong contents create chemical reaction destroys houseso much merry christmas getting even apology manufacturer knickknack toys jarvis takes court wins ends owning company,2014,TV-G,24,"['comedy', 'documentation', 'reality']",['CA'],4.0,tt2931868,8.5,22.0,12.121,6.8,0.5267,0.0
ts97584,Highland : Thailand 's Marijuana Awakening,SHOW,thailands complicated history marijuana continues play role policies laws well health security citizens,2017,TV-MA,20,['documentation'],['US'],1.0,tt7201224,6.2,24.0,0.663,8.0,0.7096,0.0
ts307816,냉면 랩소디,SHOW,refreshing flavorful naengmyeon koreas coolest summertime staple journey history begins cooked loved,2021,TV-PG,49,['documentation'],['KR'],1.0,tt15772846,7.5,25.0,1.765,4.0,0.5994,0.0
ts251119,Hook,SHOW,despite fathers rivalry two university students form friendship boxing gym tackle family drama romance personal crises,2020,TV-MA,43,"['drama', 'romance', 'sport']",['TH'],1.0,tt12656690,6.5,25.0,2.137,6.3,0.7579,0.0
tm363181,Ladies First,MOVIE,inspirational survival story deepika kumari girl born roadside abject poverty rural india went search food stumbled upon archery within 4 years became number one archer world,2017,G,39,"['documentation', 'comedy', 'romance']",['IN'],0.0,tt4389410,3.9,25.0,5.889,7.5,0.0772,0.0
tm1120636,Johnny Test 's Ultimate Meatloaf Quest,MOVIE,join johnny dukey epic interactive quest find perfect meatloaf save eating dads gross garbage loaf dinner,2021,G,20,"['animation', 'family']",['US'],0.0,tt15717738,7.1,26.0,4.274,2.5,0.7184,0.0
ts85953,Paprika,SHOW,stan olivia amazingly different paprika twins use boundless enthusiasm turn everyday life extraordinary adventure,2018,TV-Y,13,"['family', 'animation']",['US'],1.0,tt12740488,7.9,27.0,0.733,5.0,0.6369,0.0
ts75151,Godless,SHOW,ruthless outlaw terrorizes west search former member gang whos found new life quiet town populated women,2017,TV-MA,65,"['drama', 'western', 'documentation', 'action', 'crime']",['US'],1.0,tt5516154,7.6,27.0,16.273,7.754,-0.6249,0.0
ts20556,Teen Mom 2,SHOW,jenelle chelsea kailyn leah four young women navigating complicated lives always easy young mom,2011,TV-14,41,"['reality', 'romance', 'documentation', 'comedy']",['US'],11.0,tt10349554,4.5,28.0,11.811,6.6,0.4404,0.0
ts33559,Shaun Sheep,SHOW,shaun sheep thinks acts like person barnyard usually gets trouble farmers sheepdog bitzer tries keep shaun friends trouble farmer oblivious humanlike features flock like one big happy family,2007,TV-G,7,"['animation', 'comedy', 'family', 'european']",['GB'],6.0,tt0983983,8.1,28.0,31.375,7.9,0.7506,0.0
ts326029,Savage Rhythm,SHOW,opposite worlds two dancers colombia clash dance floor ambition succeed leads treacherous path,2022,TV-MA,38,"['drama', 'music']",['CO'],1.0,tt17076336,6.3,28.0,82.74,7.7,0.4939,-0.4588
ts297685,I Need Romance,SHOW,33yearold fashion marketing director home shopping channel company developed tough prickly outer shell order succeed workplace multiple failed relationships given idea ever finding love 26yearold songwriter carefree spirit returns home living abroad seventeen years raised mothers friend daughter 33yearold fashion marketing director remembers kid forced play mom busy two meet attempts heal jaded sense romance,2021,TV-14,45,"['drama', 'romance']",['TH'],1.0,tt16077338,7.8,30.0,1.39,6.0,0.8658,0.5574
ts84341,What She Put Table,SHOW,based life tv chef fu peimei drama follows two women one rich poor fortuitously cross paths 1950s taiwan,2017,TV-14,85,['drama'],['TW'],1.0,tt7073222,7.3,30.0,2.319,1.0,-0.6369,0.0
ts67797,Sammy & Co,SHOW,series following story young turtles ricky ella friends annabel octopus pipo butterfly fish within many fun exciting adventures learn life underwater quite similar life earth likewise things rarely go planned even live wise sammy safe happy setting warm reef little turtles like little kids wont able resist appeal big blue ocean,2014,TV-PG,15,"['animation', 'european']",['US'],2.0,tt2580128,5.7,31.0,1.96,7.3,0.9745,0.0
ts90640,The Writer,SHOW,accused murder eerily parallel plot novel bestselling crime writer must navigate web hidden enemies,2019,TV-14,37,"['drama', 'crime']",['LB'],1.0,tt10312958,8.2,32.0,1.771,10.0,-0.9062,0.0
ts330422,Team Zenko Go,SHOW,every good deed one team kids niah ari ellie jax go undercover help others secretly solve citys problems,2022,TV-Y,20,"['action', 'animation', 'family']",['US'],1.0,tt18274176,7.8,33.0,2.104,7.0,0.5719,0.0
ts345779,Barbie : It Takes Two,SHOW,barbie malibu roberts barbie brooklyn roberts chase dreams musical stardom,2022,TV-G,21,"['comedy', 'family', 'animation']",['US'],1.0,tt19178656,6.3,33.0,10.972,8.3,0.4019,0.0
tm175364,Chhota Bheem Aur Hanuman,MOVIE,grouchy makhichoos whoe hates diwali digging furiously dholakpur forest searching demon soon demon emerges roots tree evil witch makhichoos plan build new kingdom eve diwali teach bheem lesson bheem friends preparing celebrations chhota hanuman also comes part festival something worse happens makhichoos evil witch kidnap princess indumati bheem hanuman together rescue indumati triumph evil,2013,G,67,"['animation', 'fantasy']",['IN'],0.0,tt6417854,7.3,36.0,1.509,6.2,-0.9538,0.0
ts35426,LEGO City,SHOW,robbers escape cells good adventures funny entertaining city police put test heroes catch robber see lego city characters trusted city police dog come together help put back behind bars,2011,TV-G,4,"['animation', 'european']",['GB'],3.0,tt4168604,5.0,37.0,1.403,5.8,0.946,0.0
tm218186,Septembers Shiraz,MOVIE,adaptation critically acclaimed debut novel iranian american author dalia sofer secular jewish family caught maelstrom 1979 iranian revolution,2015,PG-13,110,"['drama', 'thriller', 'western']",['US'],0.0,tt3661298,7.9,38.0,8.065,5.7,0.3182,0.0
tm980439,Chico Bon Bon Very Berry Holiday,MOVIE,fixit force makes plan hit every home fast delivering blunderberry cakes town awakes avoid holiday disaster,2020,G,25,"['animation', 'family']",[],0.0,tt13411942,5.7,39.0,11.049,5.8,-0.5574,0.4549
tm426367,Coco Raulito : Carrusel de ternura,MOVIE,study contrasts comedy partners good friends coco celis ral meneses alternate separate standup sets double laughs,2018,PG-13,56,['comedy'],['MX'],0.0,tt7607498,6.6,40.0,0.976,7.0,0.8934,0.0
ts38512,Cooked,SHOW,explored lenses four natural elements fire water air earth cooked enlightening compelling look evolution food means us history food preparation universal ability connect us highlighting primal human need cook series urges return kitchen reclaim lost traditions forge deeper meaningful connection ingredients cooking techniques use nourish,2016,TV-PG,53,['documentation'],['US'],1.0,tt5347906,7.6,43.0,3.188,7.5,0.765,0.0
ts228255,Cry Babies Magic Tears,SHOW,cute little babies big personalities explore imaginative world tears magical carry special powers tears triggered emotions love happiness babies overcome challenging situations together,2018,TV-Y,4,"['family', 'animation']",['FR'],2.0,tt11067738,5.2,43.0,3.304,7.2,0.9062,-0.6124
ts230973,Arashi 's Diary : Voyage,SHOW,twenty years debut join beloved members arashi new journey showcase lives talents gifts world,2019,TV-Y7,30,"['documentation', 'music']",['JP'],1.0,tt11434874,7.8,44.0,3.2,9.5,0.8176,0.0
ts58528,Inside West Coast Customs,SHOW,inside world famous west coast customs ryan friedlinghaus presents dopest transformations dopest vehicles high end clientele ryan west coast customs team dont disappoint,2011,TV-PG,43,['reality'],['US'],8.0,tt8358972,7.3,44.0,4.71,9.1,0.3089,0.0
ts91990,The Creative Indians,SHOW,creative indians docuseries showcasing demystifying deconstructing lives journeys processes impactful creative professionals projects india across industries like cinema art design music fashion dance photography advertising,2016,TV-MA,29,['documentation'],['US'],4.0,tt9583184,8.3,45.0,0.6,9.0,0.8074,0.4404
ts325991,Only Jokes Allowed,SHOW,six south africas top comedians take center stage showcase talent collection short standup sets,2022,TV-MA,16,['comedy'],['ZA'],1.0,tt17052148,4.9,45.0,1.629,10.0,0.7003,0.25
ts213071,Sleepless Society NYCTOPHOBIA,SHOW,thai horro drama,2019,TV-MA,46,"['thriller', 'drama']",['TH'],1.0,tt10805822,5.6,46.0,2.664,9.3,0.0,0.0
ts39604,The Hospital,SHOW,presidents daughter liu xinping checks hospital chemotherapy treatment head internal medicine head surgery become core members presidents medical team men plan use opportunity prove best candidate position hospital director result two men appoint rival surgeons attend xiupings surgery,2006,TV-14,48,['drama'],['TW'],1.0,tt2823414,7.4,46.0,5.066,2.2,0.7906,0.0
ts78444,Luna Petunia Return Amazia,SHOW,luna petunia returns magical amazia adding memories scrapbook old friends new pal animal empire,2018,TV-Y,24,['animation'],['US'],2.0,tt7924854,4.8,47.0,2.75,6.0,0.4767,0.0
ts38813,Bottersnikes & Gumbles,SHOW,far away forgotten valley heaped longabandoned junk timeless battle rages good evil also squishy scaly happy grumpy clever wily handsome plain old ugly land bottersnikes gumbles,2016,TV-Y7,13,"['action', 'family', 'animation', 'comedy']","['GB', 'AU', 'US']",4.0,tt6015820,5.2,48.0,1.49,7.3,-0.3612,0.0
tm421855,4K Fireplace,MOVIE,enjoy crackling fireplace holiday party cozy night shot stunning 4k ultra hd musicfree fireplace video flickers crackles adds warmth room loop video playback continuous enjoyment,2015,G,181,"['family', 'reality']",['US'],0.0,tt5275236,7.7,49.0,0.738,6.8,0.9501,0.0
ts84167,Age Rebellion,SHOW,campus bullying serious issue every school try root bullying manifests outside school responsible stop,2018,TV-MA,72,"['crime', 'drama', 'romance']",['TW'],1.0,tt8931836,8.6,49.0,3.151,6.0,-0.8402,-0.128
tm200838,Chhota Bheem In Dholakpur Kathmandu,MOVIE,bheem friends invited spend vacations kathmandutheir trip without mishap young ape separated father bheem defeats jaguars unites ape father,2012,G,70,['animation'],['XX'],0.0,tt6442774,7.9,50.0,1.172,7.0,0.2023,0.0
tm938333,A Go ! Go ! Cory Carson Halloween,MOVIE,cory chrissy freddie hunt kingsized candy bars halloween treats worth trek spooky side town,2020,G,21,"['animation', 'family', 'horror']",[],0.0,tt13058374,6.4,51.0,2.048,7.3,0.2263,0.0
tm148147,Big Eyes,MOVIE,late 1950s early 60s artist walter keane achieves unbelievable fame success portraits saucereyed waifs however one realizes wife margaret real painter behind brush although margaret horrified learn walter passing work meek protest loudly isnt keanes marriage comes end lawsuit follows truth finally comes light,2014,PG-13,106,"['drama', 'documentation', 'romance', 'crime']","['CA', 'US']",0.0,tt1126590,7.2,51.0,11.98,6.998,0.5106,0.0
tm474721,Saverio Raimondo : Il Satiro Parlante,MOVIE,italian comic satirist saverio raimondo regales milan crowd tales online antics awkward injuries whiteknuckle flights,2019,PG-13,53,['comedy'],[],0.0,tt10242216,5.7,54.0,1.235,5.9,-0.1531,0.0
ts89363,YooHoo Rescue,SHOW,series magical missions quickwitted yoohoo cando crew travel globe help animals need,2019,TV-Y,13,"['animation', 'family']",['KR'],3.0,tt9817288,6.8,54.0,2.196,8.0,0.4019,0.5106
tm823350,Luccas Neto : Summer Camp,MOVIE,luccas gi heading world famous gymkhana camp problem bullies fun musical get vacation mood,2019,G,87,['comedy'],['BR'],0.0,tt13766476,2.8,54.0,2.99,8.4,0.1531,0.0
ts55966,LEGO Friends : The Power Friendship,SHOW,five best friends face adventures side side hometown zany antics love missteps better friends,2016,TV-Y,23,['animation'],['US'],2.0,tt7598452,6.7,54.0,7.272,7.7,0.9633,0.7184
ts54117,Luna Petunia,SHOW,luna petunia follows adventures girl lives world plays dreamland learns make impossible possible,2016,TV-Y,24,"['animation', 'family', 'fantasy']",['CA'],3.0,tt4588068,6.3,57.0,1.722,8.0,0.5267,0.0
tm844201,Super Monsters Save Christmas,MOVIE,christmas eve super monsters get together make decorations end find santas missing reindeer order save holiday,2019,G,24,"['family', 'animation', 'fantasy']",['US'],0.0,tt11193860,4.8,57.0,2.865,6.0,0.8225,0.7964
ts234501,Buddi,SHOW,buddis bounce spin glide giggle magical world learning new things sharing joy friendship,2020,TV-Y,10,"['family', 'fantasy', 'animation', 'comedy']",['US'],2.0,tt11829340,7.2,58.0,1.032,10.0,0.9062,0.0
ts32752,Two Fathers,SHOW,seven years ago two men notified women dated disappeared giving birth baby girl knowing father two bachelors decided raise baby together tang xiang xi smoothtalking lawyer wen zhen hua sensitive florist young tang wen di make nontraditional family unique living arrangement attracts attention girls pigheaded teacher reclusive next door neighbor,2013,TV-14,44,"['comedy', 'drama']",['TW'],1.0,tt6707142,8.0,59.0,1.762,7.0,0.4939,0.0
ts331654,Pedal Metal,SHOW,race drive ends fatally friends kike noche flee mexico city hide rebuild lives escape danger least try,2022,TV-MA,0,"['drama', 'action', 'thriller', 'crime']",['MX'],1.0,tt18568732,7.7,59.0,5.668,6.6,-0.6705,0.0
tm678035,Uncle Naji UAE,MOVIE,naji decides friends go holiday mountainous region face many funny strange comedy situations unexpected moment happened turned funny journey horror fear mystery,2019,PG-13,95,"['comedy', 'horror']",['AE'],0.0,tt10181594,5.0,60.0,1.272,10.0,0.6597,0.0
ts13411,Cocaine,SHOW,threepart documentary series investigating cocaine trafficking distribution usage state control,2005,TV-14,49,"['documentation', 'european']",['US'],1.0,tt0907286,7.1,61.0,0.6,7.0,0.0,0.0
tm33981,Bon Cop Bad Cop,MOVIE,body executive hockey benoit brisset found billboard border quebec ontario jurisdiction crime shared two police forces detectives david bouchard montreal martin ward toronto assigned work together totally different styles attitudes languages,2006,PG-13,116,"['comedy', 'crime', 'action', 'scifi', 'drama', 'thriller']",['CA'],0.0,tt0443521,6.5,61.0,7.956,6.4,-0.2732,-0.5423
tm33067,Race,MOVIE,ranvir rajiv half brothers huge stud farm south africa ranvir shrewd aggressive man rajiv laid back chronic alcoholic sophia ranvirs personal secretary adores loves ranvir unaware feelings shaina indian ramp model durban loves ranvir twist fate gets married younger brother rajiv discovers rajiv chronic alcoholic world shattered ranvir disturbed sacrificed love younger brother rajiv promised leave alcohol good marries shaina weak moment ranvir shaina come close rajiv starts suspecting hell breaks loose murder committed contract killing issued sharp tongued detective rd getting wise proceedings starts intriguing investigation brainless bimbo assistant mini,2008,PG-13,161,"['drama', 'action', 'thriller', 'crime', 'comedy']",['IN'],0.0,tt1017456,7.0,63.0,5.732,6.1,-0.4215,0.0
ts251072,The Underclass,SHOW,getting dropped elite program student gets tangled affairs high school gang trying find identity,2020,TV-MA,55,['drama'],['TH'],1.0,tt12665438,6.5,64.0,2.426,6.7,0.0,0.0
ts57705,The Paper,SHOW,last independent newsroom country taken construction magnate reasons nothing love respect journalism,2016,TV-MA,49,"['drama', 'crime', 'action']",['HR'],3.0,tt5868220,7.4,64.0,3.809,7.6,-0.7115,0.0
tm481620,The Rise Kirmada,MOVIE,kirmada gets powerful taking power shaitan plans vengeance tries put troubles bheem friends journey however manage reach things take turn evil troops arrive attack bheem friends,2012,G,68,['animation'],['IN'],0.0,tt6543070,8.2,67.0,2.328,8.0,-0.34,0.0
ts75833,Masha 's Spooky Stories,SHOW,masha explains theres need scared things like monsters dark going new school thunder common childhood fears,2014,TV-Y,5,"['animation', 'family']",['RU'],1.0,tt6979430,6.2,67.0,6.738,5.5,-0.4939,0.0
ts89740,The Defected,SHOW,thrilling story revolving around policeman becomes embroiled conspiracy plaguing highranking officials due incident almost cost life,2019,TV-14,42,"['drama', 'crime']",['HK'],1.0,tt10141612,7.4,70.0,6.024,9.0,-0.0772,-0.4019
tm1002869,Fate : The Winx Saga - The Afterparty,MOVIE,stars fiery hit discuss shows magic play trivia chow hot wings taylor tomlinson shares would use fairy powers,2021,PG-13,50,"['fantasy', 'reality', 'comedy']","['GB', 'IT']",0.0,tt14081914,6.2,72.0,6.557,8.9,0.296,0.0
tm321149,Fishtronaut : The Movie,MOVIE,fishtronaut marina zeek travel big city search grandpa find everyone else mysteriously vanished,2018,G,88,"['animation', 'action', 'family']",['BR'],0.0,tt7804254,7.5,73.0,6.934,8.0,0.0,0.0
ts289261,Transformers : BotBots,SHOW,lights go mall botbots come play meet funloving crew everyday objects morph robots closing time,2022,TV-Y,25,"['animation', 'action', 'comedy', 'family', 'fantasy', 'scifi']",['US'],1.0,tt14202476,6.9,73.0,7.226,6.0,0.34,0.0
ts82564,Jimmy : The True Story True Idiot,SHOW,1980s simpleminded fool named hideaki meets comedy legend sanma changes name jimmy becomes comedic superstar,2018,TV-MA,46,"['drama', 'comedy']",['JP'],1.0,tt6866914,6.8,78.0,1.342,5.0,0.3182,0.3182
ts105589,Rhyme Time Town,SHOW,two best friends find fun adventure living rhyme time town fantastical place filled beloved nursery rhyme characters,2020,TV-Y,21,"['animation', 'comedy', 'family']",['US'],2.0,tt9165434,7.6,78.0,3.171,8.2,0.9595,0.0
ts304690,Remember You,SHOW,genius detective teams colleague investigate case hits close home duo becomes entangled catandmouse game,2021,TV-MA,67,"['action', 'drama', 'crime', 'romance']",['TH'],1.0,tt15344082,7.5,78.0,3.202,7.0,0.0,0.0
tm571645,Sommore : The Reign Continues,MOVIE,selfproclaimed queen comedy sommore storms stage deliver riotous standup performance charlotte north carolina,2015,R,92,['comedy'],['US'],0.0,tt4172758,7.0,79.0,0.956,7.0,0.3612,0.0
ts268099,LEGO Marvel Avengers : Climate Conundrum,SHOW,environmental cleanup conference anything smooth start tony stark realizes fellow competitor rival justin hammer,2020,TV-Y7,39,"['animation', 'family', 'action']",['US'],1.0,tt13783758,6.5,80.0,4.271,4.3,0.0,0.4215
ts56221,Rainbow Ruby,SHOW,rainbow ruby story spunky resourceful little girl magically transports rainbow village whimsical land inhabited toys transforms different jobs help save day cgianimated preschool series takes childhood fantasy dolls come life mixes aspirational heroine proves anything want,2016,TV-Y,12,"['family', 'fantasy', 'animation', 'comedy']",['CN'],4.0,tt5828144,6.6,80.0,12.713,10.0,0.8807,0.0
ts285874,Magic Humans Spain,SHOW,spanish adaptation magic humans folks ages streets barcelona amazed tricks inspire delight wonder,2021,TV-MA,23,"['reality', 'comedy']",['ES'],1.0,tt14136320,6.0,81.0,1.119,4.2,0.8834,0.0
ts53017,Best Lover,SHOW,best couples background set modern day korean entertainment industry story two top stars entering fake marriage secret agendas efforts defend fake marriage public learn others pains weaknesses eventually end together male lead comes poor background hard work becomes top star finds emotionally involved first love fake wife admirer female lead comes chaebol family arrogant top star neglected parents due family feudconspiracy must act strong order survive even though weak times fake marriage two people find true love true selves,2016,TV-14,45,"['drama', 'romance']",['CN'],1.0,tt9874364,6.8,82.0,3.482,9.7,0.2023,0.8402
ts306510,Octonauts : Above & Beyond,SHOW,octonauts expand exploration beyond sea onto land new rides new friends theyll protect habitats animals risk,2021,TV-Y,25,"['animation', 'family']",['KR'],2.0,tt15211330,7.2,82.0,4.775,8.5,0.7783,0.0
ts192297,Morphle,SHOW,milas dad runs magic pet store city fantastical place find sorts cute quirky pets unique magic powers gifted mila magic pet morphle,2019,TV-Y,10,"['animation', 'family']","['NL', 'GB']",5.0,tt10087694,5.2,83.0,0.832,10.0,0.7184,0.0
ts314963,The Fastest,SHOW,unpredictable thrilling racing competition drivers middle east something prove battle track cash prize,2021,TV-PG,35,['reality'],[],1.0,tt15779034,5.6,83.0,1.6,6.0,0.5859,0.0
ts77654,Care Bears Cousins,SHOW,care bears cousins,2015,TV-Y,22,['animation'],['US'],2.0,tt4680360,6.8,83.0,3.153,9.2,0.4939,0.4939
ts356951,Hurts Like Hell,SHOW,illegal gambling matchfixing discover seedy underworld behind oncerevered sport muay thai drama inspired real events,2022,TV-MA,50,"['drama', 'sport']",['TH'],1.0,tt21062288,8.4,83.0,8.413,9.071,-0.1027,-0.7351
ts55365,The Haunted House,SHOW,help 102yearold goblin dwelling beneath haunted apartment building two siblings deal ghosts take spooky mysteries,2016,TV-PG,25,"['thriller', 'horror', 'animation', 'comedy', 'drama', 'family', 'fantasy']",['KR'],7.0,tt9518312,8.3,83.0,40.65,10.0,-0.0772,-0.4767
ts14520,Action Pack,SHOW,heroic kids action academy take bad guys hearts wits superpowers bring best,2022,TV-Y,28,"['family', 'action', 'animation', 'fantasy', 'scifi', 'comedy']",['US'],2.0,tt15527308,6.3,86.0,5.8,8.2,0.6486,0.0
ts313902,Your Life Joke,SHOW,comedian oliver polak gets know celebrities favorite spots roasting goodnatured standup sets,2021,TV-MA,37,"['comedy', 'documentation']",['DE'],1.0,tt15663868,5.4,87.0,0.76,3.0,0.6808,0.296
ts285471,The Wedding Coach,SHOW,former bride forever comedian jamie lee shares irreverent yet practical tips tricks wedding planning struggling lovebirds,2021,TV-MA,33,"['comedy', 'reality']",['US'],1.0,tt14210424,5.0,87.0,1.525,10.0,0.128,0.0
ts313646,"Mom , Do n't Do That !",SHOW,husbands death 60yearold mom decides find love joy annoyance two daughters based true story,2022,TV-MA,53,"['comedy', 'drama', 'romance']",['TW'],1.0,tt21081098,6.5,87.0,116.074,9.0,0.6808,0.0
ts315144,The Creature Cases,SHOW,follows sam snow kit casey two brilliant agents solve mysteries mix real zoological facts wild detective action,2022,TV-Y,29,"['animation', 'comedy', 'family', 'action']",['US'],1.0,tt15527326,8.5,88.0,21.913,7.0,0.6808,0.0
ts344043,Welcome Wedding Hell,SHOW,relatable romance drama couple 30s preparing marriage expecting happy ending like something fairy tale reality preparations proves somewhat different meeting families marriage preparations finding house soontobe married couple deal realistic topics,2022,TV-14,37,"['drama', 'romance']",['KR'],1.0,tt20192096,6.9,89.0,4.417,9.0,0.8689,-0.3818
ts82500,Treehouse Detectives,SHOW,animal friends need help brotherandsister team toby teri use clues follow facts solve mysteries backyard,2018,TV-Y7,24,['animation'],[],3.0,tt8591984,7.6,92.0,1.382,8.5,0.765,0.0
tm817542,Hikaru Utada Laughter Dark Tour 2018,MOVIE,celebrating twenty years since debut hikaru utada takes stage makuhari messe final performance laughter dark tour,2019,G,141,"['music', 'documentation', 'comedy']",['JP'],0.0,tt10556746,8.2,92.0,2.275,8.0,0.7845,0.4939
ts85250,Kulipari : Dream Walker,SHOW,blue sky king darel must lead rescue mission save dream walker leaving village protection kulipari youth,2018,TV-Y7,23,"['animation', 'action', 'fantasy']",['US'],1.0,tt9203064,7.6,92.0,3.908,9.0,0.8176,0.25
ts27875,Masha 's tales,SHOW,masha turns loves tell stories tells would child creativity little way children see world adults,2012,TV-Y,5,"['animation', 'family']",['RU'],2.0,tt3840498,6.4,92.0,5.32,7.5,0.743,0.0
ts349842,Rhythm + Flow France,SHOW,french rappers freestyle battle write way gamechanging 100000 euro prize music competition series judged niska shay sch,2022,TV-MA,42,"['reality', 'music']",['FR'],1.0,tt20192132,6.3,92.0,11.242,8.5,0.34,0.0
tm465864,Hajwala 2 : Mysterious Mission,MOVIE,sequel group expert drivers skilled drifting highspeed racing recruited perform obscure tasks shadowy gang,2018,PG-13,115,"['action', 'comedy']",['AE'],0.0,tt8531618,3.9,93.0,1.533,4.0,0.0,0.0
ts251061,Legend Exorcism,SHOW,twelve years tianbao kong hongjun handsome young man familiar world left yaojin palace taihang mountain three important tasks came changan full prosperity kong hongjun first entered datang exorcism division head supervisor actually long wujun general li jinglong dealt long ago accidentally broke chens heart lamp heart lamp entered li jinglongs body light shadow lamp bright red lights pingkangli exorcism sycamore summer sunshine vast sky sand flying snow peaceful singing artai mo rigen lu xu picked early morning leaves qiu yongsis flying strokes adaptation fei tian ye xiangs web novel name,2020,TV-14,20,"['scifi', 'action', 'fantasy', 'animation']",['CN'],2.0,tt14994658,7.7,93.0,16.041,9.5,0.886,0.0
ts21421,Pocoyo,SHOW,pocoyo spanish preschool animated television series created guillermo garca cars luis gallego david cantolla coproduction spanish producer zinkia entertainment cosgrovehall films granada international two series produced consisting 52 sevenminute episodes english actor comedian stephen fry narrates englishlanguage version jos mara del ro narrates castilian spanish version set 3d space plain white background usually backdrops pocoyo 3yearold boy interacting friends pato elly loula viewers encouraged recognise situations pocoyo things going around narrator usually speaks explicitly viewers characters well character distinctive dance also specific sound episodes end characters dancing many episodes also involve parties united kingdom originally broadcast citv childrens strand itv network september 2007 channel 5 acquired terrestrial rights united kingdom first second series making part milkshake strand show however continue air citv channel broadcasters english speaking countries include rt republic ireland nick jr us nationwide local station kcettv well klcstv channel 582 los angeles univision latam spanish treehouse tv canada abc australia tvnz new zealand,2005,TV-G,11,"['animation', 'family', 'comedy', 'european']","['GB', 'ES']",4.0,tt0487849,3.9,93.0,27.339,7.1,0.9702,0.0
ts191698,Little Baby Bum,SHOW,little baby bum fun educational show kids featuring classic new nursery rhymes friends family 6 year old mia experiences world around song sometimes bit magic,2011,TV-Y,7,"['family', 'music', 'animation']",['GB'],4.0,tt10051854,6.4,94.0,0.971,10.0,0.6041,0.0
ts329711,"Love , Life & Everything Between",SHOW,black humor panarabic anthology series love general relationships particular,2022,TV-14,27,"['comedy', 'drama', 'romance']","['MA', 'SA', 'TN', 'EG', 'LB']",1.0,tt18253682,5.6,94.0,3.344,6.0,0.743,0.6369
ts221174,Ricky Zoom,SHOW,hasbros entertainment one comes ricky zoom cgi preschool series red motorbike named ricky along bike buddies ricky races around sports track tries new stunts park zooms adventures,2019,TV-Y,12,"['animation', 'family']",['CN'],2.0,tt10932166,6.3,95.0,1.375,7.2,0.6369,0.0
tm441915,Elf Pets : Santa 's St. Bernards Save Christmas,MOVIE,happens entire town forgets true spirit christmas season santa delightful cast north pole characters help remember festive elf pets animated special santa discovers enough christmas spirit make christmas magical thankfully elf shelf scout elves santas special elf pets st bernard pups bighearted family join forces help others remember true meaning christmas ensure another successful holiday season santa,2018,G,26,"['animation', 'family', 'comedy', 'fantasy']",['US'],0.0,tt9233904,5.3,95.0,1.648,2.0,0.9888,0.4939
ts12444,The Fierce Wife,SHOW,fierce wife shrewd wife singapore 2010 taiwanese drama starring sonia sui wen sheng hao chris wang amanda zhu ttv sanlih etelevision copresentation directed xu fu jun filming started october 2010 first broadcast 5 november 2010 air ever since fierce wife produced sonia sui wen sheng hao acted two ttv productions year happiness love ps man fierce wife year happiness love ps man feature youth idol 9 june 2011 fierce wife described talked tv show taiwan entered japanese market renamed marriage guarantee happiness broadcast bs nittele chinese japanese subtitles every thursday 2300 high definition six times high taiwan whole tv series divided 34 episodes japan dvds chinese japanese went sale 20 june 2012 tv series big hit 2011 xiaosan little third woman story become popular euphemism thanks show also merchandise sold well taiwan abroad popular drama nominated number golden bell awards controversial parts story received heated discussion producer wang pei hua decided make feature movie set four years main female character xie zhen get divorced press conference announce film adaptation fierce wife final episode held 20 january 2012 film released 17 august 2012,2010,TV-MA,59,['drama'],['TW'],1.0,tt4304720,6.8,95.0,3.995,4.8,0.981,0.0
ts52950,Miss Kiss,SHOW,earthquake destroyed xiang qins house father moved family fathers college buddy uncle ah li surprise kind amicable aunt uncle parents cold distant schoolmate jiang zhi shu genius iq 200 long ago rejected endless crush close proximity give second chance win zhi shus heart love end cold words happens competition heart,2016,TV-14,27,"['comedy', 'drama']",['TW'],1.0,tt6954524,7.7,98.0,2.05,8.0,0.8126,0.296
ts83457,Cleo & Cuquin,SHOW,sister brother cleo cuquin carry different job roles help friends,2018,TV-Y,7,"['animation', 'family']",['ES'],2.0,tt7956374,8.1,98.0,2.076,8.3,0.7003,0.0
ts79585,Dinotrux : Supercharged,SHOW,amped powers make faster stronger agile ever dinotrux back face new challenges meet new friends,2017,TV-Y7,23,"['animation', 'action', 'comedy', 'family']",['US'],3.0,tt7620702,7.5,98.0,8.19,9.4,0.7184,0.0
ts82327,Три кота,SHOW,candy big brothers cookie pudding cute kittens live parents play adventures learning share chores go,2015,TV-Y,5,"['animation', 'scifi', 'comedy', 'family']",['RU'],3.0,tt7038964,7.0,101.0,0.662,8.0,0.8402,0.0
ts224261,Nailed It ! Germany,SHOW,home cooks try inevitably fail recreate spectacular confections comical competition show sweet 5000 euros,2020,TV-14,0,['reality'],['DE'],1.0,tt11460744,5.7,102.0,2.157,10.0,-0.128,0.0
ts53641,Lalaloopsy,SHOW,lalaloopsy gang adorable pets know every day perfect day celebrate magic friendship creativity collaboration,2013,TV-Y,23,['animation'],['US'],3.0,tt2827502,6.5,104.0,0.939,4.0,0.9442,0.0
ts82887,The Could've-Gone-All-the-Way Committee,SHOW,people bring stories missed lust connections objective panel experts judge whether could gone way,2018,TV-14,24,"['comedy', 'drama']",['JP'],1.0,tt8499662,6.8,104.0,1.875,6.5,-0.296,0.0
ts342479,Super PupZ,SHOW,four pups superpowers team help new friends furry alien comrade cuddly cosmic adventure,2022,TV-Y7,29,"['comedy', 'family', 'fantasy', 'scifi']",['CA'],1.0,tt18469966,6.6,104.0,2.232,10.0,0.7964,0.5994
ts269397,Bogdan Boner : Egzorcysta,SHOW,demon safe bogdan boner alcoholloving selftaught exorcistforhire returns inventive obscene deadly deeds,2020,TV-MA,12,"['animation', 'comedy']",['PL'],2.0,tt13624584,7.3,105.0,10.114,4.0,-0.2263,0.0
ts87043,Transformers : Rescue Bots Academy,SHOW,five students rescue bots training academy cybertronhot shot whirl medix hoist wedgelearn respond emergency situations become heroes,2018,TV-Y,12,"['animation', 'comedy', 'family', 'scifi', 'action']",[],2.0,tt9557812,6.2,108.0,2.572,10.0,0.6124,0.5106
ts77219,Part-Time Idol,SHOW,drama takes place fictional entertainment company producer produced many famous idols suddenly existential crisis disappears years later appears starts put together coed idol group story begins,2017,TV-14,40,"['drama', 'family', 'music', 'comedy']",['KR'],1.0,tt8835780,6.7,108.0,3.867,8.4,-0.5719,0.0
ts282214,Let 's Fight Ghost,SHOW,cohabitation comedy ghost high school girl dead 5 years exorcist college boy ability see hear ghosts hes discovered years touch fight hes need parttime job cant find one pays well enough starts putting ads online exorcist hire ad face ghosts chances winning virgin ghosts 80 bachelor ghosts 40 child ghosts 97 rest 50 one night goes job faces schoolgirl ghost fight accidentally kiss sparks fly,2021,TV-14,65,"['drama', 'thriller', 'action', 'fantasy', 'horror', 'romance']",['TH'],1.0,tt14168868,6.7,108.0,4.859,9.0,-0.3818,-0.5994
ts32460,Inborn Pair,SHOW,betrothed utero resort group president enters arranged marriage legal assistant despite bickering love blooms,2011,TV-14,43,['drama'],['TW'],1.0,tt6357282,7.1,108.0,4.989,1.0,-0.4344,0.0
ts235862,My Unfamiliar Family,SHOW,family must deal unresolved emotions misunderstandings deeply affect relationships mother wants graduate marriage daughter discovers husbands wellhidden secret family must learn rely communicate,2020,TV-14,73,['drama'],['KR'],1.0,tt12458252,7.8,109.0,15.464,8.0,0.0,0.0
ts89069,LEGO Friends : Girls Mission,SHOW,meet andrea mia emma olivia stephanie theyre five best friends theyre heroic mission save heartlake city wily swindlers,2018,TV-Y,11,['animation'],"['US', 'DK']",4.0,tt9327146,6.2,111.0,13.282,7.7,0.9169,0.4767
ts241246,The Smart Money Woman,SHOW,meet zuri shes living fabulous life great car gorgeous apartment well paid job meet zuri broken car apartment cant afford job shes lose whats broke girl best friends tami flighty fashion designer lara tough oil gas executive adesuwa conservative lawyer ladun fabulous housewife zuri grows little learns lot navigates way making better financial decisions building wealth show tackles debt spending consumerist culture african middle class fear misconceptions surrounding money lack love friendships cultural societal pressures roles play success episode comes smart money lesson help work way financial ladder,2020,TV-MA,48,['drama'],[],1.0,tt12428002,6.2,112.0,1.4,2.0,0.9839,0.4019
ts222512,Nailed It ! France,SHOW,fun funny competition show home bakers talented catastrophe struggle recreate dessert masterpieces win 5000 euro prize,2019,TV-14,34,['reality'],[],1.0,tt10990804,6.5,112.0,1.4,8.5,0.9246,0.0
ts251929,DeMarcus Family Rules,SHOW,rascal flatts bassist jay demarcus exbeauty queen allison demarcus write rules juggling family fun reality show,2020,TV-14,28,['reality'],['US'],1.0,tt12759420,6.4,112.0,1.532,5.5,0.5106,0.0
ts75164,VeggieTales City,SHOW,exciting trips big city ski slopes beyond veggie friends expand horizons learn valuable faithbased lessons,2017,TV-Y,23,"['comedy', 'family', 'animation', 'music']",['US'],3.0,tt6562134,5.5,113.0,2.839,7.6,0.8934,0.0
ts309731,Gormiti,SHOW,toby nick lucas jessica hidden kitchen house secret passage leads temple elements transported gorm,2018,TV-Y,11,"['comedy', 'action', 'animation', 'fantasy', 'thriller']","['ES', 'IT']",4.0,tt9077350,5.2,113.0,4.851,9.2,0.0,0.0
ts235689,J-Style Trip,SHOW,megastar jay chou joins alist friends globetrotting variety show packed music magic tricks,2020,TV-14,64,['reality'],"['TW', 'CN']",1.0,tt11942052,5.0,114.0,1.879,7.5,0.3818,0.0
ts44064,Drunken Love You,SHOW,love 2011 taiwanese drama starring joseph chang rainie yang kingone wang tiffany hsu alien huang tom price second installment fated love trilogy started filming january 2011 wrapped 30 april first broadcast taiwan freetoair taiwan television 17 april 2011 every sunday 2200 cable tv set metro 23 april 2011 every saturday 2100 love nominated 2011 four awards 46th golden bell awards including best leading actor television series joseph chang best directing television series mingchang chen best television series,2011,TV-14,46,"['comedy', 'drama', 'romance']",['TW'],1.0,tt2473936,6.5,114.0,3.195,8.0,0.9864,0.6369
tm928497,Valley Dead,MOVIE,theyre soldiers different sides war dead come back life side want one survives,2022,R,101,"['comedy', 'horror', 'war', 'fantasy', 'thriller', 'action']",['ES'],0.0,tt10127708,6.5,114.0,1668.296,6.303,-0.836,-0.6486
ts53513,Back 1989,SHOW,young successful young man always felt something missing life never knew father 26 che chen already successful assistant manager investment trust raised single mother chen mu never knew identity father void nagging freak accident sends che back 27 years past year born meets 22yearold zhen zhen ye che realizes nave trusting young woman mothers best friend che realizes anything year 1989 could alter mothers future anything alter course life,2016,TV-14,44,"['scifi', 'drama']",['TW'],1.0,tt6273088,8.0,115.0,0.688,8.4,0.9022,0.0
ts54112,Life Plan A B,SHOW,ru wei yan simple relationship every simple relationship many difficulties rich try hard enjoy life serious relationship try best achieve something life hoping one day become want become one day ru wei lucky chance life company wants send shanghai promotion higher pay two deeply love bear longdistance relationship uncertainties future still stand,2017,TV-PG,80,['drama'],['TW'],1.0,tt7034962,7.8,116.0,1.332,7.0,0.9565,0.0
ts95011,Move,SHOW,series called move episode brings us inside life canadian living mental illness found positive way selfmedicate discovery exercise human movement,2018,TV-MA,48,['documentation'],['US'],1.0,tt9165300,7.4,116.0,2.664,7.0,0.2263,0.0
ts113031,Droppin ' Cash : Los Angeles,SHOW,ball favorite artists athletes la drop crazy cash stuff dream,2018,TV-MA,23,['reality'],[],2.0,tt7983796,3.4,117.0,1.274,5.5,0.128,0.0
ts81485,Ponysitters Club,SHOW,young horse enthusiast teams best friends rescue rehabilitate animals familys beloved ranch,2018,TV-Y,23,['family'],['US'],2.0,tt7692572,5.6,117.0,1.96,8.5,0.9468,0.0
tm444564,Tattoo Revenge,MOVIE,suffering violent incident woman decides become vigilante defending every woman suffered physical psychological abuse,2018,R,150,"['comedy', 'romance', 'thriller']",['MX'],0.0,tt8276106,4.9,117.0,2.844,5.0,-0.9371,-0.5267
ts285470,Pet Stars,SHOW,follow talent management company pets q work biggest animal influencers social media reality series,2021,TV-PG,27,"['reality', 'family']",['US'],1.0,tt14318392,4.9,118.0,1.63,8.7,0.4215,0.0
tm157783,Gollu Aur Pappu,MOVIE,two innocent brothers assigned mission terrorist detonate bomb,2014,G,112,['comedy'],['IN'],0.0,tt4219300,3.8,119.0,1.556,4.7,-0.7579,0.0
ts218504,Hello Ninja,SHOW,wesley puts hands together bows reflection says words hello ninja surroundings instantly transform enchanting ninja world,2019,TV-Y,13,"['family', 'fantasy', 'animation', 'action', 'comedy']",['CA'],4.0,tt10687170,6.8,119.0,7.582,7.0,0.0,0.0
ts292662,Johnny Hallyday : Beyond Rock,SHOW,johnny hallyday words intimate docuseries explores life career frances rock icon archival film interviews,2022,TV-14,35,"['documentation', 'music']",['US'],1.0,tt14465966,7.1,120.0,0.736,7.0,0.0,0.0
ts76646,Blazing Transfer Students,SHOW,featuring boys johnnys west gang zany transfer students recruited mysterious mission ordained shadowy principal,2017,TV-MA,26,"['action', 'comedy']",['JP'],1.0,tt7931520,6.9,121.0,1.481,8.0,0.0,0.0
ts37200,Trotro,SHOW,trotro little donkey head full ideas knows exactly likes doesnt like hes positive engaging hero young children easily identify,2004,TV-G,3,"['animation', 'family', 'european']",['FR'],2.0,tt1074443,6.3,122.0,1.841,7.2,0.7324,0.0
ts45322,"Wait , My Youth",SHOW,story naivety young love pureness beauty friendship warmth family surrounding group friends su loves learning literary works adolescence meets best friends,2019,TV-PG,36,"['drama', 'romance']",['CN'],1.0,tt12071466,8.0,122.0,4.459,9.0,0.9818,0.0
ts188861,Battle Kitty,SHOW,futuristicmedieval world warriors must find defeat monsters battle island collecting coveted keys order become champion cut kitty orc two best friends mission help kitty become champion way cuteness friendship two embark journey championhood facing many obstacles naysayers discover surprise waiting ancient ruins,2022,TV-Y7,33,"['animation', 'fantasy', 'scifi', 'action', 'comedy', 'family']",['US'],1.0,tt10050740,6.3,123.0,1.639,8.0,0.9313,-0.3818
ts69208,"Love , Now",SHOW,love 72 episode taiwanese idol romance drama television series created developed settv stars annie chen george hu main leads bobby dou harry chang taiwanese band da mouth vivi lee supporting leads drama set debut settv ettv 31 october 2012 ended last episode 5 march 2013 72 episodes,2012,TV-Y,45,['drama'],['TW'],1.0,tt6273116,7.5,124.0,1.774,6.5,0.9136,0.6369
tm845607,Spirit Riding Free : Spirit Christmas,MOVIE,lucky friends venture town christmas eve attempt fulfill holiday plans distractions lead delays must figure get home time christmas middle serious snowstorm,2019,PG,45,"['animation', 'family', 'action', 'comedy', 'drama']",['US'],0.0,tt11313068,5.2,124.0,8.492,6.9,0.8481,0.6908
ts33349,Robocar Poli,SHOW,cartoon showing toddlers important life lessons teaching police fire rescue good people want help others cars transform show useful help others,2011,TV-Y,14,"['animation', 'comedy', 'family', 'fantasy']",['KR'],4.0,tt4763642,6.0,126.0,11.341,7.7,0.9217,0.0
ts81734,Chosen,SHOW,mysterious box arrives door doctor father forced participate twisted killing game risk losing everything,2018,TV-14,71,['action'],['CN'],2.0,tt7317178,5.2,127.0,1.566,6.5,-0.9022,0.0
ts221891,Legend Quest : Masters Myth,SHOW,mythical creatures come life leo teodora andrs alebrije supersecret monster hunters save day,2019,TV-Y7,25,"['animation', 'action']",['MX'],1.0,tt10228032,7.5,128.0,5.398,10.0,0.4939,0.0
ts234505,Fary : Hexagone,SHOW,french comedy phenom fary puts playful spin questions identity culture first half epic twopart standup special,2020,TV-MA,51,['comedy'],['FR'],1.0,tt11823028,6.2,129.0,1.41,7.0,0.7964,0.0
ts320407,The Future Diary,SHOW,reality series complete strangers meet receive diary holding script love story true romance follow,2021,TV-PG,34,"['reality', 'romance']",['JP'],2.0,tt15567380,6.8,129.0,2.677,8.5,0.891,0.0
ts81483,Simon,SHOW,simon adorable little rabbit exudes vitality childhood hes age little rabbits indeed little children starting come challenging relationships parents embarking upon school life learning world general dealing authority course language,2016,TV-Y,5,"['comedy', 'family', 'animation']",['FR'],2.0,tt7699866,7.0,129.0,3.507,9.5,0.73,0.0
tm1111717,L.O.L . Surprise : The Movie,MOVIE,dazzling doll sisters queen bee royal bee make first movie help fashionable friends oneofakind magical adventure,2021,G,47,"['animation', 'family', 'fantasy', 'scifi', 'western', 'action']",['US'],0.0,tt15576986,3.8,129.0,109.716,6.9,0.7964,0.2732
ts330289,Smother-In-Law,SHOW,living family since pandemic struck meddling isadir best disrupt lives bumbling son rival daughterinlaw,2022,TV-MA,25,['comedy'],['BR'],1.0,tt15353358,4.2,130.0,2.507,9.4,0.4939,0.0
ts329882,Secrets Summer,SHOW,remote argentine resort revives wakeboarding competition drawing mexican athlete steffi determined uncover family secret,2022,TV-Y,30,"['drama', 'family', 'music']",['ES'],1.0,tt12379170,5.9,131.0,5.03,8.4,0.6124,0.0
tm1044137,Headspace Unwind Mind,MOVIE,want relax meditate sleep deeply personalize experience according mood mindset headspace interactive special,2021,G,15,"['animation', 'documentation']",['US'],0.0,tt14684160,7.2,132.0,6.434,7.2,0.7096,0.0
ts233367,Sing On ! Spain,SHOW,six people compete 30000 euro reward singing popular songs,2020,TV-G,39,"['music', 'reality']",['ES'],1.0,tt11698668,6.1,133.0,1.795,8.5,0.7579,0.0
ts103574,Sakho & Mangane,SHOW,two cops different methods solving mysterious murder cases surrounded black magic,2019,TV-MA,51,"['action', 'comedy', 'crime']",['SN'],1.0,tt9391692,6.3,135.0,3.577,7.0,-0.5106,0.0
ts70843,The Prince Who Turns Frog,SHOW,prince turns frog 2005 taiwanese drama starring ming dow sam wang boyband 183 club joe chen joyce zhao girl group 7 flowers well members former two members latter signed jungiery entertainment produced sanlih etelevision directed chen ming zhang liu jun jie series first broadcast taiwan freetoair taiwan television 5 june 2005 16 october 2005 every sunday 2130 cable tv sanlih etelevision 11 june 2005 22 october 2005 every saturday 2100 episode seven broadcast 17 july 2005 achieved average rating 705 peaked 805 broke previous average record 643 held meteor garden highest peak single episode taiwanese drama broken episode 13 fated love peaked 813 2008,2005,TV-14,44,"['drama', 'comedy', 'romance']",['TW'],1.0,tt1454440,6.7,136.0,1.613,5.8,0.4939,0.0
ts331439,My Little Pony : Make Your Mark,SHOW,series center adventures sunny starscout friends events depicted film,2022,TV-Y,45,"['comedy', 'scifi', 'music', 'animation', 'drama', 'family', 'fantasy']",['US'],1.0,tt14134334,6.0,136.0,400.035,8.1,0.8074,0.0
ts81632,A House Blocks,SHOW,yijuan mentally ill sister kaiqi struggle happy face misfortune criminal intrigue marital strife exorcism ghost,2017,TV-MA,85,"['drama', 'horror']",['TW'],1.0,tt7053684,2.3,137.0,1.772,8.3,-0.7269,-0.2263
tm975741,Octonauts : The Ring Fire,MOVIE,films adventure volcano erupts suddenly suddenly awakening pacific ocean floor hundreds volcanoes composed ring fire sudden event quickly turned global catastrophe volcanic clusters erupt en masse threaten horned whales washed ashore tsunami cap penguins living volcanic islands equipment small column maintenance station food planted plant fish marine farms mention plants animals live crater year year,2021,G,72,['animation'],"['CN', 'GB']",0.0,tt13779166,6.4,137.0,5.576,6.8,-0.7964,-0.34
ts86302,Check The Store Next Door,SHOW,former shop owner grows bored retirement buys fish pond manages new hijinks life staff quirky employees,2018,TV-14,30,"['comedy', 'drama']",['ID'],2.0,tt9545904,7.7,138.0,2.671,6.2,-0.2732,0.0
ts349921,That ’ My Time David Letterman,SHOW,david letterman invites hottest upandcoming standup stars perform set sit chat,2022,TV-MA,18,['comedy'],['US'],1.0,tt20560428,6.7,140.0,1.868,7.0,0.0,0.0
ts310628,MaveriX,SHOW,six young motocross riders come together form team make national titles crash trying biggest win might friends make life,2022,TV-G,23,"['drama', 'family', 'sport', 'action']",['AU'],1.0,tt15373864,5.8,140.0,9.568,8.0,0.6369,0.0
ts275111,Rainbow High,SHOW,7 girls rainbow high must face challenges learn flaunt true colors,2020,TV-Y,6,"['comedy', 'family', 'animation']",['US'],3.0,tt13488080,5.8,141.0,2.632,9.8,0.4767,0.0
ts101042,The 43,SHOW,docuseries disputes mexican governments account 43 students ayotzinapa rural teachers college vanished iguala 2014,2019,TV-MA,66,"['documentation', 'war']",['MX'],1.0,tt9789272,7.1,143.0,2.828,6.9,-0.2732,0.0
ts84555,The Unknown Hitman : The Story El Cholo Adrián,SHOW,based real events fictional story mexican drug lord el chatos number one hitman el cholo,2017,TV-MA,50,"['action', 'crime']",['MX'],2.0,tt6524440,6.6,145.0,4.376,10.0,0.0772,0.0
ts80671,We Speak Dance,SHOW,trained dancer vandana hart travels world learn traditional urban dance styles local experts know best,2018,TV-MA,22,['documentation'],['US'],1.0,tt7737500,7.4,148.0,0.992,8.3,0.6369,0.0
ts93947,Wrong Kind Black,SHOW,crocs cops 1960s queensland bloodsplattered disco floors 1970s melbourne comes hilarious heartbreaking story afro bearing flare wearing dj monty pryor brother paul,2018,TV-MA,16,"['drama', 'comedy']",['AU'],1.0,tt8660874,7.6,149.0,0.673,7.5,-0.0772,0.0772
tm361161,DreamWorks Home : For Holidays,MOVIE,oh takes upon introduce christmas joy fellow boovs unfortunately wellmeaning mission nearly destroys city,2017,PG-13,45,"['scifi', 'fantasy', 'animation', 'comedy', 'family']",['GB'],0.0,tt7713204,4.8,149.0,5.629,5.2,-0.296,0.3818
tm375836,Adel Karam : Live Beirut,MOVIE,part sheep tastiest whats funny funerals lebanese comic answers burning questions,2018,R,59,['comedy'],['LB'],0.0,tt8081748,5.3,150.0,0.84,7.0,0.0772,0.0
ts304468,Thirty-Nine,SHOW,leaning thick thin trio best friends stand together experience life love loss brink turning 40,2022,TV-MA,73,"['drama', 'romance']",['KR'],1.0,tt15309342,7.9,150.0,6.647,9.4,0.8807,0.0
ts274575,How Be A Cowboy,SHOW,dale brisby uses social media savvy rodeo skills keep cowboy traditions alive hes teaching world cowboy right ol son,2021,TV-PG,25,['reality'],['US'],1.0,tt13438900,6.9,151.0,0.856,10.0,0.3818,0.0
ts32561,Office Girls,SHOW,office girls 2011 taiwanese drama starring roy chiu alice ko james wen tiakeiko patrick lee started filming july 2011 first broadcast taiwan freetoair taiwan television every sunday 2200 21 august 2011 cable tv set metro every saturday 2200 28 august 2011,2011,TV-14,46,"['comedy', 'drama', 'romance']",['TW'],1.0,tt4381290,6.8,153.0,9.047,7.3,0.0,0.0
ts89336,Charlie 's Colorforms City,SHOW,charlie creates fun stories using different shapes needs help take adventures outer space wild west right home,2019,TV-Y,23,"['animation', 'family']",['US'],4.0,tt8115672,6.7,154.0,3.312,8.5,0.8591,0.0
ts37864,The Glamorous Imperial Concubine,SHOW,fuya princess chu state 10thcentury imperial china five dynasties ten kingdoms period time warring kingdoms political upheaval fuyas uncle usurps throne brutally kills father fuya left orphan escapes help eunuch also falls love meng qiyou prince later shu instead uses political tool brings back kingdom many brothers attracted meng qixing meng qiyun due resemblance meng qiyuns mother emperor also falls love fuya forced marry emperor procession interrupted liu liancheng,2011,TV-PG,47,"['drama', 'history', 'romance']",['CN'],1.0,tt2272555,6.8,156.0,3.417,7.0,-0.0516,0.5106
ts257315,Karma 's World,SHOW,lyrically gifted middle schooler karma juggles rap dreams rhyme schemes using talent ambition heart solve problem,2021,TV-Y,12,"['animation', 'comedy', 'family']",['US'],3.0,tt13321232,5.8,156.0,11.039,7.0,0.5574,0.0
ts56589,Tayo Little Bus,SHOW,tayo little bus south korean computergenerated animated television series created educational broadcasting system iconix entertainment seoul hot animation owned hit entertainment koreandubbed series began airing ebs 2010 englishdubbed series aired disney junior 2012 latter also scheduled air disney channel cartoonito 2013 narrator uk series michael angelis also narrates uk series thomas friends,2010,TV-Y,11,"['animation', 'comedy', 'family']",['KR'],6.0,tt3270208,5.3,158.0,4.871,6.3,0.8658,0.0
ts90994,Chip Potato,SHOW,lovable pug chip starts kindergarten makes new friends tries new things little help potato secret mouse pal,2018,TV-Y,17,['animation'],['US'],3.0,tt9897038,6.3,158.0,8.971,9.8,0.8593,0.0
tm239078,Jada,MOVIE,jada 7 years old jada lives alone venice beach following day life story man come looking unfolds,2016,PG-13,16,"['drama', 'sport']",['US'],0.0,tt9769714,5.4,159.0,0.886,4.0,-0.25,0.0
ts345976,The Boss Baby : Back Crib,SHOW,framed corporate crime adult ted templeton turns back boss baby live undercover brother tim posing one kids,2022,TV-Y7,24,"['animation', 'comedy', 'family', 'fantasy']",['US'],1.0,tt19361940,6.2,159.0,116.587,7.563,-0.5423,0.0
ts87591,Justice : Qalb Al Adala,SHOW,show follows ambitious young arab female lawyer got law degree us instead joining fathers law firm back home uae decides go defense attorney pushing legal cultural envelope process,2017,TV-14,42,"['drama', 'crime']",['US'],1.0,tt3328398,5.4,160.0,0.6,7.2,0.6249,0.5267
tm977997,Captain Underpants : Mega Blissmas,MOVIE,christmas gets weird really weird george harold go back time change beloved holidays traditions,2020,G,46,"['animation', 'comedy', 'family']",['US'],0.0,tt13411948,5.2,160.0,18.41,5.8,0.5423,0.0
ts270616,We Are : The Brooklyn Saints,SHOW,brooklyn youth football program selfless coaches provide safe kids compete learn lessons take far life,2021,TV-14,47,"['documentation', 'sport']",['US'],1.0,tt13656220,6.5,162.0,2.523,10.0,0.4404,0.0
ts252695,Bookmarks : Celebrating Black Voices,SHOW,celebrity readers share childrens books black authors spark kidfriendly conversations empathy equality selflove antiracism,2020,TV-G,7,['family'],['US'],1.0,tt12923664,5.0,163.0,3.313,8.0,0.4767,0.5719
tm340927,Motu Patlu : King Of Kings,MOVIE,motu patlu homegrown laurel hardy animation avatar befriend circus lion guddu attempt save jungle greedy poacher,2016,G,109,"['animation', 'action', 'comedy']",['IN'],0.0,tt6278732,6.5,165.0,2.208,9.0,0.5574,0.0
ts345200,Borgen - Power & Glory,SHOW,birgitte nyborg staff media tasked covering time role minister foreign affairs,2022,TV-MA,57,"['drama', 'war']",['DK'],1.0,tt18751672,8.2,165.0,4.726,8.4,0.0,0.5423
ts354073,The Future Of,SHOW,help industry experts innovative docuseries examines new emerging technological trends imagine revolutionary possibilities,2022,TV-14,20,['documentation'],['US'],1.0,tt19895946,4.7,165.0,6.998,6.6,0.6808,0.0
ts84644,Westside,SHOW,nine struggling musicians share spotlight deeply personal reality series challenges thrills staging hollywood showcase,2018,TV-MA,50,['reality'],['US'],1.0,tt8693758,6.1,166.0,0.6,4.0,0.296,0.0
tm1152323,Ms. Pat : Y'all Wan na Hear Something Crazy ?,MOVIE,ms pat finds laughter absurdities parenting pet lovers unfortunate lip trends unpacks painful past humor honesty,2022,R,54,['comedy'],['US'],0.0,tt15338656,5.9,166.0,2.646,7.0,0.7184,-0.34
ts42011,Cheer Squad,SHOW,great white sharks sisterhood first loves new jobs bad breakups everything also elite athletes idolized thousands members best allstar cheerleading team world cheer squad follows twotime world cheerleading champions long road defending title try balance life mat allconsuming battle stay top,2016,TV-PG,42,['reality'],['CA'],1.0,tt5993744,7.2,167.0,1.168,7.9,0.9571,0.5106
ts75357,LEGO Elves : Secrets Elvendale,SHOW,armed powerful amulet teenage guardian tasked protecting little sister elvendale based popular web series,2017,TV-Y7,24,"['scifi', 'animation', 'fantasy']",['US'],1.0,tt7322926,6.8,167.0,5.23,7.8,0.6808,0.0
ts87599,Somewhere Only We Know,SHOW,phd candidate physics mu cheng catches thirdyear student english xue tong cheating exam even becomes substitute teacher elective course russian makes study classes hatred grows time however xue tong discovers teacher mus true character comes secretly love,2019,TV-MA,58,"['drama', 'romance']",['CN'],1.0,tt10472296,7.2,167.0,6.808,9.0,-0.2023,0.0
tm166810,Michael,MOVIE,accidentally shooting 12yearold boy dedicated cop removed position forced take work local cinema beginning lose eyesight struggles provide son,2011,PG-13,97,"['drama', 'thriller']",['IN'],0.0,tt1754202,5.3,168.0,0.823,5.5,-0.765,0.0
ts243780,Sharkdog,SHOW,10 year old max best friend sharkdog half shark half dog appetite blissfully unaware strength stealth general sharkiness sharkdog often leaves trail chaos wake,2021,TV-Y,23,"['animation', 'comedy', 'family']","['SG', 'US']",2.0,tt12211696,5.8,168.0,36.732,9.3,0.7003,0.0
ts127430,StoryBots Super Songs,SHOW,based awardwinning educational apps storybots super songs centers storybots curious little creatures live world beneath screens help answer humans biggest questions,2016,TV-Y,21,"['animation', 'family']",['US'],1.0,tt6163070,8.7,170.0,0.6,9.0,0.836,0.5994
ts256134,Country Ever After,SHOW,country artist coffey anderson wife hiphop dancer criscilla juggle family life career goals tests faith reality series,2020,TV-PG,24,"['reality', 'music']",['US'],1.0,tt12987872,6.4,170.0,1.11,9.7,0.4215,0.0
tm1201457,Civil : Ben Crump,MOVIE,intimate vrit look following life maverick civil rights attorney ben crump challenges america come terms owes clientsincluding families george floyd breonna taylor directed produced awardwinning filmmaker nadia hallgren becoming maria show produced kenya barris roger ross williams lauren cioffi,2022,PG-13,101,['documentation'],[],0.0,tt19859458,5.4,170.0,23.162,10.0,0.0772,0.0
ts81856,Borges,SHOW,four employees import company discover cheated former boss proposed society bankrupt company quartet solve processes debts company money clear accounts decide create video channel internet,2018,TV-MA,0,['comedy'],['BR'],2.0,tt7895652,6.2,172.0,1.415,7.8,-0.34,0.0
tm184224,Sinbad : Afros Bellbottoms,MOVIE,sinbad brings 70s back nostalgic standup special dedicated films fashion flashbacks era,1993,PG-13,60,"['comedy', 'documentation']",['US'],0.0,tt0938331,7.8,172.0,3.793,5.5,0.6908,0.0
tm1101878,Honey Girls,MOVIE,mega pop star fancy g hosts contest find next big solo artist young contestants realize better together secretly form band called honey girls become huge hit cloaked mystery,2021,PG,90,"['family', 'music', 'comedy']",['US'],0.0,tt11847606,4.7,173.0,4.527,5.1,0.6369,0.0
ts90413,Gigantosaurus,SHOW,four curious young dinosaur friends explore mystery gigantosaurus largest fiercest dinosaur facing individual fears working together solve problems many adventures,2019,TV-G,13,['animation'],"['FR', 'US']",3.0,tt9636800,6.4,173.0,10.686,7.0,0.4767,0.0
ts187386,My Perfect Landing,SHOW,perfect landing follows family gymnasts struggles dealing lifechanging move miami toronto canada,2020,TV-G,25,['family'],['CA'],1.0,tt10268080,6.4,175.0,5.31,9.2,0.296,0.5719
ts253288,Felipe Esparza : Bad Decisions,SHOW,two live performances one english one spanish matter language felipe esparza muy muy,2020,TV-MA,63,['comedy'],['US'],1.0,tt12875768,5.3,176.0,1.061,10.0,0.0258,-0.5423
ts222606,Black Dog,SHOW,ko haneul dreamed becoming teacher due teacher helped young ko haneul begins work temporary teacher private high school working interacts many people including teachers park sungsoon yeonwoo dedicated teaching jobs meanwhile ko haneul faces different problems school works problems ko haneul grows person teacher,2019,TV-14,80,"['drama', 'action']",['KR'],1.0,tt11377920,7.6,176.0,5.171,9.1,-0.34,0.0
ts75829,Lego Bionicle : The Journey One,SHOW,six legendary heroes find epic quest harness power natures elements defeat forces evil,2016,TV-Y7,20,"['action', 'fantasy', 'scifi', 'animation']",['US'],2.0,tt5075942,5.4,177.0,7.108,7.3,-0.6249,0.0
ts214462,The Queen Conqueror,SHOW,story catalina indigenous woman gave away soul heart life conqueror queen conqueror rebuilds one first love stories took place america indigenous woman spaniard establishing city cartagena pedro de heredia motivated need save brother betrays catalina heartbroken escapes come back 18 years later grown woman soul mission revenge end pedro de heredias life way making fall ended,2020,TV-14,46,"['drama', 'history']",['CO'],1.0,tt10348700,6.5,178.0,3.778,10.0,-0.0772,0.0
tm1185568,Broken Idol : The Undoing Diomedes Díaz,MOVIE,documentary chronicles diomedes dazs rise one colombias iconic singers downfall accused killing fan,2022,R,102,"['documentation', 'crime']",['CO'],0.0,tt18750180,6.3,178.0,36.234,7.333,-0.6486,-0.4767
ts356887,How To Build Sex Room,SHOW,couples looking spice bedroom hire luxury interior designer melanie rose create stylish spaces carry fantasy wish,2022,TV-MA,42,['reality'],['US'],1.0,tt21030224,5.3,181.0,8.976,8.1,0.5859,0.0
ts86945,Abby Hatcher,SHOW,abby hatcher part girl part superhero living world full fuzzlies fuzzly friend needs help abby takes action going mission make things right,2018,TV-Y,17,"['animation', 'family', 'fantasy', 'comedy']",['US'],3.0,tt9433014,5.4,182.0,4.569,4.0,0.7096,0.0
tm933639,Wish Upon Unicorn,MOVIE,two children discover mother gone youngest pair adventurer upcomming singer long johnson forces older sister lily johnson hunt unicorn magical blood,2020,PG,93,"['fantasy', 'family']",['US'],0.0,tt10798660,5.3,183.0,22.103,7.1,0.296,0.4019
ts268997,Futmalls.com,SHOW,strange occurrences afflict group people purchase items shopping website future,2020,TV-14,40,"['scifi', 'thriller']",['TW'],1.0,tt13652552,6.5,186.0,1.965,8.5,-0.2023,0.0
ts236850,Children Adam,SHOW,scandals conflicts society figures different backgrounds revealing exciting events linking ghassan judge rima saad maya,2020,TV-14,40,"['drama', 'action']",['LB'],1.0,tt12434912,7.7,186.0,3.843,8.5,-0.3818,0.0
ts343426,Senzo : Murder Soccer Star,SHOW,soccer player senzo meyiwa national hero killing shocked south africa docuseries dives evidence,2022,TV-MA,42,"['crime', 'sport', 'documentation']","['ZA', 'US']",1.0,tt18954258,5.2,187.0,2.052,10.0,-0.4767,-0.6908
ts297058,The Snitch Cartel : Origins,SHOW,cali 60s 70s two brothers juggle family romance joint pursuit burning ambition rule colombias drug industry,2021,TV-MA,47,"['crime', 'drama']",['CO'],1.0,tt14417802,5.6,189.0,243.02,7.8,0.5574,0.0
ts237556,The Unremarkable Juanquini,SHOW,inept magician pulls trick life accidentally disappearing wanted criminal police raid hes going pay,2020,TV-MA,29,['comedy'],['CO'],2.0,tt12189308,4.3,191.0,7.945,7.0,-0.7506,0.0
ts271726,Go Dog Go,SHOW,handy inventive pup tag chases adventure best pal scooch solving problems helping citizens pawston along way,2021,TV-Y,24,"['animation', 'family']",['US'],2.0,tt10687202,7.0,191.0,8.592,8.8,0.8126,0.0
tm411528,Enissa Amani : Ehrenwort,MOVIE,live hamburg iraniangerman comedian enissa amani shares take german engineering tax deductions online fanmail etiquette,2018,PG,65,"['comedy', 'european']",['US'],0.0,tt8328418,5.5,194.0,1.143,5.6,0.5859,0.0
ts271247,LEGO City Adventures,SHOW,welcome lego city modern metropolis filled fiercest firefighters cream crop cops many blockheads every citizen assemble together awesomely awesome adventures,2019,TV-Y7,13,"['animation', 'action', 'comedy', 'family']",['US'],4.0,tt10332322,6.7,194.0,7.24,7.4,0.8591,0.34
ts74929,H20 : Mermaid Adventures,SHOW,lives teenagers emma cleo rikki forever changed magical forbidden island gives power turn mermaids,2015,TV-Y,24,"['animation', 'family', 'comedy', 'drama', 'fantasy', 'romance', 'european']",['FR'],2.0,tt4610750,5.7,194.0,8.908,8.8,-0.4215,0.34
ts95569,Rainbow Rangers,SHOW,inspired colors rainbow seven magical girls kaleidoscopia guardians nature earth,2018,TV-Y,22,"['animation', 'family', 'fantasy']",['US'],2.0,tt7967882,4.4,195.0,1.499,10.0,0.4939,0.0
ts218367,Secreto bien guardado,SHOW,summer 1940 amalia young highclass jew discovers love marthin muller nazi officer,2019,TV-MA,30,"['drama', 'romance']",['AR'],1.0,tt10702412,5.0,195.0,2.832,10.0,0.6369,0.0
ts316882,Reasonable Doubt : A Tale Two Kidnappings,SHOW,fender bender turned kidnapping case leads documentalist roberto hernndez expose truth behind mexicos flawed justice system,2021,TV-MA,47,"['crime', 'documentation']",['MX'],1.0,tt15796900,7.6,195.0,3.497,7.0,0.6249,-0.3612
ts21876,My Sunshine,SHOW,studying university zhao mosheng fell love first sight law student yichen various incidents mosheng stalked yichen campus moshengs cheerful personality charmed yichen gradually became college sweethearts yichens foster sister yimei challenged mosheng yichens attention mosheng turned directly yichen clarification expect receive cold response mistaking yichen yimei couple mosheng followed fathers arrangements moved united states continue studies seven years later mosheng professional photographer returns china coincidentally bumps unforgettable yichen,2015,TV-PG,45,"['drama', 'romance']",['CN'],1.0,tt6131630,6.5,195.0,6.79,6.5,0.9413,0.4939
ts76743,Dokidoki ! PreCure,SHOW,thanks sharuru fairy trump kingdom power mysterious accessories called cure lovies mana transforms cure heart mana close friend rikka highclass childhood friend alice enigmatic cool super idol singer makoto become legendary saviors together purify jikochu forgotten love,2013,TV-G,23,"['animation', 'action', 'comedy', 'drama', 'fantasy', 'family']",['JP'],2.0,tt4621212,6.2,195.0,9.028,8.0,0.9571,0.0
ts36741,Fartsa,SHOW,epic saga takes place long time span 1961 1991 midpoint story view friendship four boys season main heroes 20s childhood friends sake friendship ready sacrifice anything everyone dreams circumstances take difficult path forced kinds underground economic dealings early 60s worst successful business successful get real dreams,2015,TV-14,60,"['drama', 'crime']",['RU'],1.0,tt4567218,6.7,197.0,2.722,7.2,0.9524,0.0
tm7951,Tim Allen : Rewires America,MOVIE,arguably tim allens best standup show ever show truly solidified tim allens unique slant masculinity becoming backbone tv show home improvement,1991,PG,30,"['comedy', 'documentation']",['US'],0.0,tt0294967,6.0,198.0,2.297,7.0,0.8442,0.0
ts21223,Pokémon,SHOW,join ash accompanied partner pikachu travels many regions meets new friends faces new challenges quest become pokmon master,1997,TV-Y7,22,"['action', 'scifi', 'animation', 'comedy', 'fantasy', 'family']",['JP'],25.0,tt14053732,7.4,198.0,115.356,7.633,0.6808,0.0
tm1033635,Sisters Track,MOVIE,three track star sisters face obstacles life competition pursue junior olympic dreams extraordinary coming age journey,2021,PG,96,"['documentation', 'sport']",['US'],0.0,tt9337574,5.8,199.0,7.433,7.1,0.0258,0.0
ts331681,Trivia Quest,SHOW,history art science pop culture quiz across varying levels difficulty interactive trivia series,2022,TV-G,9,"['family', 'fantasy', 'animation']",['US'],1.0,tt18393972,5.7,202.0,3.207,5.7,-0.34,0.0
tm476496,Bhai - Vyakti Ki Valli 2,MOVIE,second part pl deshpande biopic starts first one left essays achievements writer,2019,R,130,"['drama', 'comedy']",['IN'],0.0,tt9680076,7.6,203.0,1.015,8.0,0.0,0.0
tm992712,From Stress Happiness,MOVIE,alejandro ordinary man year 2018 unique opportunity travel close way along buddhist monk lived 50 years himalayas accompanied recognized masters tibetan buddhism,2020,PG-13,60,['documentation'],[],0.0,tt13079086,6.3,208.0,2.581,6.0,0.4215,0.2023
tm413266,Pup Star : World Tour,MOVIE,pup star back allnew movie takes popular singing dogs trip around world tiny friends find fantastic new songs meet exciting new canine singers prove music really universal language,2018,G,87,"['music', 'comedy', 'family']","['JP', 'US', 'CA']",0.0,tt7322864,3.8,208.0,4.533,5.7,0.9136,0.0
ts328317,Alessandro Cattelan : One Simple Question,SHOW,alessandro cattelan searches happiness interviews unique experiences celebrity guests like paolo sorrentino roberto baggio,2022,TV-MA,30,"['comedy', 'reality']",['IT'],1.0,tt15326678,6.5,209.0,1.302,6.7,0.7269,0.0
ts84372,YG Future Strategy Office,SHOW,kpop star seungri bigbang youngest member tries lead team blumbing staff ygs future strategy office mockumentary sitcom,2018,TV-MA,26,['comedy'],['KR'],1.0,tt8129694,6.7,209.0,2.519,7.1,0.0,0.0
tm187118,What Fish,MOVIE,sudha mishra 67 years old divorced woman leaves responsibility taking care house sumit nieces fianc important instruction given sumit feed fish water plants acceptance family dependent instruction returns month later vasant kunj house everything seems order till opens bedroom door woman wearing white wailing loudly,2013,PG-13,98,"['drama', 'comedy']",['IN'],0.0,tt3357416,5.2,211.0,1.349,5.5,0.7906,0.0
ts75887,Paul Hollywood 's Big Continental Road Trip,SHOW,paul hollywood actor baker liverpool tries find popular cars three big european countries express nations identities connections cultures,2017,TV-14,59,"['documentation', 'european']",['GB'],1.0,tt7936386,7.4,211.0,2.926,6.0,0.4215,0.0
ts34414,Nuevo Rico Nuevo Pobre,SHOW,nuevo rico nuevo pobre colombian telenovela produced broadcast caracol tv starring martn karpan john alex toro maria cecilia botero carolina acevedo hugo gmez former miss colombia andrea noceti andrs toro show started july 16 2007 caracol tv also broadcast ecuadors teleamazonas primetime caracol tv sold rights show telemundo fox may 2008 one highest rated tv shows colombia,2007,TV-MA,44,['comedy'],['CO'],1.0,tt1233451,7.1,211.0,13.94,7.8,-0.1531,0.0
tm446104,Fantastica,MOVIE,belat mother fec adopted siblings daks pepe junjun face possibility evicted land struggle save carnival hoping prevent carnival closing turn prince man belats past help promises give hand first help look lost princesses rapunselya maulan ariella save magical land fantastica,2018,G,114,"['comedy', 'fantasy']",['PH'],0.0,tt9270416,3.6,212.0,1.882,6.1,0.9423,0.0
ts113109,Numberblocks,SHOW,learning numbers count colourful personified blocks quirks,2017,TV-Y,5,['animation'],['GB'],5.0,tt7978538,8.6,212.0,10.667,9.5,-0.2263,0.0
ts224906,Find Yourself,SHOW,determined entrepreneur navigates love triangle young charmer older executive leading unconventional path love,2020,TV-14,45,"['drama', 'romance']",['CN'],1.0,tt11569628,7.7,212.0,14.895,7.7,0.9287,0.0
ts236091,Oh My Baby,SHOW,39yearold single woman wants child without getting married three men radar trouble choosing walk life shes already hopeless love marriage,2020,TV-14,68,"['comedy', 'family', 'drama', 'romance']",['KR'],1.0,tt12324660,7.2,213.0,4.131,7.0,-0.128,0.0
ts308053,Jailbirds New Orleans,SHOW,feuds flirtations toilet talk go among incarcerated women orleans justice center new orleans gritty reality series,2021,TV-MA,41,"['documentation', 'reality']",['US'],1.0,tt15320436,6.6,214.0,1.96,7.0,0.2263,0.0
ts53543,The Miracle,SHOW,could twin sisters polar opposites kwon shi ah beautiful sister gorgeous every way member popular girl group known miracle girls since preschool shia worked model teen actress becoming idol fraternal twin sister shi yeon almost double body size shi ah always ridiculed bullied school large frame shi yeon become recluse prefers staying home producing internet broadcast within safety room time shi yeon ventures visit mysterious tarot card reader gives shi yeon magical tarot card every day twin sisters lives turned upside wake one day realize souls switched bodies idol musician shi yeons high school crush think women thought knew,2016,TV-14,18,"['drama', 'comedy', 'fantasy', 'music']",['KR'],1.0,tt6703344,6.3,214.0,11.974,8.0,0.8779,0.5859
tm982018,A Trash Truck Christmas,MOVIE,santa crashlands junkyard christmas eve hank trash truck animal friends hand rescuing holiday everyone,2020,G,28,"['action', 'family', 'animation', 'comedy']",['US'],0.0,tt13458584,5.5,214.0,17.611,6.5,0.8402,0.0
ts314962,Stories Generation - Pope Francis,SHOW,stories generation narrates values life love pain work dreams 18 generational stories enriched participation pope francis martin scorsese,2021,TV-14,46,['documentation'],['IT'],1.0,tt13784364,7.4,216.0,1.71,7.5,0.743,0.0
ts288832,I Heart Arlo,SHOW,arlo newfound crew set shop abandoned seaside neighborhood help bring back life,2021,TV-Y7,15,"['animation', 'comedy', 'family']",['US'],1.0,tt13573450,6.9,216.0,3.874,8.2,-0.0772,0.0
ts191285,The Prince Tennis,SHOW,tennis whiz beats odds excel court juggling school inspiring teammates based hit manga series takeshi konomi,2019,TV-PG,45,"['drama', 'sport']",['CN'],1.0,tt10097916,7.6,216.0,3.97,9.2,0.7003,0.0
ts252015,GAME ON : A Comedy Crossover Event,SHOW,worlds collide special event featuring familiar faces surprise cameos stories spirited competition four different comedy series,2020,TV-G,30,"['comedy', 'family']",['US'],2.0,tt12800428,5.5,219.0,3.255,7.7,0.8074,0.3612
ts80692,REA ( L ) OVE,SHOW,group men women burdened dark secret look love dating show twist hosted reformed playboy atsushi tamura,2018,TV-MA,42,['reality'],['JP'],1.0,tt8477194,6.5,220.0,1.091,6.2,0.3612,0.0
ts214192,El Final del Paraíso,SHOW,catalina santanas new mission force face demons threaten destroy family,2019,TV-MA,50,"['drama', 'action']",['MX'],1.0,tt10367818,5.1,221.0,105.774,4.0,-0.7269,0.0
ts80859,Here Heart,SHOW,work mind wen nuan decides quit highpaying job england work executive assistant founder hightech company china zhan nan xian started company classmates used financial savvy weather economic downturn keep company successful turns wen nuan nan xian relationship past wen nuan make indispensable nan xian work life,2018,TV-14,45,"['drama', 'romance']",['CN'],1.0,tt8791742,7.5,225.0,3.082,8.2,0.5859,0.0
ts221472,Valentino,SHOW,nour abdel mejid aka valentino owns number international schools valentino schools run domineering wife hes agreement disagreements however get several adventures reveals many surprises along way,2020,TV-14,37,['comedy'],['EG'],1.0,tt11508212,5.2,225.0,6.16,6.5,0.6124,0.0
ts88783,Bakugan : Battle Planet,SHOW,bakugan battle planet follows adventures dan kouzo best friends first kids earth bond mysterious creatures known bakugan,2018,TV-Y7,20,"['animation', 'action', 'comedy', 'family', 'fantasy', 'scifi']",['JP'],4.0,tt9527662,4.9,225.0,14.694,6.8,0.7964,-0.3818
tm252609,'76,MOVIE,nollywood superstars ramsey nouah rita dominic chidi mokeme headline gripping drama set backdrop attempted 1976 military coup government general murtala mohammed,2016,PG-13,118,"['romance', 'drama']",['NG'],0.0,tt6068284,5.6,227.0,2.062,7.2,0.0,0.0
ts83450,Close Your Eyes Before It 's Dark,SHOW,vacationing mountain cabin group longtime friends uncovers old scandal could deadly consequences,2016,TV-14,84,"['thriller', 'crime', 'drama']",['TW'],1.0,tt6506806,7.0,229.0,2.265,6.4,0.0516,0.0
tm234466,Jonah,MOVIE,carnival paulo young man young woman knew children meet many years social barriers kept apart bad decisions lead boy hide girl inside whale float,2016,PG,97,"['drama', 'thriller', 'romance', 'family']",['BR'],0.0,tt7799740,5.4,230.0,3.125,6.0,-0.6369,0.0
ts306135,"Vendetta : Truth , Lies The Mafia",SHOW,sicily boasts bold antimafia coalition happens trying bring organized crime accused criminals,2021,TV-MA,0,"['documentation', 'crime', 'thriller']",[],1.0,tt14216574,6.7,232.0,1.405,6.6,-0.7783,-0.128
ts316965,Ridley Jones,SHOW,curious kid ridley friends protect museum natural historys treasures keep magical secret safe everything comes alive night,2021,TV-Y,28,"['animation', 'comedy', 'family', 'fantasy']",['US'],3.0,tt13351440,4.6,232.0,9.494,8.0,0.9501,0.0
tm164090,Lavell Crawford : Can Brother Get Some Love ?,MOVIE,last comic standing runnerup lavell crawford lords hometown crowd st louiss orpheum theatre raking love laughs jokes cover hilarity presidential politics social scene heaven,2011,NC-17,90,"['comedy', 'documentation']",['US'],0.0,tt2084872,6.9,234.0,2.301,6.5,0.9136,0.6369
ts74805,A Little Help Carol Burnett,SHOW,unscripted series starring comedy legend carol burnett kids dish advice celebrities everyday people front live audience,2018,TV-G,24,[],['US'],1.0,tt7204366,6.3,237.0,1.621,6.2,0.3612,0.3415
ts89656,The Legend White Snake,SHOW,provoked actions seemingly sly human ancient snake spirit takes human form order prove fraud convinced shes world favor bai su zhen challenges xu xuan contest skill starts heated rivalry soon turns burning passion faced opposition every side bai su zhen xu xuans love put test time time,2019,TV-14,46,"['drama', 'scifi', 'fantasy']",['CN'],1.0,tt10628250,7.3,237.0,8.369,8.2,0.8271,0.0
tm348073,Pup Star : Better 2Gether,MOVIE,pup star back allnew adventure winning canine competition show pup star becoming international pup sensation tiny adorable yorkie world turned upside evil rival switches competition street pup named scrappy two pups find living others different life incredible journey iconic cities ensues fun hilarious dogoutofwater adventure prepare pup star competition reach finale experiences life different collar discover importance family true finale yorkies claim tiny leaving everyone including judges wondering real pup star huge fun musical adventure pup star better 2gether filled incredible singing pups fantastic new pawtapping songs action packed heartwarming story audiences ages howling,2017,G,90,['family'],['US'],0.0,tt6357074,4.3,239.0,3.805,6.0,0.9858,0.4404
ts112667,Go ! Go ! Cory Carson,SHOW,based go go toy line vtech childrens series follows adventures cory carson,2020,TV-Y,9,"['comedy', 'family', 'animation']",['US'],6.0,tt8115702,7.9,242.0,7.048,8.7,0.34,0.0
ts311958,The Hungry Hairy,SHOW,motorbike road trip dreams buddies rain ro hongchul relax unwind delight tasty eats scenic locales around korea,2021,TV-14,63,['reality'],['KR'],1.0,tt16088530,7.5,243.0,3.132,8.0,0.8591,0.0
ts79086,Jenni Rivera : Mariposa de Barrio,SHOW,drama reveals difficult rise fame mexicanamerican singer jenni rivera past abuse success band leader,2017,TV-MA,43,['drama'],['US'],1.0,tt6834120,7.2,245.0,21.897,5.0,-0.0258,0.0
tm444576,Puppy Star Christmas,MOVIE,pup star family got bigger new pups cindy rosie charlie brody learn true meaning christmas pup stars mean team scheme ruin christmas pups end north pole save santa holiday spirit adventure filled great puptastic songs spread holiday cheer year round,2018,PG,90,"['family', 'comedy']",['US'],0.0,tt8861786,3.6,249.0,4.446,5.7,0.9517,0.0
tm237621,The Figurine ( Araromire ),MOVIE,two buddies girl luck lives changed one discovers mysterious figurine abandoned shrine according legend bestows seven years good luck one told next seven years,2009,PG-13,122,"['horror', 'thriller', 'drama']",['NG'],0.0,tt1542960,4.4,251.0,1.525,4.2,0.7096,0.0
ts89895,Mighty Little Bheem,SHOW,innocent toddlers boundless curiosity extraordinary might lead mischief adventure small indian town,2019,TV-Y,6,"['animation', 'comedy', 'family', 'fantasy']",['US'],3.0,tt10050752,6.4,252.0,8.586,8.4,0.296,0.0
ts297247,That Girl Lay Lay,SHOW,girl lay lay follows lay lay perfect hype girl best friend anyone could ever want personal affirmation app struggling make mark school needing best friend talk sadie wishes upon star lay lay real could help teach stand wish comes true lay lay magically brought life two friends learn together accomplish anything navigate life teenagers discover truly,2021,TV-G,22,['comedy'],['US'],2.0,tt14442054,3.6,254.0,5.946,9.5,0.9868,0.0
ts82160,Harvey Street Kids,SHOW,kids rule place called harvey street trio girls right wrongs ice cream always option every day feels like saturday,2018,TV-Y7,24,"['family', 'action', 'animation', 'comedy']",['US'],4.0,tt7758552,6.7,254.0,9.06,8.5,0.3612,0.0
tm350727,Hajwala : The Missing Engine,MOVIE,khalid kehailan two team leaders passionate car racing challenges enter crazy competition win challenge involving lot surprises unexpectedly change lives,2016,R,96,"['drama', 'action', 'crime', 'sport', 'thriller']",['AE'],0.0,tt6200274,2.0,255.0,1.389,6.2,0.8074,-0.296
ts92825,Lego Jurassic World : The Secret Exhibit,SHOW,characters lego jurassic world indominus escape 2016 jurassic world 2015 got involved park,2018,TV-Y,22,"['action', 'comedy', 'family', 'scifi', 'animation']",['US'],1.0,tt9322614,6.1,257.0,14.703,7.2,0.1779,0.0
tm374395,Vanjagar Ulagam,MOVIE,woman murdered neighbour picked suspect meanwhile journalist believes use murder lure elusive gangster help guys former accomplice,2018,PG-13,161,"['thriller', 'action', 'crime', 'drama']",['IN'],0.0,tt7933564,6.1,258.0,1.4,4.8,-0.8625,0.0
tm436266,Born Racer,MOVIE,powerful inspirational story dedication danger fear rare us defy personal limitations experience fastest motorsport earth eyes fivetime champion scott dixon chip ganassi racing team filmed access areas lens born racer follows people passionate world auto racing asks individuals feel compelled face danger risk lives order win actionpacked highlyintimate features intense blend close personal filming neverbeforeseen spectacular cuttingedge racing footage explore sport defines people inhabit pushes edge desire success,2018,R,88,"['action', 'drama', 'documentation']",['NZ'],0.0,tt6936350,6.1,262.0,1.917,7.7,0.9186,0.0
tm1099320,Convergence : Courage Crisis,MOVIE,activists volunteers work darkest days 2020 galvanizing social change amidst chaos governments start fail local communities epic globally spanning deeply passionate documentary serves clarion call great change born crisis,2021,R,113,['documentation'],"['GB', 'US']",0.0,tt15398694,5.4,262.0,6.589,5.2,-0.7722,-0.2263
tm54780,Tiger & Bunny : The Beginning,MOVIE,set alternative earth superheroes celebrities high rating tv show rates achievements awarding points annual king heroes crowned oldschool hero wild tiger assigned new partner different views heroes role society soon vigilante criminal presents serious problem,2012,PG,88,"['scifi', 'animation', 'action']",['JP'],0.0,tt2507174,6.6,264.0,2.996,6.5,0.7717,0.0
ts45996,Outback Truckers,SHOW,jump cab men women behind wheel monster road trains reveals life really like wideopen road highly dramatic often humorous outback truckers reveals true blue heart soul aussie trucking,2012,TV-14,44,"['reality', 'documentation']",['AU'],9.0,tt5632186,7.4,264.0,6.693,8.1,0.8155,0.0
ts54010,My Runway,SHOW,egotistic top male model pretty model wannabe forced live others lives figure way undo body switch,2016,TV-14,24,"['comedy', 'drama', 'fantasy', 'romance']",['KR'],1.0,tt6968336,6.3,266.0,10.522,7.6,-0.1027,0.0
ts267062,Jiva !,SHOW,talented street dancer umlazi durban must confront fears deal family objections pursue dancing dreams,2021,TV-MA,41,['drama'],['ZA'],1.0,tt12564616,5.5,267.0,13.142,7.8,0.3612,0.0
tm898699,Larry Cable Guy : Remain Seated,MOVIE,larry cable guy back git r done remain seated latest solo special show grammy nominated multiplatinum recording artist billboard award winner top game coming straight rialto square theatre joliet il seat home,2020,R,67,['comedy'],['US'],0.0,tt11464488,6.6,268.0,2.336,6.8,0.9136,0.0
tm1207099,Jane Fonda & Lily Tomlin : Ladies Night Live,MOVIE,jane fonda lily tomlin host iconic celebration women comedy standup sets cristela alonzo margaret cho michelle buteau,2022,PG-13,60,"['comedy', 'documentation']",['US'],0.0,tt20723738,5.5,268.0,2.912,5.7,0.3612,0.0
tm147908,Anaamika,MOVIE,anamika comes india search husband ajay hit man taking people goes asking help anamika told khan encounter specialist husband milan damji terrorist mastermind,2014,PG,124,['thriller'],['IN'],0.0,tt2939898,5.5,271.0,0.973,6.0,-0.4588,0.0
tm822167,The Panti Sisters,MOVIE,three gay sons called back estranged terminallyill father given offer cant refuse p300 million inheritance exchange giving grandchild,2019,PG-13,108,"['comedy', 'drama', 'romance']",['PH'],0.0,tt10637682,5.5,272.0,3.741,4.6,0.5086,0.0
ts78299,Llama Llama,SHOW,llama family good friends heartwarming adventures safe friendly town animated show based awardwinning books,2018,TV-Y,17,"['animation', 'family']",['US'],2.0,tt4781350,6.3,272.0,4.525,7.8,0.9485,0.0
ts122290,Dharmakshetra,SHOW,end 18 days war mahabharata pandavas kauravas reach court chitragupta answer actions past life episode one character takes centre stage answer questions asked chitragupta behalf others,2014,TV-14,44,['drama'],['IN'],1.0,tt6803712,8.3,273.0,1.243,10.0,-0.5859,0.0
tm244635,The Blind Christ,MOVIE,michael inhabitant remote village chilean desert inhabitant christ,2016,R,95,['drama'],"['FR', 'CL']",0.0,tt4778424,5.8,275.0,6.235,4.9,0.0,-0.4019
ts222802,Once Upon Time Lingjian Mountain,SHOW,story follows wang lu young genius enters spirit blade sect embarks unconventional journey towards immortal cultivation spirit blade sect established year 4233 years producing martial arts prodigies hailed one five great sects nine continents face crisis genius name wang lu joins spirit blade sect comes tutelage wang wu despite wang wus beauty hundreds years age famous sharp tongue erratic temper disciple wang lu engage endless squabbles trudging path becoming strongest sage lands adapted manga spirit blade mountain written xian man dong man,2019,TV-14,44,"['action', 'scifi', 'comedy', 'drama', 'fantasy', 'romance']",['CN'],2.0,tt11261994,7.4,280.0,6.064,7.4,0.7293,0.0
tm420789,Lilli,MOVIE,abducted confined room gang sadistic men pregnant woman tries escape insurmountable odds,2018,PG,91,['thriller'],['IN'],0.0,tt8273258,5.7,281.0,1.033,6.1,-0.3818,0.0
ts320335,Summer Heat,SHOW,group young adults working paradisiac resort live unforgettable summer discover love true friendships devastating secrets,2022,TV-MA,48,"['drama', 'romance']",['BR'],1.0,tt14655298,5.6,281.0,7.658,7.8,0.6486,0.0
ts289364,Cat People,SHOW,cat people tells stories remarkable surprising cat people world defying negative stereotypes revealing truth means love fiercely independent creatures,2021,TV-14,32,['documentation'],['US'],1.0,tt14818454,6.3,282.0,3.255,6.3,0.8176,0.0
ts53516,Edgar Rice Burroughs ' Tarzan Jane,SHOW,saved plane crash given supernatural powers teen tarzan joins forces brave city girl jane protect jungle home threats,2017,TV-Y7,21,"['action', 'animation', 'comedy', 'drama', 'family', 'scifi']",['US'],2.0,tt6216718,4.6,282.0,9.57,7.9,0.5106,0.0
tm376844,Penalty Kick,MOVIE,far soccer fan goes beloved national team mariano crdenas risk job wife family support soccer team world cup qualifiers,2018,PG-13,89,['comedy'],"['MX', 'CO']",0.0,tt8007436,3.7,283.0,5.405,5.3,0.7351,-0.4588
ts90880,44 Cats,SHOW,adventures four kittens make musical group called buffycats stories focusing themes friendship altruism tolerance diversity,2018,TV-Y7,15,"['action', 'animation', 'comedy', 'family', 'music']",['IT'],5.0,tt9699148,6.0,283.0,10.72,8.4,0.7579,0.0
ts305890,Too Hot Handle : Latino,SHOW,singles latin america spain challenged give sex abstinence comes silver lining us100000,2021,TV-14,36,"['reality', 'romance']",['MX'],1.0,tt15251764,5.4,284.0,12.408,7.3,-0.1027,0.0
tm246330,Pandigai,MOVIE,lowlevel hotel worker gets involved street fighting racket advice compulsive gambler duo realise duped gangster controlling racket decided rob,2017,R,150,"['romance', 'action', 'thriller']",['IN'],0.0,tt7087944,6.3,285.0,1.211,6.5,-0.836,0.0
ts192440,Garth Brooks : The Road I 'm On,SHOW,look life career garth brooks wife trisha yearwood,2019,TV-PG,86,"['documentation', 'reality']",['US'],1.0,tt10095402,7.4,287.0,0.699,10.0,0.0,0.0
ts105601,Archibald 's Next Big Thing,SHOW,adventures carefree chicken named archibald,2019,TV-Y7,23,"['family', 'fantasy', 'scifi', 'animation', 'comedy', 'action']",['US'],2.0,tt9165404,7.5,289.0,6.453,8.0,0.6249,0.0
ts220751,Lego Jurassic World : Legend Isla Nublar,SHOW,set 2012 three years events jurassic world movie lego jurassic world legend isla nublar picks story left lego jurassic world secret exhibit newlyhired animal behaviorist owen grady assistant manager park operations claire dearing team isla nublar deal everything hectic life around jurassic world park throws way everything includes runaway dinosaurs ongoing construction expand park tourists everywhere unpredictable tropical weather impulsive boss plus mysterious saboteur surprising ties parks past quest find legendary treasure destroy jurassic world forever could possibly go wrong everything,2019,TV-PG,22,"['comedy', 'family', 'scifi', 'animation', 'action']",['CA'],1.0,tt10872880,6.7,289.0,13.663,7.2,-0.25,0.0
ts61384,My Love : Six Stories True Love,SHOW,inspired acclaimed korean documentary love dont cross river poignant series love documents year lives six elderly couples around world globetrotting brazil india japan korea us spain sixpart docuseries gets heart longlasting love,2021,TV-PG,70,"['reality', 'romance', 'documentation']",['US'],1.0,tt14267526,7.5,291.0,1.265,5.0,0.9501,0.9042
ts258169,Holiday Home Makeover Mr. Christmas,SHOW,mr christmas veteran interior design industry healthy obsession holiday season takes behind scenes puts design expertise vast christmas collection good use,2020,TV-G,44,['reality'],['US'],1.0,tt13255112,5.8,293.0,5.464,6.7,0.7096,0.4019
ts72322,The Mafia Dolls,SHOW,las muecas de la mafia 2009 colombian telenovela produced betv broadcast caracol tv based juan camilo ferrand andres lopezs book las fantsticas also wrote scripts television series telenovela debut soon telefutura network series debuted may 3 2010 vecinos finale show ended july 2010 us talks story brenda olivia violeta renata pamela get trouble throughout series get involved mafia guys el carmen colombiathey sad endings pamela immigrates end story united states america try get away trouble close father pilot end jail captured dea taking cocaine us plain ends maid tells brenda happy great life olivia ends jail fake wedding braulio bermudez getting properties violeta dies two mafia opposite sides going end war going themrenata also dies force erick pay money owe carry drugs stomach united states one loved ones knew identification brenda ends pregnant braulio never saw taken us jail exiting story see shows easy life never good choice might nice easy beginning day ends,2009,TV-14,43,"['drama', 'action']",['CO'],2.0,tt1585368,6.6,293.0,27.667,7.4,0.8222,0.0
ts85217,Motown Magic,SHOW,imaginative boy ben transforms city bringing colorful street art life armed magic paintbrush classic sounds motown,2018,TV-Y,15,"['animation', 'comedy', 'family', 'fantasy', 'music']",['US'],2.0,tt8959860,7.9,294.0,1.372,9.3,0.0,0.0
ts289982,Bangkok Breaking,SHOW,newly arrived bangkok wanchai joins road rescue service unravels citywide conspiracy help journalist,2021,TV-MA,60,"['thriller', 'action', 'crime', 'drama']",['TH'],1.0,tt14202282,5.8,294.0,28.627,7.0,0.3818,0.0
ts252141,Alien TV,SHOW,alien reporters ixbee pixbee squee travel lovely odd planet called earth attempt make sense humans hobbies,2020,TV-Y7,24,"['family', 'animation', 'comedy']",['AU'],2.0,tt12765530,6.1,299.0,9.927,6.6,0.3612,0.0
ts36650,Apaches,SHOW,young journalist forced life crime save father family series based novel miguel sez carral,2018,TV-MA,68,"['crime', 'action', 'drama', 'thriller', 'european']",['ES'],1.0,tt4418844,7.0,301.0,3.001,6.9,-0.25,0.0
ts84200,Best.Worst.Weekend.Ever .,SHOW,teenage friends plan epic trip comiccon meet idol get caught one hilariously awkward predicament another,2018,TV-PG,24,"['comedy', 'family']",['US'],1.0,tt7768010,6.3,301.0,3.665,8.0,0.3612,0.0
tm376111,Chocolate City : Vegas Strip,MOVIE,chocolate city dancers come together save club foreclosure decide enter national stripper competition traveling way las vegas try luck,2016,PG-13,89,['drama'],['US'],0.0,tt5485482,3.7,303.0,4.126,6.5,0.6908,0.0
ts88166,Nailed It ! Mexico,SHOW,fun fondant hilarious cake fails head mexico amateur bakers compete recreate elaborate sweet treats cash prize,2019,TV-PG,33,['reality'],['MX'],3.0,tt9708588,6.2,308.0,4.224,7.1,0.8591,0.0
ts81596,Black Crows,SHOW,drama portrays women kids living islamic state group yazidi slave undercover reporter recruited mom child snipers,2017,TV-MA,33,"['drama', 'war', 'thriller']","['SA', 'SY', 'AE']",1.0,tt7356518,5.3,308.0,4.802,8.0,0.0,0.0
tm233463,Husband Factor : Resurrection,MOVIE,girl tries manage demands traditional familys wishes embarks journey marry love life,2016,PG,108,"['comedy', 'family', 'romance', 'drama', 'fantasy']",['TR'],0.0,tt4994718,5.3,310.0,2.76,6.1,0.7003,0.0
ts58010,VeggieTales House,SHOW,get ready love veggies beloved faithbased brand fresh new look bob tomato larry cucumber veggie friends venture countertop first time ever allnew television series available exclusively netflix every episode also features brandnew upbeat silly song veggie crew embarks new adventures throughout house loveable comedy stays true roots veggietales brand seamlessly weaving strong moral messages capture hearts veggie lovers ages,2014,TV-G,18,"['comedy', 'family', 'music', 'animation']",['US'],4.0,tt3692064,4.2,311.0,5.953,5.5,0.9816,0.0
ts80720,Scissor Seven,SHOW,seeking recover memory scissorwielding hairdressing bungling quasiassassin stumbles struggle power among feuding factions,2018,TV-PG,16,"['comedy', 'drama', 'action', 'animation', 'fantasy', 'romance']",['CN'],3.0,tt11503082,8.6,311.0,82.499,8.9,-0.5994,0.0
tm1114205,Amina,MOVIE,16thcentury zazzau zaria nigeria amina must utilize military skills tactics defend familys kingdom based true story,2021,PG-13,120,"['war', 'history', 'drama', 'action']",['NG'],0.0,tt15847872,3.8,311.0,122.546,6.4,0.4215,0.0
ts23797,Black & White,SHOW,pi zi ying xiong two cops different day night one lives luxurious lifestyle nothing drink coffee wait information dubious sources crack cases another believes law justice pillars society constantly street catching criminals case brings two top crime solvers together sparks fly light begins creep dark corners taipei,2009,TV-14,37,"['action', 'comedy', 'sport', 'crime']",['TW'],3.0,tt5295012,7.6,312.0,3.208,8.9,-0.6705,0.0
ts282840,Worn Stories,SHOW,funny heartfelt moving docuseries real people unpack fascinating quirky stories around meaningful pieces clothing,2021,TV-MA,30,['documentation'],['US'],1.0,tt14177168,6.7,313.0,2.484,7.0,0.9042,-0.296
ts218500,Dragons : Rescue Riders,SHOW,twins dak leyla share unique ability communicate dragons brother sister lead team five young dragons spend days rescuing dragons helping people adopted town huttsgalor,2019,TV-Y,24,"['action', 'comedy', 'family', 'fantasy', 'animation', 'scifi']",['US'],2.0,tt10687134,5.9,314.0,10.237,7.0,0.6908,0.5106
ts76771,Stretch Armstrong & Flex Fighters,SHOW,overscheduled teenager jake armstrong two best friends accidentally exposed experimental chemical become stretch armstrong flex fighters team unlikely superheroes expand beyond confines lives embark series adventures,2017,TV-G,23,"['animation', 'action', 'comedy', 'scifi']",['US'],2.0,tt1379164,6.1,318.0,4.919,7.6,0.8442,-0.0516
ts311101,King Stonks,SHOW,series inspired real events financial world centers narcissism megalomania double standards,2022,TV-MA,47,"['comedy', 'drama', 'thriller']",['DE'],1.0,tt15407486,6.0,318.0,9.01,6.2,0.4939,0.0
tm312767,Monster High : Electrified,MOVIE,clawdeen dreams opening salon made monsters normies frankie perfect place abandoned power station outside town idea sparks negative voltage moanica plots ruin whole thing replace celebration something little shocking luckily ghouls secret weapon sidetwyla daughter boogey man perfect ghoul unearth mystery along voltageous salon ever catch every twist turn zap blastbecause monster high ghouls get electric,2017,PG,72,"['family', 'animation', 'fantasy']",['US'],0.0,tt6536944,5.3,320.0,20.596,7.2,-0.2466,0.0
ts75320,A Boy Named Flora A,SHOW,28yearold layabout begins reexamine life dysfunctional family assembles pay respects dying grandmother wont pass,2017,TV-MA,89,"['drama', 'comedy']",['TW'],2.0,tt6284014,7.9,323.0,1.699,7.0,0.2263,0.0
ts222942,Narcoworld : Dope Stories,SHOW,documentary series follows police officers hunt drug smugglers around world,2019,TV-MA,40,"['documentation', 'crime']",['US'],1.0,tt11215112,6.6,323.0,4.774,9.1,-0.34,0.0
ts56251,ID-0,SHOW,imachines general term robots operate extreme environments alliance academy student maya mikuri middle operating imachine gets involved incident pirates ends serving crew member excavation companys spaceship,2017,TV-14,24,"['scifi', 'drama', 'animation', 'action']",['JP'],1.0,tt7161218,6.1,324.0,3.167,6.3,0.0,0.0
ts317709,Kayko Kokosh,SHOW,two slavic warriors everything power defend village mirmiowo evil order knaveknights,2021,TV-PG,15,"['animation', 'comedy', 'fantasy', 'action']",['PL'],2.0,tt13979288,6.3,324.0,3.432,6.7,-0.6597,0.0
ts67595,El Escamoso,SHOW,pedro el escamoso popular telenovela filmed colombia produced colombian network caracol tv novela cheesy charming macho man lives small town colombia moves city find fortune encounters series events people change life dramatically pedro epitome man get women wants cant get one loves,2001,TV-14,48,"['drama', 'comedy']",['CO'],1.0,tt0283770,7.5,325.0,32.626,7.8,0.5577,0.0
ts83449,Love Storm,SHOW,three grown siblings must rethink idea family learn parents getting divorced eyes new partners,2016,TV-14,87,['family'],['TW'],1.0,tt6093070,5.5,326.0,2.334,9.0,0.0,0.6369
tm598375,Chhota Bheem Aur Krishna,MOVIE,500 years ago five kingdoms around iit dholakpur joined together end kirmadas rule mysterious force brought back dead miss bheem beat kirmada save kingdom iit dholakpur,2008,G,69,"['fantasy', 'animation', 'action']",['IN'],0.0,tt2827516,6.4,327.0,1.113,6.8,-0.4019,0.0
tm977782,Shawn Mendes : Live Concert,MOVIE,hometown toronto shawn mendes pours heart stage live performance stadium packed adoring fans,2020,PG,87,"['music', 'documentation']",['CA'],0.0,tt13528990,7.1,327.0,6.757,7.9,0.5574,0.0
ts82424,13 Reasons Why : Beyond Reasons,SHOW,cast members writers producers mental health professionals discuss difficult issues themes explored 13 reasons,2017,TV-MA,42,['documentation'],['US'],3.0,tt8615966,6.2,328.0,11.431,6.5,-0.3612,0.0
tm247444,Poshter Girl,MOVIE,poshter girl takes mad roller coaster ride quaint little village maharashtra tekawde illfamous female infanticide result girls left within village question boys marriage heat beautiful intelligent girl enters scenario changes everything story girl rupali chosen 5 candidates would anything win heart,2016,PG-13,140,['comedy'],['IN'],0.0,tt5323386,6.6,330.0,1.611,8.0,0.8176,0.0
ts38757,Kong : King Apes,SHOW,set 2050 kong becomes wanted fugitive wrecking havoc alcatraz islands natural history marine preserve humans hunt formidable animal dont realize though kong framed evil genius plans terrorize world army enormous robotic dinosaurs beast strong enough save humanity mechanical dinos kong must rely help three kids know truth,2016,TV-Y7,21,"['animation', 'family', 'scifi', 'action', 'comedy']",['US'],2.0,tt5462936,5.8,331.0,13.218,6.5,-0.1531,0.0
ts286386,The Big Day,SHOW,six engaged couples happily ever begins spectacular note eyepopping look indias multibilliondollar wedding industry,2021,TV-MA,43,"['reality', 'romance']",['US'],2.0,tt13887518,4.7,332.0,1.92,6.0,0.743,0.0
ts302056,Titletown High,SHOW,georgia town football rules winning paramount high school team tackles romance rivalries real life vying title,2021,TV-14,34,"['reality', 'sport']",['US'],1.0,tt15192032,5.5,332.0,2.146,5.6,0.7906,0.0
ts89696,Tijuana,SHOW,prominent politician murdered intrepid journalists frente tijuana risk lives uncover truth,2019,TV-14,41,"['drama', 'crime']",['MX'],1.0,tt8027624,6.9,333.0,3.965,7.7,-0.4404,0.0
ts252119,The Beauty Queen Jerusalem,SHOW,loves heartbreak jealousy pain three armoza sisters luna rachelika becky parents grandparents children set earlymid 20th century jerusalem,2021,TV-MA,30,['drama'],['IL'],3.0,tt12940732,7.1,337.0,11.854,8.0,-0.6808,0.5859
ts346007,Savage Beauty,SHOW,savage beauty rosemary zimu plays zinhle first young woman tragic past determined take revenge bhengus family destroyed lot lives infernal vision grace bhengu used street children test toxic beauty product many children children one survivors developed particular vengeance knows play smart play powerful family,2022,TV-MA,51,['drama'],['US'],1.0,tt19671142,5.0,339.0,4.011,6.7,0.91,0.2023
ts76092,Rosario Tijeras,SHOW,worlds collide vengeanceobsessed young woman side tracks captures attention two welloff friends,2016,TV-MA,45,"['drama', 'action', 'crime', 'romance', 'thriller']",['MX'],3.0,tt6340304,6.1,340.0,293.969,7.4,0.4215,0.0
ts55556,A Touch Green,SHOW,drama tells story air force pilots families 1945 1971 husbands embarked patriotic missions fight enemies families must content horror wars mass emigration distant land death love ones shared experience brought military families together support one another,2015,TV-MA,53,"['drama', 'war']",['TW'],1.0,tt5231950,8.4,341.0,4.43,9.2,-0.8271,0.0
ts302058,Everything Will Be Fine,SHOW,separated couple live together childs sake satirical dramedy means good parent spouse todays world,2021,TV-MA,29,"['comedy', 'drama']",['MX'],1.0,tt15101964,6.2,342.0,3.012,7.3,0.4404,0.2023
tm430281,Dhh,MOVIE,convinced miracle save failing school exams trio friends seek help magician surprise gamely complies,2018,R,126,"['drama', 'family']",['IN'],0.0,tt7613166,7.8,346.0,1.533,9.0,0.9231,0.0
ts121176,DreamWorks Shrek 's Swamp Stories,SHOW,shrek pals series adventures,2010,TV-PG,24,"['comedy', 'family', 'fantasy', 'horror', 'music', 'animation', 'scifi']",['US'],1.0,tt6950338,6.5,346.0,5.014,8.8,0.34,0.0
ts101503,Team Kaylie,SHOW,wealthy teenager tries prove shes forced outside comfort zone,2019,TV-PG,29,"['comedy', 'family']",['US'],3.0,tt9717424,4.1,347.0,9.46,8.2,0.25,0.0
ts293103,Juanpis González - The Series,SHOW,spoiled man country overcome difficult test imposed grandfather inherit family fortune finds believes vocation politics always lawful way,2022,TV-MA,25,"['comedy', 'drama']",['CO'],1.0,tt14494894,6.8,348.0,39.001,7.6,-0.4215,0.0
tm882606,Sethum Aayiram Pon,MOVIE,meeting many years makeup artist grandmother revisit tensions old family feud still hangs heavy,2019,G,102,"['drama', 'family']",['IN'],0.0,tt8976418,7.2,349.0,1.974,6.0,-0.6249,0.0
ts307981,Scaredy Cats,SHOW,willa wards twelfth birthday inherits beautiful charm necklace belonged mother witch soon learns 2 bad witches wilma wanda locket ultimate power alongside best friends scout lily turn cats escape,2021,TV-G,29,"['scifi', 'family', 'fantasy', 'comedy']",['US'],1.0,tt15387774,6.2,349.0,7.585,6.9,0.8625,0.0
ts272422,Buried Bernards,SHOW,reality series bickering bighearted bernards manage budgetfriendly memphis funeral home lots family dramedy laughter helping grieving families say farewell,2021,TV-14,25,['reality'],['US'],1.0,tt13848380,7.2,350.0,1.884,7.7,-0.1027,0.0
ts236653,Cooked With Cannabis,SHOW,cooking competition aim get shows hosts high infusing cannabis meals,2020,TV-MA,35,['reality'],['US'],1.0,tt12176398,6.6,351.0,1.517,10.0,0.0,0.0
ts42347,Word Party,SHOW,meet bailey franny kip lulu theyre adorable baby animals want join party help learn,2016,TV-Y,13,"['family', 'animation']",['US'],5.0,tt5235950,5.5,352.0,2.382,8.3,0.8779,0.4019
tm425748,Cook Off,MOVIE,zimbabwean single mothers life turned upside son enters reality tv cooking competition,2017,PG,116,"['romance', 'comedy']",['ZW'],0.0,tt7981318,6.0,354.0,1.537,6.1,0.0,0.0
ts72196,Swap Shop,SHOW,swap shop radio show shares scoop sweet deals collectors cars comics creepy clown statues listen ears wide open,2021,TV-14,30,['reality'],['US'],2.0,tt15674202,6.6,355.0,1.554,6.7,0.7003,0.0
ts356275,Johnny Test,SHOW,much trouble could one imaginative boy faithful dog two scienceloving sisters possibly get hmm sounds like challenge,2021,TV-Y,14,"['comedy', 'animation', 'family', 'scifi', 'action']",['US'],2.0,tt15061770,6.4,355.0,5.835,7.5,0.4588,0.0
tm150962,Mumbai Delhi Mumbai,MOVIE,pia typical mumbai girl makes first ever day trip delhi agrees meet possible match marriage mothers insistence lands delhi determined reject guy meeting hes delhi however turns loses phone fighting auto driver meets goli kohli witty delhi boy grudgingly agrees help one thing leads another end spending entire day together fight argue laugh share lifetime emotions one day meet morning strangers strong biases mumbai delhi part evening biases turned affection others quirks finally love,2014,PG,120,"['comedy', 'romance']",['IN'],0.0,tt4045666,5.7,357.0,1.4,6.3,0.9169,0.0
ts55223,72 Dangerous Places Live,SHOW,get close personal avalanches fiery volcanoes natural cataclysms learn choose live destructive paths,2016,TV-PG,45,['documentation'],['AU'],1.0,tt5674272,6.2,357.0,1.849,6.0,-0.5994,-0.4767
ts89330,Stay Tuned !,SHOW,shes unlikely candidate ever stumble role reporter shes keeping everyone toes eccentric ways,2019,TV-14,44,['comedy'],['JP'],1.0,tt10088086,7.5,357.0,1.89,9.0,0.0,0.0
ts84346,Falsa identidad,SHOW,isabel diego two complete strangers must assume identity married couple order flee state sonora,2018,TV-14,43,"['crime', 'action', 'drama', 'thriller']","['US', 'MX']",2.0,tt8598690,7.0,358.0,206.288,7.5,0.0,0.0
ts84533,Transformers : Cyberverse,SHOW,bumblebee begins suffer amnesia partner windblade comes rescue repairs memory chips enabling rediscover past adventures cybertron memories repaired bumblebee gets clue lead windblade complete current mission save friends unaware megatron sent decepticon assassins hunt,2018,TV-Y7,11,"['action', 'animation', 'scifi']",['US'],3.0,tt8891990,6.6,359.0,7.273,6.6,0.7717,0.0
ts293814,Sparking Joy Marie Kondo,SHOW,reality series marie kondo brings joyful tidying tactics people struggling balance work home life shares world,2021,TV-PG,42,"['drama', 'history', 'reality']",[],1.0,tt14550060,6.3,360.0,2.602,7.3,0.5106,0.5859
ts218307,Styling Hollywood,SHOW,stylist interior designer jason bolden husband adair curtis jsn studio make magic happen red carpet home alisters,2019,TV-14,36,['reality'],['US'],1.0,tt10715202,6.6,361.0,1.289,10.0,0.0,0.0
tm38331,The Mistress,MOVIE,young woman torn affections two lovers one young bachelor brings passion life married man kept mistress years architect jd chip shoulder father rico never really accepting son seamstress sari struggles take care family two meet chance jd aggressively pursues saris affections though two clearly good match problem standing way bliss sari mistress jds father better judgment jd continues court sari even finding difficult fact hides true identity ricos son fights win saris heart,2012,PG-13,125,"['romance', 'drama']",['PH'],0.0,tt2389344,6.3,361.0,2.635,5.9,0.9559,0.0
ts271720,Pui Pui Molcar,SHOW,setting world people drive sentient vehicles hybrids guinea pigs cars molcars molcars round eyes big soft butts short arms legs trot along run around silly look face even youre stuck traffic put ease gazing guinea pig butt front even cause bit trouble easy forgive theyre cute fluffy animation focusing various situations unique cars full satisfaction friendship adventure crazy action tons guinea pigs,2021,TV-Y7,2,"['animation', 'comedy', 'family']",['JP'],1.0,tt14202738,8.1,366.0,3.148,8.6,0.891,0.0
ts38772,Dear My Friends,SHOW,life everdelightful everchallenging group friends twilight years rediscover love family,2016,TV-MA,70,"['comedy', 'drama']",['KR'],1.0,tt5689030,8.2,366.0,4.766,8.0,0.8074,0.6908
tm945825,Bobbleheads : The Movie,MOVIE,get ready big shakeup misfit bobbleheads take trashy humans slobbery dog crash home plans swap new baseball player bobblehead valuable one guidance bobblehead cher find courage bobbleup outrageous battle wits wobble,2020,PG,82,"['animation', 'family']",['US'],0.0,tt13292206,2.3,366.0,12.656,5.3,-0.0258,0.0
ts86021,Molang,SHOW,molang affectionate humorous perspective relationship eccentric joyful enthusiastic rabbit shy discreet emotional little chick despite many differences two enjoy unique friendship great times together ranging mundane extraordinary whether theyre flying moon merely watering vegetable patch molang piu piu experience unexpected even unsettling situations tricky incidents misunderstandings soon transformed opportunities fun moments humor molangs friends happy come share,2015,TV-G,3,"['animation', 'comedy', 'family', 'european']",['FR'],3.0,tt6046238,8.3,367.0,9.07,8.0,0.9889,0.0
ts349845,Mr. Good : Cop Crook ?,SHOW,riveting docuseries norways top cop suspected drug trafficking investigators must ask good officer major criminal,2022,TV-14,51,"['documentation', 'crime']",['NO'],1.0,tt20113404,6.9,369.0,2.821,5.4,-0.1531,0.4404
ts285724,2020,SHOW,seeking revenge woman goes village brother killed ride becomes bumpy finds falling love,2021,TV-14,45,"['drama', 'crime', 'thriller']",['LB'],2.0,tt13377006,7.9,371.0,1.63,9.5,-0.6486,0.0
ts223084,Nowhere Man,SHOW,two nefarious schemes taking place 10 years apart entangle dauntless triad member must break prison rescue loved one,2019,TV-MA,47,"['crime', 'action', 'drama', 'thriller']",['TW'],1.0,tt10895588,5.5,371.0,3.301,6.6,0.802,0.0
tm144541,Refugiado,MOVIE,7 year old matas returns home friends birthday party find mother laura unconscious floor recovers senses decide leave home rush shelter abused women spend 48 hours laura decides rebuild life somewhere else eyes matas discover escape city everything matas knew feels dangerous foreign laura finds secure place raise son,2014,R,95,"['thriller', 'drama', 'european']",['AR'],0.0,tt3717390,6.4,373.0,1.835,6.2,0.3182,0.0
ts79988,Lost Song,SHOW,rin energetic girl loves eat lives verdant frontier village deep within royal palace bustling capital city songstress finis spends days solitude share special power person miraculous power heal wounds create water stir wind power song guided destiny two young women face arduous journey power song shadow war looms kingdom tainting even miraculous songs blood innocents loved ones meet deaths silent screams echo stone prison two destinies intersect final song one despair hope,2018,TV-14,24,"['animation', 'action', 'scifi', 'drama', 'fantasy', 'music', 'romance']",['JP'],1.0,tt7211600,7.0,375.0,4.07,8.2,0.8481,-0.3182
tm811954,Nenjamundu Nermaiyundu Odu Raja,MOVIE,two ambitious youngsters make living youtube channel agree perform tasks businessman latter offers huge money,2019,G,128,"['comedy', 'romance', 'drama']",['IN'],0.0,tt10438658,6.1,376.0,0.982,5.5,0.7845,0.0
tm1160938,Adam Eve : A Live Animation,MOVIE,anime live action music cuttingedge artist eve weave together dreamlike sonic experience inspired story adam eve,2022,PG-13,58,"['drama', 'animation', 'music']",['JP'],0.0,tt18274178,6.1,378.0,3.828,6.3,0.4939,0.0
ts37896,Conspiracy,SHOW,skeptics others discuss widely held conspiracy theories involving aliens government coverups secret assassinations intrigues,2015,TV-14,43,"['history', 'documentation', 'european']",['GB'],1.0,tt4761054,6.2,379.0,2.421,5.8,-0.765,-0.5267
ts255779,Gabby 's Dollhouse,SHOW,colorful series leads preschoolers room room fantastical dollhouse delightful miniworlds irresistible kitty characters,2021,TV-Y,24,"['animation', 'comedy', 'family', 'fantasy']",['US'],4.0,tt9165438,7.0,379.0,15.275,9.0,0.8481,0.0
tm847623,Rogue Warfare : Death Nation,MOVIE,rescuing daniel terrorist black mask organization team uncovers plans deadly bomb set detonate 36 hours threatens world order time recover daniel must throw life back line elite team soldiers race time find bomb defeat enemy outnumbered overmatched soldier must find inner strength skill overcome insurmountable odds,2020,R,103,"['war', 'action']",['US'],0.0,tt7983744,3.3,380.0,3.373,4.8,-0.9517,-0.7269
ts328051,Iron Chef : Quest Iron Legend,SHOW,five new trailblazing iron chefs welcome brave challenger chefs reimagined kitchen stadium theyll face pushed limits endurance creativity cook extraordinary culinary creations,2022,TV-G,48,['reality'],['US'],1.0,tt17216636,7.1,382.0,4.182,7.0,0.9022,0.0
ts80519,Spy Kids : Mission Critical,SHOW,animated spinoff series juni carmen cortez must battle evil organization swamp without help superspy parents,2018,TV-Y7,25,"['animation', 'action', 'comedy', 'family', 'drama', 'music', 'romance', 'thriller', 'scifi']",['US'],3.0,tt6714408,4.7,382.0,7.221,8.4,-0.8503,-0.3182
ts86831,The Good Cop,SHOW,danny confino fulltime cop one polices worst times period image low ebb ousted every week harassed commanders twice week budgets cut complaints police piled dip offices returns parents home order live temporarily temporary becomes permanent danny finds life home superior crime scene,2015,TV-MA,28,"['comedy', 'drama']",['IL'],3.0,tt6070434,7.6,385.0,1.542,7.0,-0.926,0.4404
tm358746,A Witches ' Ball,MOVIE,every year witching world gathers celebrate newly inducted witches world beatrix 12 eager become part world pending magical status jeopardized needs help furry best friend muggs voiced joey fatone solve magical riddles big event beatrix sink soar night witches ball,2017,PG,90,"['fantasy', 'comedy', 'family']",['CA'],0.0,tt5814408,5.1,386.0,5.151,6.7,0.9524,0.0
ts37187,Senora Acero,SHOW,adventures vicenta acero feared coyote leads dynasty illicit dealings control father,2014,TV-MA,43,"['crime', 'drama', 'romance']",['US'],5.0,tt3904068,6.8,387.0,139.363,7.8,-0.2023,0.0
ts257243,Voices Fire,SHOW,pharrell williamss hometown community leaders attempt build one worlds inspiring gospel choirs,2020,TV-PG,37,"['music', 'reality']",['US'],1.0,tt13329282,6.8,388.0,1.137,8.0,0.4215,-0.34
tm28024,A Very Special Love,MOVIE,laida magtalas modernday belle works hard provide family hoping someday meet prince charming live happily ever together wouldbe prince charming none miggy youngest member montenegro clan well established family business world moony laidas desire finally meet miggy leads apply editorial assistant newly launched mens magazine bachelor spite fact relationship miggy may prove long shot laida revels working close proximity man dreams,2008,PG,105,"['comedy', 'drama', 'romance']",['PH'],0.0,tt1243381,6.5,391.0,2.281,7.3,0.9531,0.8162
ts26776,Smile PreCure !,SHOW,candy fairy mrchenland follows shining light leads five legendary precure warriors order fight bad end kingdom villains trying vanquish entire world worst ending,2012,TV-Y7,23,"['action', 'comedy', 'scifi', 'family', 'fantasy', 'animation']",['JP'],2.0,tt5315490,6.2,391.0,10.849,7.6,-0.9393,0.4199
tm235979,My Friend Pinto,MOVIE,sweet honest optimistic michael pinto knack finding trouble search childhood friend leads big city outlandish adventure,2011,PG,115,"['comedy', 'crime', 'drama']",['IN'],0.0,tt1512220,5.3,392.0,1.489,5.0,0.886,0.4939
tm1079495,A Second Chance : Rivals !,MOVIE,maddy takes coaching team young twelveyearold gymnasts faces intense city versus country rivalry racism cyberbullying selfdoubt eventually takes challenge head,2019,PG,89,"['drama', 'family', 'sport']",['AU'],0.0,tt9810420,4.6,394.0,7.151,7.3,-0.5423,0.3164
ts252661,La Línea : Shadow Narco,SHOW,go inside la lnea spanish beach town turned europes drug trafficking hub meet law enforcement officials determined change,2020,TV-MA,30,"['documentation', 'crime']",['ES'],1.0,tt12875794,6.4,394.0,11.722,6.7,0.34,0.0
ts82867,Becoming Champions,SHOW,series looks stories behind athletes countries achieved world cup champion status,2018,TV-G,51,"['documentation', 'sport']",['US'],1.0,tt8796068,6.7,396.0,1.4,6.0,0.5994,0.5267
ts253722,Sing On !,SHOW,fun fastpaced music contest hosted tituss burgess players sing hearts try hit right notes win 60000,2020,TV-G,36,"['reality', 'music']",['US'],1.0,tt12923734,6.4,399.0,2.441,8.5,0.7964,0.0
ts103638,Standup Away ! Brian Regan,SHOW,bryan regan blends trademark observational standup short sketches bit audience interaction hybrid comedy series,2018,TV-PG,25,['comedy'],['US'],1.0,tt9384194,5.7,400.0,1.208,7.7,0.3612,0.0
tm558730,A Champion Heart,MOVIE,troubled girl finds faith hope healing relationship wounded horse,2018,G,90,['family'],['US'],0.0,tt4738912,5.9,406.0,3.756,8.2,0.4019,0.5994
ts343427,Samurai Rabbit : The Usagi Chronicles,SHOW,teenage rabbit aspiring become real samurai teams new warrior friends protect city yokai monsters ninjas evil aliens,2022,TV-Y7,25,"['animation', 'action', 'comedy', 'family', 'fantasy', 'scifi']",['US'],1.0,tt12717354,6.5,407.0,5.716,6.7,0.0772,0.0
ts268648,Anitta : Made Honório,SHOW,intimate documentary brazilian pop queen anitta opens fame family fierce work ethic revealing woman behind hits,2020,TV-MA,30,"['documentation', 'music']",['BR'],1.0,tt13486136,6.9,409.0,2.634,5.5,0.4404,0.0
ts80342,AMO,SHOW,despite philippine governments crackdown narcotics high schooler joseph expands drug running cop uncle profits corruption,2018,TV-MA,24,"['crime', 'drama']",['PH'],1.0,tt7218736,6.4,409.0,3.804,6.0,0.5106,0.0
tm144263,Aagey Se Right,MOVIE,aage se right story chance coincidence real life humor based present day mumbai film spans five days panic chaos mayhem,2009,G,117,"['comedy', 'crime', 'drama']",['IN'],0.0,tt1479667,5.2,411.0,1.216,5.0,-0.5994,0.0
tm182026,Zokkomon,MOVIE,orphan abused abandoned believed dead upon return first feared ghost projected superhero,2011,PG,109,"['fantasy', 'drama', 'family', 'action']",['IN'],0.0,tt1605790,4.0,411.0,1.927,6.8,-0.9442,0.0
ts82979,Talking Tom Friends,SHOW,armed technological gear great ideas unfailing sense humour talking tom friends mission reach stardom costs,2014,TV-G,14,"['animation', 'comedy', 'drama', 'family', 'action', 'fantasy', 'european']",['US'],5.0,tt4648640,6.1,411.0,22.213,8.2,0.886,0.4767
ts251272,Skin Decision : Before After,SHOW,skin beauty expert nurse jamie plastic surgeon dr sheila nazarian use latest procedures bring clients best selves,2020,TV-MA,40,['reality'],['US'],1.0,tt12588326,5.8,413.0,1.408,8.0,0.8402,0.0
ts308516,"Young , Famous & African",SHOW,reality series follows crew famed affluent stars work play flirt feud johannesburg south africa allafrican reality series includes actor khanyi mbau musician diamond platnumz rapper nadia nakai,2022,TV-MA,43,['reality'],['ZA'],1.0,tt15302054,4.4,417.0,5.222,9.3,0.34,0.0
ts76159,Super Monsters,SHOW,preschool kids whose parents worlds famous monsters try master special powers preparing kindergarten,2017,TV-Y,13,"['animation', 'comedy', 'family', 'horror']",['CA'],3.0,tt10370958,6.2,417.0,8.924,7.6,0.4019,0.5994
tm156453,FTA,MOVIE,documentary political troupe headed actors jane fonda donald sutherland traveled towns near military bases us early 1970s group put shows called fta stood fk army aimed convincing soldiers voice opposition vietnam war raging time various singers actors entertainers performed antiwar songs skits show,1972,R,97,"['war', 'documentation', 'music', 'comedy']",['US'],0.0,tt0068562,6.2,418.0,1.268,6.1,-0.5574,0.0
ts346500,Wild Babies,SHOW,adventures lion cubs elephants penguins pangolins learn cope ups downs life wild try best reach adulthood unforgiving world,2022,TV-PG,30,['documentation'],['GB'],1.0,tt19398016,7.7,421.0,3.289,7.6,0.7717,0.0
tm1219831,Dirty Daddy : The Bob Saget Tribute,MOVIE,bob sagets friends family honor late comedian night laughter music jim carrey chris rock jeff ross john stamos,2022,PG-13,83,['comedy'],['US'],0.0,tt20854216,6.6,422.0,6.328,5.8,0.9022,-0.4404
tm997608,Hate Dani Rovira,MOVIE,uncensored monologue dani rovira todays society,2021,PG-13,82,['comedy'],['ES'],0.0,tt13323128,6.7,422.0,11.023,7.4,0.0,-0.5719
ts83710,First Last,SHOW,take intimate look emotionally charged first last days new soontobe released inmates georgias gwinnett county jail,2018,TV-MA,41,['documentation'],['US'],1.0,tt8893502,6.7,423.0,4.425,7.7,-0.2023,0.0
ts85202,Brainchild,SHOW,germs emotions social media science world explained way thats refreshingly relatable,2018,TV-Y7,24,"['documentation', 'family']",['US'],1.0,tt9203042,7.9,425.0,2.902,8.3,0.0,0.0
ts87698,Examination Conscience,SHOW,allegations child sexual abuse spains catholic institutions examined interviews survivors clergy journalists experts,2019,TV-MA,52,"['documentation', 'crime', 'history']",['ES'],1.0,tt9584024,7.8,427.0,2.183,8.8,-0.6369,0.0
ts84782,Larva Island,SHOW,stranded tropical island two silly larva buddies find slapstick fun everything discovering food meeting new animal friends,2018,TV-Y7,8,"['animation', 'comedy']","['US', 'KR']",2.0,tt9077194,6.5,430.0,15.128,6.9,0.7579,0.0
tm358239,DeRay Davis : How Act Black,MOVIE,dynamic comic deray davis hits stage like ball fire nailing finer points living dating handling show business black man,2017,PG,66,['comedy'],['US'],0.0,tt7288084,6.1,432.0,2.337,6.1,0.4019,0.0
ts80057,Last Hope,SHOW,causing near extinction mankind seven years ago genius scientist leon lau must fight ecological disaster unwittingly created,2018,TV-14,24,"['drama', 'animation', 'action', 'scifi']",['JP'],1.0,tt8893554,5.8,434.0,8.604,5.4,-0.6908,0.4404
ts102933,Les de l'hoquei,SHOW,seven young roller hockey players new coach fight save female section club pati minerva trying find place inside outside team,2019,TV-MA,51,"['drama', 'sport']",['ES'],2.0,tt9486226,6.8,437.0,7.492,7.7,0.1531,0.0
ts29199,Monty Python 's Personal Best,SHOW,series six outrageous onehour specials showcasing groundbreaking comedians,2006,TV-PG,56,"['comedy', 'animation']","['US', 'GB']",1.0,tt0795156,7.9,441.0,0.6,8.0,-0.2023,0.6369
ts273275,Marriage Mortgage,SHOW,married single weve heard could buy house price wedding ever stopped think actually marriage mortgage wedding planner real estate agent compete win hearts budgets spousestobe pick fairytale nuptials dream home,2021,TV-G,40,['reality'],['US'],1.0,tt14037542,5.1,442.0,2.338,10.0,0.5994,0.0
ts296179,The War Next-door,SHOW,two antagonistic families end living next door posh neighborhood matriarchs ensue fullscale war unintended consequences,2021,TV-MA,33,['comedy'],['MX'],2.0,tt14821886,5.7,444.0,82.278,7.3,-0.765,-0.5994
ts301609,Love Is Blind : Brazil,SHOW,dating experiment comes brazil local singles look true love get engaged without meeting person face face,2021,TV-MA,56,"['reality', 'romance']",['BR'],1.0,tt15018224,6.1,445.0,3.182,6.4,0.8658,0.3612
tm197423,Oct-01,MOVIE,september 1960 nigeria verge independence british colonial rule northern nigerian police detective dan waziri urgently despatched colonial government trading post town akote western region nigeria solve series female murders struck horror hearts minds local community getting akote murders committed local tension high volatile waziri race hands solve case even local women killed set backdrop national celebratory mood impending independence waziri pulled game cat mouse killer try outwit,2014,PG-13,149,"['thriller', 'crime', 'drama']",['NG'],0.0,tt3206616,6.4,446.0,1.347,6.2,-0.9686,0.0
ts284885,Abla Fahita : Drama Queen,SHOW,falsely incriminated abla fahita separated kids selfindulgent diva stop nothing redeem reunite family,2021,TV-14,25,"['drama', 'comedy', 'crime']",['EG'],1.0,tt11570224,6.5,446.0,1.4,8.5,-0.296,0.0
ts41899,Nightmare Teacher,SHOW,homeroom teacher yosan private high school accident thus substitute comes fill han bonggu mysterious man strange occurrences class president yerim tries get bottom mystery,2016,TV-MA,16,"['drama', 'horror', 'thriller']",['KR'],1.0,tt6209442,7.1,446.0,5.677,8.4,-0.5994,0.0
ts55533,Legend Quest,SHOW,evil force threatens village gifted teen talk ghosts puts skills good use one legend time,2017,TV-Y7,25,"['comedy', 'fantasy', 'animation']",['MX'],1.0,tt5038900,7.2,449.0,5.669,8.0,-0.6249,0.0
ts82565,Sparta,SHOW,ever asked place desires could suddenly come true play sparta sparta game without rules experiencing game change life reason virtual world crossing borders becoming part daily routine,2018,TV-MA,53,"['thriller', 'drama']",['RU'],1.0,tt6840106,6.6,449.0,9.31,7.7,0.6369,0.0
ts86940,COMEDIANS world,SHOW,global standup comedy series features diverse set comics 13 regions bringing perspectives whats funny around world,2019,TV-MA,30,['comedy'],[],1.0,tt8685446,6.5,450.0,3.703,6.7,0.6597,0.4466
ts74962,True Rainbow Kingdom,SHOW,somethings wrong rainbow kingdom bighearted guardian true best friend bartleby grant wishes save day,2017,TV-Y,21,"['animation', 'comedy', 'family', 'fantasy']",['CA'],4.0,tt5607658,7.2,451.0,7.851,8.8,0.9246,0.4215
ts293346,Race : Bubba Wallace,SHOW,follows nascar driver bubba wallace competes 23xi racing team,2022,TV-MA,47,"['documentation', 'sport']",['US'],1.0,tt14513646,5.9,453.0,2.052,5.7,0.0,0.0
ts237071,The Forest Love : Deep Cut,SHOW,nothings seems charismatic conman aspiring film crew delve lives two emotionally scarred women,2020,TV-MA,40,"['drama', 'crime', 'horror', 'thriller']",['JP'],1.0,tt12079236,6.8,453.0,6.072,7.0,0.0,0.4767
ts85183,Vai Anitta,SHOW,go behind scenes brazilian superstar anitta singer reveals shes consolidating international career,2018,TV-MA,30,"['documentation', 'reality']",['BR'],2.0,tt8961530,5.5,455.0,1.994,6.8,0.0,0.0
ts78217,Welcome Family,SHOW,dont choose family family chooses,2018,TV-MA,48,['comedy'],['ES'],2.0,tt7490342,6.6,455.0,5.935,7.4,0.0,0.4588
ts20238,Boss & Me,SHOW,based gu mans popular internet novel story tells kind hearted young girl works big conglomerate however one weaknesses eating loves eat upon discovering boss decides intentionally fatten happens share blood type sister thus motive making blood donor hence comedy ensues melts heart exceptional appetite cute charm,2014,TV-PG,45,"['comedy', 'romance']",['CN'],1.0,tt6186406,7.3,456.0,5.829,9.0,0.959,0.0
tm927286,Making The Witcher,MOVIE,journey extraordinary world witcher casting roles jaskiers catchy song behindthescenes look series go behind monsters ballads every bit magic went bringing witchers continent life,2020,PG-13,37,['documentation'],['GB'],0.0,tt12987838,6.8,456.0,19.659,7.6,0.0,0.0
ts83430,Smoking,SHOW,seeking greater justice band homeless assassins flays human targets delivers tattooed skins proof contract fulfilled,2018,TV-MA,24,"['crime', 'drama', 'comedy']",['JP'],2.0,tt8758778,7.4,457.0,2.955,8.0,0.8271,0.0
ts328617,Too Hot Handle : Brazil,SHOW,sizzling hot young brazilians meet dreamy beach resort shot r500000 fun reality show theyll give sex,2021,TV-MA,56,"['reality', 'romance']",['BR'],1.0,tt14902484,5.4,457.0,8.147,7.1,0.5106,0.0
ts85686,The Casketeers,SHOW,francis kaiora tipene passionate proprietors tipene funerals unique opportunity look behind scenes business littleexplored vital service cultures last taboo addressed dignity aroha,2018,TV-14,22,"['reality', 'documentation']",['NZ'],5.0,tt8365054,7.4,459.0,3.095,6.3,0.8176,0.0
ts309930,Remarriage & Desires,SHOW,exclusive matchmaking agency women strive marry desirable bachelor highest echelon society,2022,TV-14,62,['drama'],['KR'],1.0,tt15268768,7.2,459.0,56.948,7.667,0.4215,0.0
ts81944,The Comedy Lineup,SHOW,diverse group upandcoming comedians perform 15minute sets standup comedy showcase series,2018,TV-MA,15,"['comedy', 'action']",[],2.0,tt10777324,5.9,461.0,0.84,6.0,0.5719,0.3612
ts310331,Twenty Somethings : Austin,SHOW,set austin texas growingup reality show twentysomethings find love friendship embark new adventure life,2021,TV-MA,32,['reality'],['US'],1.0,tt15204216,5.9,462.0,2.018,1.5,0.8555,0.0
tm350607,Escape Mr. Lemoncello 's Library,MOVIE,twelve 12yearolds escape ridiculously brilliant library ever created escape mr lemoncellos library plunks dozen sixthgraders middle futuristic library night nonstop fun adventure,2017,G,69,"['fantasy', 'family']","['CA', 'US']",0.0,tt5878476,5.3,465.0,6.236,5.8,0.886,0.1779
ts36630,Dinotrux,SHOW,half dinosaur half construction truck fullon fun watch giant ty rux little buddy revvit crew come facetoface evil dstructs,2015,TV-Y7,23,"['action', 'comedy', 'family', 'animation']",['US'],5.0,tt1396212,6.7,465.0,8.914,7.4,0.128,0.0
ts285469,Headspace Guide Sleep,SHOW,learn sleep better headspace episode unpacks misconceptions offers friendly tips concludes guided winddown,2021,TV-G,19,"['documentation', 'animation']",['US'],1.0,tt14318406,6.8,466.0,3.01,8.3,0.7269,0.0
ts242210,The Cursed,SHOW,im jin hee gung ho reporter ring thing covers violent case involving forest biggest company south korea chairman forest jin jong hyun relies heavily shamanism investigation im jin hee learns spiritual consulting company affiliated forest head affiliate company jin kyung trying reveal secret behind forest im jin hee meets jin possessed spirit special ability,2020,TV-MA,62,"['thriller', 'scifi', 'drama', 'fantasy']",['KR'],1.0,tt11841276,7.1,466.0,4.435,7.9,0.2023,0.0
ts255104,Deaf U,SHOW,reality series tightknit group deaf hard hearing students share stories explore life gallaudet university,2020,TV-MA,19,"['reality', 'documentation', 'drama']",['US'],1.0,tt13070478,6.4,466.0,7.534,5.8,0.2023,0.0
ts270798,Love ( ft . Marriage Divorce ),SHOW,everything comes unraveling three successful women work radio show twists turns troubles plague seemingly happy marriages,2021,TV-PG,69,"['drama', 'romance']",['KR'],3.0,tt13814840,6.6,467.0,24.115,6.3,0.6705,0.6369
ts521,Black Ink Crew New York,SHOW,reality series chronicling daily operations staff drama african americanowned operated tattoo shop harlem new york,2013,TV-14,43,['reality'],['US'],10.0,tt10590068,4.6,468.0,7.659,8.5,0.0,0.0
tm232090,Snervous Tyler Oakley,MOVIE,eight years sharing snippets life online see intimate truth tyler oakleys relationship family followers fame sold international tour,2015,PG-13,82,['documentation'],['US'],0.0,tt5073746,5.4,473.0,2.707,5.7,0.7906,0.0
tm928541,Barbie : Princess Adventure,MOVIE,new friends new kingdom barbie learns means trades places royal lookalike musical adventure,2020,G,71,"['animation', 'family']",['US'],0.0,tt12767498,5.5,474.0,79.617,7.3,0.6597,0.3182
ts4866,Fated Love You,SHOW,fated love also known youre destiny sticky note girl destiny love 2008 taiwanese drama starring joe chen ethan juan baron chen bianca bai produced sanlih etelevision directed chen ming zhang location filming taiwan hong kong shanghai holds record highest average singleepisode rating 1091 peak 1364 episode 20 broadcast 27 july 2008 broke previous record held prince turns frog series first broadcast taiwan freetoair taiwan television 16 march 2008 24 august 2008 every sunday 2200 cable tv sanlih etelevision 22 march 2008 30 august 2008 every saturday 2100 fated love nominated 2008 six awards 43rd golden bell awards taiwan awarded 2008 best television series best marketing programme fated love aired saturdays hawaiis kiku television 800,2008,TV-G,67,"['comedy', 'family', 'drama', 'romance']",['TW'],1.0,tt1483930,7.4,476.0,4.692,7.2,0.9862,0.6369
ts272669,Waffles + Mochi,SHOW,curious puppet pals waffles mochi travel world exploring wonders food culture learning cook fresh ingredients,2021,TV-Y,28,['family'],['US'],1.0,tt14035218,7.3,479.0,2.959,6.9,0.5574,0.0
ts85618,Prince Peoria,SHOW,prankster prince wants experience life ordinary teen leaves kingdom live incognito single mom studious son,2018,TV-Y7,26,"['comedy', 'family']",['US'],2.0,tt8001718,5.7,481.0,9.166,7.0,0.0,0.0
tm1001097,Beauty,MOVIE,young singer brink promising career finds torn domineering family industry pressures love girlfriend,2022,R,95,"['drama', 'music', 'romance']",['US'],0.0,tt11364112,3.9,492.0,87.939,5.9,0.5574,0.5859
tm85369,Hattrick,MOVIE,despite cricket fever running wild two people india dislike influence lives first dr satyajit chavan permit anyone home hospital view hear anything related second kashmira recently married sarabjeet singh hates cricket husband obsessed even neglected attentive leave alone take honeymoon hemandra patel located england 10 years works airport janitor told everyone customs officer awaiting word becoming citizen fate rests immigration officer cook hates patels including sardar vallabhai patel watch world cup influences shock awaits hemandra finds daughter secretly seeing englishafrican male name silver,2007,PG,110,"['drama', 'comedy', 'romance', 'sport']",['IN'],0.0,tt0979891,4.3,495.0,2.115,5.0,-0.9432,0.0
ts55576,Buddy Thunderstruck,SHOW,follow outrageous highoctane adventures buddy thunderstruck truckracing dog brings guts good times town greasepit,2017,TV-Y7,23,"['comedy', 'family', 'sport', 'animation', 'action']",['US'],2.0,tt6591468,7.7,495.0,3.267,8.4,0.3182,0.0
ts1413,Autumn 's Concerto,SHOW,autumns concerto 2009 taiwanese drama starring ady vanness wu f4 tiffany hsu produced sanlih etelevision directed chen hui ling drama started filming june 2009 completed december 2009 first broadcast taiwan freetoair taiwan television 4 october 2009 28 february 2010 sundays 2200 2330 also shown cable tv sanlih etelevision 10 october 2009 6 march 2010 saturdays 2100 2230 autumns concerto nominated 2010 best marketing programme 45th golden bell awards taiwan known drama serial shot child actor xiao xiao bin stardom autumns concerto broken records high ratings scoring 823 peak point episode 18 aired january 31 2010 autumns concerto broken records prince turns frog become second highest rating taiwanese idol drama highest rating held fated love autumns concerto airs hawaiis kiku television weekly saturdays 700,2009,TV-14,58,"['drama', 'family', 'romance']",['TW'],1.0,tt3530668,7.8,495.0,7.776,7.6,0.7351,0.0
ts269286,Once Upon Time ... Happily Never After,SHOW,tragically separated couple must find another life break spell town arrival two tourists threaten chance,2022,TV-MA,30,"['scifi', 'comedy', 'fantasy']",['ES'],1.0,tt13560186,5.4,496.0,73.753,7.5,-0.6486,0.5574
ts341760,Byron Baes,SHOW,australian influencers flock byron bay warm beachy beauty cool creative vibe follow friends negotiate life love,2022,TV-MA,39,['reality'],['AU'],1.0,tt14537060,2.6,498.0,1.658,6.0,0.9531,0.0
ts269280,Kings Jo'Burg,SHOW,masire brothers rule johannesburgs criminal underworld supernatural family curse tangled web betrayal threaten destroy,2020,TV-MA,53,"['crime', 'thriller']",['ZA'],1.0,tt13453828,5.0,499.0,5.53,7.9,-0.9501,0.0
ts53346,Chasing Cameron,SHOW,series stars dallas famous friends embarking new tour magcon around europe aaron carpenter taylor caniff blake gray trey schafer willie jones also starring series,2016,TV-PG,28,['reality'],['US'],1.0,tt6370626,3.5,500.0,2.452,5.8,0.4767,0.0
tm416458,The Insomnia Club,MOVIE,three people insomnia get together supermarket share experiences,2018,PG-13,84,"['comedy', 'drama']",['MX'],0.0,tt6719840,6.2,501.0,2.128,6.3,0.296,0.0
ts80084,Dragon Pilot : Hisone Masotan,SHOW,straightforward innocent hisone amakasu selfdefense force rookie stationed air selfdefense forces gifu base struggling fact sometimes hurts people unintentionally innocent words decided join air selfdefense force hoping maintain certain distance people decision led fateful encounter profoundly changed life otf dragon hidden base chose hisone pilot soared sky hisone fate dragon pilot decided said dragons key future world,2018,TV-14,25,"['animation', 'scifi', 'drama', 'fantasy']",['JP'],1.0,tt8528256,6.9,501.0,7.435,7.9,0.6124,0.0
ts288808,The Longest Night,SHOW,centres psychiatric prison group armed men aim capture incarcerated serial killer met resistance prison director,2022,TV-MA,45,"['action', 'crime', 'drama', 'thriller']",['ES'],1.0,tt14463552,5.8,502.0,0.6,6.643,-0.8979,0.0
ts313849,Blown Away : Christmas,SHOW,tis season five returning artists fill hot shop festive designs one win cash stocking merry christmas indeed,2021,TV-PG,29,['reality'],[],1.0,tt15665668,6.7,502.0,0.6,7.5,0.8834,0.0
tm1227918,Under Amalfi Sun,MOVIE,year romance began riccione vincenzo camilla reunite vacation picturesque amalfi coast put love test,2022,PG-13,90,"['romance', 'comedy', 'drama']",['IT'],0.0,tt15311262,5.2,502.0,561.722,6.3,0.886,0.0
tm993435,Cousins,MOVIE,separated children three cousins unshakable bond confront painful pasts embark emotional journey find,2021,R,98,['drama'],['NZ'],0.0,tt10483044,6.9,503.0,1.706,7.3,-0.4588,0.0
ts269740,How To Ruin Christmas,SHOW,prodigal daughter tumi tries make things right completely ruining sisters pictureperfect christmas wedding,2020,TV-MA,50,"['drama', 'comedy']",['ZA'],2.0,tt13492362,6.0,503.0,2.344,10.0,-0.3167,-0.5859
ts35505,Old Money,SHOW,family blessed richness power desperately seeking liver father wants hand wealth one gets organ,2015,TV-MA,47,"['comedy', 'drama', 'european']",['AT'],1.0,tt3701442,7.3,503.0,2.488,6.3,0.8979,0.0
tm71558,The Legend Nahuala,MOVIE,leo san juan insecure child nine years old lives eternally frightened horror stories nando tells older brother within stories legend nahuala according old abandoned casona possessed spirit evil witch known nahuala,2007,PG,80,"['fantasy', 'animation', 'family']",['MX'],0.0,tt1003009,6.1,511.0,47.66,7.6,-0.9559,0.0
ts241363,Alba,SHOW,chain events kickstarted young girl gangraped four boys,2021,TV-MA,50,['drama'],['ES'],1.0,tt12446242,6.2,511.0,87.031,7.1,0.0,0.0
ts251028,Detention,SHOW,period martial law 1960s taiwan teachers students cui hua high school arrested possessing banned books female student fell death rumors spread ghost haunting campus thirty years later draconian culture school remains unchanged new transfer student uncovers dark secrets behind schools haunting,2020,TV-MA,49,"['drama', 'horror', 'thriller']",['TW'],1.0,tt13175760,6.3,512.0,4.759,7.9,-0.9382,-0.3612
ts187070,Pup Academy,SHOW,welcome secret world pups learn humans best friend pup academy follow three unlikely puppies human friends work together discover power friendship create everlasting bonds dogs humans,2019,TV-Y,27,"['family', 'comedy']",['US'],2.0,tt10302548,6.5,512.0,13.06,7.0,0.9552,0.0
ts85451,45 RPM,SHOW,birth music label three characters fighting dreams inside complex inside music industry,2019,TV-MA,57,"['drama', 'music']",['ES'],1.0,tt8987918,7.1,513.0,3.804,6.9,0.0516,0.0
ts82192,Samantha !,SHOW,child star 80s samantha clings fringes celebrity hilarious harebrained schemes launch back spotlight,2018,TV-MA,28,['comedy'],['BR'],2.0,tt6626676,6.5,517.0,3.396,6.1,0.4019,0.0
ts83070,72 Dangerous Animals : Asia,SHOW,fangs claws venomous stings wield deadly weapons creature crowned fiercest,2018,TV-14,47,['documentation'],['US'],1.0,tt8989864,6.6,517.0,10.561,6.2,-0.4404,-0.4767
ts325756,Midnight Asia : Eat · Dance · Dream,SHOW,night brings playful side asias metropolises docuseries captures food drink music night owls shine dark,2022,TV-MA,37,['documentation'],['SG'],1.0,tt16583602,6.6,518.0,1.766,6.0,0.4404,0.25
tm1120766,Angèle,MOVIE,belgian pop star angle reflects life hopes finds balance amid tears joys loneliness fame told words,2021,R,84,"['documentation', 'music']","['FR', 'BE']",0.0,tt15820298,7.0,518.0,4.432,7.1,0.6369,0.0
ts90995,1994,SHOW,archival video new interviews examine mexican politics 1994 year marked rise ezln assassination luis donaldo colosio,2019,TV-MA,178,"['documentation', 'history']",['MX'],1.0,tt10243640,7.6,524.0,2.626,8.7,-0.5994,0.0
ts38805,Beat Bugs,SHOW,jay kumi crick buzz walter best friends band together explore learn overgrown suburban backyard entire universe episode animated series features songs beatles performed artists including daniel johns robbie williams pink tell uplifting lifeaffirming stories filled hope melody,2016,TV-Y,15,"['family', 'animation', 'comedy', 'fantasy']",['AU'],3.0,tt4716268,7.6,524.0,6.682,6.6,0.8807,0.0
ts331449,Hei $ : The Great Robbery Brazil 's Central Bank,SHOW,august 2005 tunnel almost 80 meter long thiefs invaded bank vault brazils central bank fortaleza stole 160 milions reais ou nealy 35 tons cash documenty explores spectacular historic heist,2022,TV-14,61,"['documentation', 'crime']",['BR'],1.0,tt18274172,6.4,525.0,5.81,6.4,0.0,0.6249
ts310938,New Heights,SHOW,business consultant michi wyss inherits late fathers troubled farm must confront rural past familys future,2021,TV-MA,48,['drama'],['CH'],1.0,tt15393644,6.7,525.0,8.664,7.9,-0.5719,0.0
ts270439,Best Leftovers Ever !,SHOW,home cooks compete transform leftovers delicious creations finding ways give old leftovers new life hopes winning 10000 prize,2020,TV-G,36,['reality'],['US'],1.0,tt13563634,5.6,526.0,1.467,6.8,0.9413,0.6696
ts284297,All American : Homecoming,SHOW,follows young tennis hopeful beverly hills elite baseball player chicago contend high stakes college sports,2022,TV-14,39,"['drama', 'sport']",['US'],2.0,tt14088994,5.3,527.0,9.277,8.1,0.5423,0.0
ts296563,Who Rules The World,SHOW,legendary wuxia romance focuses decadelong romance hei fengxi bai fengxi adventures embark together,2022,TV-PG,42,"['drama', 'fantasy', 'romance']",['CN'],1.0,tt14950036,8.3,530.0,16.75,5.9,0.8625,0.0
ts250803,Say I Do,SHOW,reality show couples overcome obstacles celebrate love surprise dream weddings designed three experts less week,2020,TV-14,54,['reality'],"['GB', 'US']",1.0,tt12540060,7.7,531.0,1.323,7.7,0.8555,0.0
ts347762,Baby Fever,SHOW,fertility doctor drunkenly inseminates exboyfriends sperm scrambles explain pregnancy win back lost love,2022,TV-MA,32,"['drama', 'comedy', 'romance']",['DK'],1.0,tt19389564,6.2,532.0,7.276,6.3,0.7717,0.0
ts84772,Ingress : The Animation,SHOW,scientists discover mysterious substance influence human minds two factions wage allout battle control awesome power,2018,TV-MA,24,"['scifi', 'animation', 'action']",['JP'],1.0,tt9561968,6.5,534.0,9.173,7.4,0.3612,0.0
ts317612,Love Blind : Japan,SHOW,reality dating series marriageminded singles japan meet date get engaged ever setting eyes,2022,TV-PG,57,"['reality', 'romance']",['JP'],2.0,tt15943826,7.1,535.0,2.581,7.5,0.4019,0.3612
tm1120509,Never Back Down : Revolt,MOVIE,woman kidnapped forced compete elite underground fights battle way freedom,2021,R,89,"['action', 'crime', 'drama', 'sport']",['US'],0.0,tt13470094,4.0,535.0,81.744,6.6,-0.4767,0.0
tm823302,Alice Júnior,MOVIE,story alice junior transgender girl full life wants give first kiss first wants really,2019,PG-13,90,"['romance', 'comedy', 'drama', 'animation']",['BR'],0.0,tt8217188,6.8,541.0,2.977,6.8,0.4215,0.0
tm814894,Parchís : Documentary,MOVIE,spotlights parchs record companycreated spanish boygirl band unprecedented success top 10 songs hit films 80s,2019,PG-13,105,"['documentation', 'music']",['ES'],0.0,tt10511826,6.8,542.0,2.838,6.7,0.6705,0.0
ts90594,Barbie : Dreamhouse Adventures,SHOW,barbie sisters friends neighbour ken share vlogs filmed dreamhouse,2018,TV-Y,22,"['animation', 'comedy', 'family']",['US'],5.0,tt7661472,6.7,543.0,36.15,8.2,0.6486,0.34
ts86682,7 Days Out,SHOW,witness excitement drama behind scenes seven days leading major live events worlds sports fashion space food,2018,TV-PG,47,['documentation'],['US'],1.0,tt9315990,6.7,544.0,0.663,9.0,0.4939,0.0
ts42218,Sin senos sí hay paraíso,SHOW,young woman born mafiacontrolled town seeks revenge wrongfully harmed imprisoned family,2016,TV-MA,47,"['action', 'drama', 'romance', 'crime']",['CO'],4.0,tt5676412,6.5,554.0,243.868,7.5,-0.8591,-0.5574
ts280693,Thomas & Friends : All Engines Go !,SHOW,reboot classic tv series younger thomas tank engine goes adventures friends work island sodor,2021,TV-Y,11,"['animation', 'fantasy', 'drama', 'family', 'music', 'comedy']",['US'],1.0,tt13940396,2.0,555.0,1.287,8.0,0.6705,0.5255
ts89067,Love Fortune,SHOW,wako taira 31yearsold works parttime cinema close home boyfriend fukun lived together 3 years never thought breaking boyfriend considering age one day meets high school student yumeaki iko cant resist wako taira affair yumeaki iko,2018,TV-MA,58,"['drama', 'romance']",['JP'],1.0,tt8649316,7.3,555.0,4.984,6.5,0.0,0.6369
tm374357,Going Gold,MOVIE,seventeen year old emma joins high school cheerleading team moves australia dad former air force officer,2018,G,89,"['drama', 'family', 'sport']",['AU'],0.0,tt7104578,4.7,557.0,7.581,6.8,0.296,0.0
ts330132,800 Meters,SHOW,aug 17 2017 spain suffers two terrorist attacks perpetrated young people integrated spanish society could something like happen,2022,TV-MA,53,"['documentation', 'crime']",['ES'],1.0,tt13323170,6.9,560.0,2.177,5.0,-0.8481,0.0
ts105608,Puerta 7,SHOW,unflinching exploration argentinas infamous soccer barra bravas bare torsoed soccer fans feared public even police responsible fatalities soccer matches,2020,TV-MA,41,"['crime', 'drama', 'thriller']",['AR'],1.0,tt9170386,5.6,560.0,6.19,7.1,-0.5994,0.0
ts305732,Metal Shop Masters,SHOW,group metal artists torch cut weld epic badass creations hardened steel one win 50000 prize,2021,TV-MA,33,['reality'],['US'],1.0,tt15216520,5.7,561.0,2.822,6.3,0.7906,0.0
ts189314,Tiffany Haddish Presents : They Ready,SHOW,tiffany haddish introduces favorite comedians series standup performances,2019,TV-14,23,"['comedy', 'reality']",['US'],2.0,tt10085386,6.5,563.0,0.961,6.2,0.6369,0.3612
ts241486,Pokémon Journeys : The Series,SHOW,young trainer ash new friend goh become research fellows professor cerises laboratory traveling world learn pokmon,2020,TV-PG,22,"['animation', 'action', 'scifi', 'comedy', 'family', 'fantasy']",['JP'],1.0,tt14033496,6.9,563.0,1.4,6.0,0.4939,0.0
ts298766,Pirate Gold Adak Island,SHOW,expert team unearth legendary pirate treasure follow hunt buried gold amid harsh alaskan wilderness documentary series,2022,TV-14,29,['reality'],['US'],1.0,tt14849626,4.6,563.0,20.51,5.7,-0.1779,0.0
tm158671,A Fairly Odd Summer,MOVIE,get ready oddest summer yet timmy turner fairies going summer vacation hawaii unfortunately timmy something tells us wont relaxing holiday magic fairy world stake villains like vicky foop crocker tail theres way hell able enjoy,2014,G,66,"['fantasy', 'comedy', 'family', 'animation']",['US'],0.0,tt3149536,3.8,564.0,8.572,5.9,-0.8437,-0.3182
ts317297,The Orbital Children,SHOW,2045 two children born moon three kids earth try survive accident space station leaves stranded,2022,TV-14,32,"['scifi', 'animation', 'drama', 'fantasy']",['JP'],2.0,tt13351614,6.4,564.0,11.016,7.6,-0.4767,0.0
ts89361,The Idhun Chronicles,SHOW,necromancer takes magical world idhun two adolescent earthlings help fight assassin sent kill idhunese refugees earth,2020,TV-14,27,"['action', 'scifi', 'animation', 'fantasy']",['ES'],2.0,tt9731266,5.3,568.0,9.044,7.5,-0.6808,0.0
ts317144,Adventure Beast,SHOW,brave zoologist spunky niece anxious assistant explore world saving wild beasts adult animated educationalcomedy series,2021,TV-MA,19,"['comedy', 'animation']",['US'],1.0,tt15478708,5.2,569.0,3.268,7.4,0.34,0.3182
tm1207094,Pete Davidson Presents : The Best Friends,MOVIE,pete davidson jokes rumors free plane rides weird year invites friends onstage night standup comedy music,2022,PG-13,58,"['comedy', 'documentation']",['US'],0.0,tt20723748,4.7,569.0,3.503,7.0,0.8481,0.8074
ts241248,Cocomelon,SHOW,town cocomelon baby jj siblings go fun everyday adventures nursery play exploration learning situations preschooler could relate fun relatable stories set toetapping songs,2018,TV-PG,6,"['animation', 'comedy', 'family']","['US', 'GB']",4.0,tt12427840,4.7,570.0,3.372,7.1,0.9231,0.0
ts90645,Drug Squad : Costa del Sol,SHOW,four intrepid impulsive police officers form special narcotics unit combat birth drug trafficking spains costa del sol 1970s,2019,TV-MA,64,"['drama', 'crime', 'action', 'thriller', 'romance']",['ES'],1.0,tt8478108,6.7,571.0,5.835,7.0,0.0772,0.0
ts227412,Shaun Sheep : Adventures Mossy Bottom,SHOW,clever sheep shaun loyal dog bitzer rest mossy bottom gang cook oodles fun mischief farm,2020,TV-Y7,12,"['animation', 'comedy', 'family']",['GB'],1.0,tt11983342,8.1,572.0,3.911,8.8,0.7845,0.34
tm1160424,AI Love You,MOVIE,modern love story set near future ai building powered human feelings due software glitch falls love real girl escapes building body real man tries win affections,2022,PG-13,95,"['scifi', 'comedy', 'romance', 'drama']",['TH'],0.0,tt11182810,4.4,572.0,95.533,5.828,0.9451,0.6369
ts57281,All Hail King Julien : Exiled,SHOW,juliens dethroned loyal friends unlikely allies propel lovable lemur colorful journey take back kingdom,2017,TV-Y7,23,"['animation', 'comedy', 'family', 'fantasy']",['US'],1.0,tt6865906,7.4,575.0,6.841,8.5,0.8807,0.0772
ts88146,Larry Charles ' Dangerous World Comedy,SHOW,legendary comedy writer director larry charles travels world search humor unusual unexpected dangerous places,2019,TV-MA,59,"['documentation', 'comedy']",['US'],1.0,tt9654082,7.3,576.0,1.513,6.0,0.128,-0.1531
ts283614,Haunted : Latin America,SHOW,real peoples terrifying tales chilling unexplained paranormal come life dramatic reenactments reality series,2021,TV-14,34,"['horror', 'reality']",['MX'],1.0,tt14164238,5.3,579.0,71.946,7.3,-0.5859,-0.4767
ts221151,Living Undocumented,SHOW,eight undocumented families fates rollercoast united states immigration policies transformed,2019,TV-MA,43,['documentation'],['US'],1.0,tt10977486,6.6,580.0,1.19,6.0,0.4215,0.0
tm1207098,Amy Schumer Presents : Parental Advisory,MOVIE,amy schumer welcomes favorite comedians stage special family life pressures parenting joys remarriage,2022,R,57,"['comedy', 'documentation']",[],0.0,tt20723730,3.8,581.0,3.269,4.8,0.8885,0.0
ts53065,One More Time,SHOW,fantasy drama follows indie band singer repeatedly undergoes unwanted time slips girlfriend must save unlucky fate,2016,TV-14,31,"['scifi', 'drama', 'fantasy']",['KR'],1.0,tt6212990,6.8,582.0,3.778,7.2,0.3182,0.0
ts44663,Oscar 's Oasis,SHOW,follows sunbaked adventures oscar lizard middle desert finding misadventures wherever goes finding water fleeing band misfits,2010,TV-Y,9,"['animation', 'comedy', 'european']",['FR'],1.0,tt2080922,7.4,586.0,4.963,7.4,0.34,0.0
tm1174856,Chappelle 's Home Team - Earthquake : Legendary,MOVIE,earthquake shakes stage takes health wealth prostate exams one particularly lengthy celebrity funeral,2022,R,36,['comedy'],[],0.0,tt18278666,6.9,588.0,3.399,6.1,0.1119,0.0
ts223110,Sugar Rush Christmas,SHOW,everything love sugar rush holly jolly holiday twist christmasthemed spin competitive baking,2019,TV-PG,51,['reality'],['US'],2.0,tt11168116,6.8,590.0,2.274,7.7,0.8979,0.0
ts78442,Coach Snoop,SHOW,see different side snoop dogg unique documentary details famous rappers efforts mentor young athletes create opportunities compete highest level youth football well meet kids coaches form snoops squad witness important life lessons learn every game,2016,TV-MA,29,['documentation'],['US'],2.0,tt5697642,6.7,590.0,2.881,7.8,0.765,0.0
ts262246,The Last Bus,SHOW,embarking lifechanging field trip group whipsmart students fight save humanity army ruthless drones,2022,TV-PG,35,"['scifi', 'comedy', 'drama', 'family', 'fantasy']",['GB'],1.0,tt12885670,5.0,590.0,3.658,8.2,0.1531,0.0
tm843958,Rogue Warfare : The Hunt,MOVIE,next installment rogue warfare trilogy daniel captured team find late,2019,R,103,['action'],['US'],0.0,tt7983712,3.1,590.0,8.239,5.6,-0.296,-0.296
ts218890,Drifting Dragons,SHOW,dragons rulers sky many people surface dire threat time valuable source medicine oil food hunt dragons travel skies dragonhunting airships story one ships quin zaza crew,2020,TV-14,24,"['animation', 'action', 'scifi', 'fantasy']",['JP'],1.0,tt11418344,6.0,591.0,6.905,7.7,-0.5106,0.0
ts56636,My Sassy Girl,SHOW,set joseon dynasty period romance takes place coldhearted gyunwoo princess hyemyung causes troubles,2017,TV-14,44,"['comedy', 'romance']",['KR'],1.0,tt6175760,6.8,597.0,6.648,7.3,0.1531,0.0
ts223308,Astronomy Club : The Sketch Show,SHOW,unique individual perspectives converge unified voice sketch comedy group astronomy club delivers smart absurd brand humor,2019,TV-MA,20,['comedy'],['US'],1.0,tt10675488,6.9,598.0,1.4,7.2,0.836,0.0
ts76079,Grizzy & Lemmings,SHOW,forest rangers house area human civilization middle untamed wilderness vast natural reserve canada ranger away bear named grizzy feels rangers house territory given bears sit top food chain making way inside home grizzy takes advantage modern conveniences including comfortable sofa air conditioning fully equipped kitchen hes alone though group small creatures called lemmings also populate rangers house away grizzy lemmings civilized enough live together peace becomes atmosphere madness two sides try outdo tricks,2016,TV-Y7,7,"['animation', 'comedy', 'family', 'european']",['FR'],3.0,tt6717058,7.1,599.0,23.688,8.3,0.7717,0.0
ts88821,I Hear You,SHOW,bei er duo girl ordinary family dreams studying japan professional voice actor however mother wants marry rich whilst young leading continuous blind dates irritate bei er duo desperation raise funds studying overseas well helping best friend tang li crisis bei er duo joins couple reality program encountering top violin maker ye shu wei,2019,TV-14,44,"['drama', 'comedy', 'romance']",['CN'],1.0,tt10327440,7.2,601.0,10.936,7.9,0.7351,0.0
ts86978,Power Rangers Beast Morphers,SHOW,set future secret agency combines newly discovered substance called morphx animal dna create power rangers beast morphers team rangers must fight evil sentient computer virus bent taking source ranger power morphin grid,2019,TV-Y7,22,"['action', 'animation', 'scifi', 'thriller', 'comedy', 'drama', 'fantasy']",['ES'],2.0,tt8022978,6.5,602.0,1.802,9.7,-0.7096,0.0
ts331680,Making Fun,SHOW,grumpy expert maker jimmy diresta fields kids ideas delightfully pointless inventions hes mood pals build em,2022,TV-PG,41,['reality'],['US'],1.0,tt17737382,7.1,602.0,5.137,7.0,0.5719,0.5106
ts75341,Final Fantasy XIV : Dad Light,SHOW,father son rekindle bond online roleplaying game final fantasy xiv liveaction series based true story,2017,TV-PG,30,['drama'],['JP'],1.0,tt6497076,7.2,604.0,2.953,7.4,0.4215,0.0
ts42155,Home : Adventures Tip & Oh,SHOW,picking 2015 film left comingofage buddy comedy follows fearless tip overenthusiastic oh navigate crazily combined human alien culture live finding adventure everywhere go,2016,TV-Y7,21,"['comedy', 'scifi', 'animation', 'family', 'fantasy']",['US'],4.0,tt5759196,6.0,604.0,6.585,7.0,0.6369,0.34
tm677746,Bombay Rose,MOVIE,bombay rose beautiful handpainted animation created award winning animator gitanjali rao amidst bustle magnetic multifaceted city budding love two dreamers tested duty religious divides,2019,PG-13,97,"['drama', 'romance', 'animation']","['FR', 'IN', 'QA']",0.0,tt8435324,6.2,608.0,5.39,6.7,0.9517,0.0
ts317078,The Journalist,SHOW,journalist known maverick news media defiantly chases truth series adaptation hit movie name,2022,TV-14,51,"['crime', 'drama', 'thriller']",['JP'],1.0,tt15101670,7.0,608.0,6.078,8.1,0.3182,0.0
ts299321,Dogs Space,SHOW,notsodistant future earths scientists send fleet genetically enhanced dogs explore galaxy search new planet call home,2021,TV-Y7,22,"['family', 'fantasy', 'scifi', 'animation', 'action', 'comedy']",['US'],1.0,tt14906826,7.1,609.0,7.154,7.4,0.0,0.0
tm989672,Creating The Queen 's Gambit,MOVIE,fascinating character exquisite sets wig every era stars creators crew reveal hit series chess prodigy came life,2021,PG-13,14,['documentation'],['US'],0.0,tt13818410,6.9,609.0,10.374,8.0,0.5423,0.296
tm352243,Interview Serial Killer,MOVIE,jailhouse interview arthur shawcross genesee river killer shares candid details crimes surprising family bonds,2008,PG-13,44,"['documentation', 'crime']",['US'],0.0,tt6978288,5.9,611.0,1.378,5.1,-0.25,-0.6486
ts84639,revisions,SHOW,isolated city unknown enemy uncertain past prophecy future children fight future bring back present matter theyre going home,2019,TV-MA,23,"['animation', 'action', 'scifi']",['JP'],1.0,tt9522354,5.9,612.0,4.35,7.0,-0.8591,0.0
ts36127,Turbo FAST,SHOW,turbo snails improbable win indianapolis 500 superfast racer finds life forever changed returns victory tour namely tito human companion built starlite city massive miniature city elaborate adjoining race track turbo fellow snails live race however turbo finds new life less hectic friends face new rivals varieties eager take champion regardless danger turbo colleagues fast action stunt team ready challenge,2013,TV-PG,19,"['comedy', 'family', 'sport', 'scifi', 'animation', 'action']",['US'],3.0,tt3010520,6.3,613.0,7.35,8.7,0.9085,0.0
ts81858,Larva,SHOW,two curious worms spend days investigating otherworldly objects fall grate subterranean world,2011,TV-G,2,"['comedy', 'family', 'animation', 'drama', 'horror', 'thriller']",['KR'],5.0,tt5906984,7.1,615.0,9.644,7.4,0.3182,0.0
ts78356,The Rain,SHOW,brutal virus wipes population two young siblings embark perilous search safety scandinavian thriller series,2018,TV-MA,43,"['scifi', 'thriller', 'drama']",['DK'],3.0,tt6656238,7.3,616.0,98.788,7.415,-0.2263,0.0
ts301914,Inspector Koo,SHOW,reclusive excop reenters game insurance investigator searching clues crime scenes perfectly staged serial killer midst,2021,TV-14,69,"['comedy', 'drama', 'thriller', 'crime', 'action']",['KR'],1.0,tt14731794,6.9,619.0,18.817,7.3,-0.5574,0.0
ts78353,Misty,SHOW,popular anchorwoman prime time news show becomes suspect murder case estranged husband worked prosecutor past works public defender decides defend wife,2018,TV-MA,71,"['drama', 'crime', 'thriller', 'romance']",['KR'],1.0,tt7890244,8.1,620.0,5.594,7.9,-0.5719,0.0
ts244930,Angry Birds : Summer Madness,SHOW,sparks feathers fly teenage red chuck bomb stella spend wild summer together angry birds camp splinterwood,2022,TV-Y7,14,"['action', 'comedy', 'family', 'fantasy', 'animation']",['US'],2.0,tt12027896,5.8,620.0,17.106,7.3,-0.7579,-0.7351
ts74928,Einsatzgruppen : The Nazi Death Squads,SHOW,documentary series examines einsatzgruppen nazis responsible mass murder jews romani soviet prisoners eastern europe,2009,TV-14,44,"['documentation', 'history', 'war', 'european']",['FR'],1.0,tt6953928,7.6,622.0,1.649,7.3,-0.7717,-0.5994
ts217719,Basketball Nothing,SHOW,lives chinle high school boys basketball team based navajo nation reservation arizona,2019,TV-PG,34,"['documentation', 'sport']",['US'],1.0,tt10698408,7.4,623.0,3.315,8.3,0.0,0.0
ts35360,Inspector Gadget,SHOW,dr claw returns inspector gadget brought retirement defeat penny brains open participation,2015,TV-Y,22,"['action', 'scifi', 'animation', 'comedy', 'family']","['CA', 'US']",4.0,tt3910690,4.5,625.0,10.856,6.9,-0.4588,0.0
tm433048,This Is Night,MOVIE,summer 1982 staten island anticipates opening blockbuster boxing movie italianamerican family must confront greatest challenges,2021,R,100,"['drama', 'comedy']",['US'],0.0,tt7743120,5.4,626.0,5.428,7.2,0.8271,0.0
ts87372,Ultramarine Magmell,SHOW,one day middle pacific ocean miracle occurred new continent appeared nowhere new continent home new mysterious plants creatures minerals humanity excited age exploration returned,2019,TV-14,24,"['animation', 'action', 'fantasy']",['JP'],1.0,tt9826314,6.0,627.0,10.92,7.0,0.7964,0.0
ts356995,How Change Your Mind,SHOW,author michael pollan leads way docuseries exploring history uses psychedelics including lsd psilocybin mdma mescaline,2022,TV-MA,54,['documentation'],['US'],1.0,tt21062540,8.2,627.0,19.552,7.0,0.0,0.0
ts82419,Zac & Mia,SHOW,zac mia based novel aj betts 2 teens battling cancer hospital real world zac mia would pretty much nothing common hospital theyre 2 teens ward develop unbreakable bond cancer variable changed everything constant everdeepening need one another,2017,TV-14,20,['drama'],['US'],2.0,tt7487358,7.8,628.0,1.741,8.0,-0.8689,-0.296
ts287741,"Fresh , Fried & Crispy",SHOW,passionate food ready fun critic daym drops drops americas smokin hot spots best freshest takes fried food,2021,TV-PG,25,"['documentation', 'reality']",['US'],1.0,tt14644428,6.2,631.0,2.407,7.8,0.9062,0.3182
ts77600,Hot Date,SHOW,sketchcomedy series chronicles social waters dating sex marriage diving ritual romance based collegehumor webseries name,2017,TV-MA,19,['comedy'],['US'],2.0,tt7603386,7.1,633.0,1.692,6.6,0.5994,0.0
ts11794,The Cat Hat Knows Lot About That !,SHOW,cat hat back time hes teaching sally brother nick awfully nifty things think,2013,TV-Y,19,"['animation', 'family', 'fantasy', 'scifi', 'comedy']","['CA', 'US', 'GB']",3.0,tt1699440,6.4,634.0,5.109,7.8,0.4576,0.0
tm473647,ReMastered : The Lion 's Share,MOVIE,discovering family solomon linda writer lion sleeps tonight reporter tries help fight fair compensation,2019,PG-13,84,"['music', 'documentation']",['US'],0.0,tt9046576,6.9,637.0,2.952,7.0,0.34,0.296
ts86067,Death Magic,SHOW,magician drummond moneycoutts travels globe sharing infectious love craft attempting feats proved fatal magicians,2018,TV-14,35,['reality'],['US'],1.0,tt8887956,6.0,641.0,3.231,6.9,0.5423,-0.5994
tm1118234,Lords Scam,MOVIE,documentary traces rise crash scammers conned eu carbon quota system pocketed millions turning one another,2021,R,105,"['documentation', 'crime']",['FR'],0.0,tt15711402,6.3,641.0,9.583,6.7,-0.4019,-0.5719
ts88552,Go ! Live Your Way,SHOW,charismatic gets scholarship elite performing arts school makes close friends clashes owners popular daughter,2019,TV-Y7,40,"['drama', 'romance', 'comedy', 'family']",['AR'],2.0,tt9654086,6.7,641.0,26.206,9.1,0.7096,0.0
ts79707,Edha,SHOW,revenge passion dark secrets push successful fashion designer single mother limits meets handsome mysterious man,2018,TV-MA,40,['drama'],['AR'],1.0,tt7956274,4.9,647.0,9.754,6.3,0.765,0.0
ts41294,Mossad 101,SHOW,cadets every level israeli society undergo intense training join countrys elite highly classified intelligence service mossad series revolves around secret mossad compound called hamidrasha surrounded surveillance cameras equipped technological devices compound operates training course 13 trainees sent complicated missions order test suitability occupation improvisation seduction impersonation abilities yonna commander course criticizes mediocrity mossads agents demands new trainees higher level execution decides create new training program test trainees via unusual radical situations apart excellence yonna demands creative box thinking,2015,TV-MA,42,"['action', 'drama']",['IL'],2.0,tt4354042,6.7,649.0,5.022,5.9,0.9228,0.0
ts56032,La Niña,SHOW,young woman part guerrilla force seeks better life city wants study medicine heal instead hurt shell challenge since part outsidethelaw groups always leaves consequences,2016,TV-MA,0,"['action', 'drama']",['CO'],1.0,tt5677942,8.4,649.0,23.759,7.7,-0.0516,0.0
tm985712,"Strip Down , Rise Up",MOVIE,feature documentary follows women walks life ages ethnic backgrounds shed trauma body image shame sexual abuse issues locked bodies embark journey reclaim film also gives rare window world pole artistry expression,2021,R,112,['documentation'],['US'],0.0,tt13787118,5.2,656.0,15.961,7.0,-0.8779,0.0
tm21953,Sam Kinison : Breaking Rules,MOVIE,great performance yelling energetic storytelling talks marriage drugs arrested thanks exwife pleasing women religion much much,1987,R,50,"['comedy', 'documentation']",['US'],0.0,tt0307403,7.2,660.0,1.843,7.2,0.8807,0.0
ts57913,Strongest Deliveryman,SHOW,two gutsy food delivery workers strive overcome socioeconomic disadvantages achieve big goals bump love along way,2017,TV-MA,55,"['drama', 'romance']",['KR'],1.0,tt7022748,7.3,660.0,17.237,6.8,0.3612,0.4404
ts58025,My Little Pony : Equestria Girls,SHOW,fulltime students parttime magical ponygirls equestria girls always ready save day magic friendship,2017,TV-Y,22,"['animation', 'comedy', 'family', 'fantasy']",['US'],1.0,tt13160278,6.5,661.0,11.9,8.1,0.8225,0.0
ts308511,Back 15,SHOW,unhappy work personal life anita discovers way travel back age 15 change past,2022,TV-14,0,"['drama', 'comedy']",['BR'],1.0,tt15301854,6.6,662.0,5.829,6.3,-0.4215,0.0
ts260502,Until Life Do Us Part,SHOW,family paixo runs farm wedding parties business going well love parents vanessa daniel appears ended grandparents luisa joaquim seem inseparable children rita marco completely distinct opinions love,2021,TV-MA,49,['drama'],['PT'],1.0,tt13053042,7.5,663.0,2.681,9.2,0.9217,0.0
ts243256,Social Distance,SHOW,shot isolation tragicomic anthology series features dark funny takes people strive stay connected staying apart,2020,TV-MA,20,"['drama', 'comedy']",['US'],1.0,tt12313074,5.7,664.0,12.324,6.8,0.0,0.0
ts222522,Spriggan,SHOW,ancient civilizations relics earth hold dangerous powers arcam corporations spriggan agents keep wrong hands,2022,TV-MA,46,"['animation', 'action', 'war', 'scifi', 'drama', 'thriller']",['JP'],1.0,tt10011306,7.0,664.0,16.71,6.9,-0.7351,0.0
ts80208,Fugitiva,SHOW,woman organizes escape plan camouflaged kidnapping protect children husbands enemies,2018,TV-MA,52,"['drama', 'thriller', 'action', 'crime']",['ES'],1.0,tt7158972,5.6,665.0,5.727,6.9,0.0258,0.0
ts43230,The Deep,SHOW,adventures nekton family family daring underwater explorers live aboard stateoftheart submarine aronnax explore uncharted areas earths oceans unravel mysteries deep,2015,TV-Y7,22,"['action', 'family', 'scifi', 'animation']",['AU'],4.0,tt4991910,7.8,667.0,13.096,7.8,0.6124,0.0
ts272515,Dealer,SHOW,tensions erupt two filmmakers infiltrate area ruled gangs shoot music video rapper gritty foundfootage series,2021,TV-MA,41,"['action', 'drama', 'thriller', 'crime']",['FR'],1.0,tt13702252,6.1,671.0,3.65,7.0,-0.6249,0.0
ts55484,My Only Love Song,SHOW,song soojung arrogant pop star believes status money get anywhere defines worth accidentally falls timeslip portal travels back time joseon era meets ondal man loves money yet generous without,2017,TV-MA,29,"['drama', 'romance', 'comedy', 'fantasy']",['KR'],1.0,tt6125832,7.0,672.0,9.524,8.3,0.5106,0.6369
ts282876,"Nevenka , Breaking The Silence",SHOW,story first sexual harassment case spain scandal nevenka fernndez protagonist discusses documentary,2021,TV-14,38,"['documentation', 'crime']",['ES'],1.0,tt14091172,6.9,674.0,1.159,8.0,-0.7506,0.0
ts86164,Hero Mask,SHOW,rash mysterious deaths crown prosecutor sarah sinclair ssc agent james blood discover conspiracy surrounding uncanny new biomasks,2018,TV-14,25,"['animation', 'action', 'thriller', 'scifi', 'crime']",['JP'],2.0,tt9316078,6.1,675.0,4.779,6.3,-0.7269,0.5574
ts75750,Revolutionary Love,SHOW,byun hyuk younger son rich conglomerate family born silver spoon mouth lack difficulties life contributed carefree hopelessly positive mindset one day meets girl everything drama depiction youth learn love friendship,2017,TV-MA,68,"['comedy', 'romance']",['KR'],1.0,tt7340800,6.9,677.0,6.098,8.6,0.8834,0.6369
ts58137,Pac-Man Ghostly Adventures,SHOW,fate pacworld lies pac loyal crew protect power berries falling sinister hands betrayus evil army baddies,2013,TV-Y7,22,"['action', 'scifi', 'drama', 'animation', 'comedy', 'family', 'fantasy']","['CA', 'JP', 'US']",3.0,tt2392179,4.6,678.0,13.763,7.4,-0.7906,0.34
ts76511,The Big Family Cooking Showdown,SHOW,unscripted series families passionate food serve delicious dishes chance crowned britains best home cooks,2017,TV-PG,59,"['reality', 'european']",['GB'],2.0,tt7518558,7.0,682.0,2.706,7.4,0.9231,0.0
ts113748,Twelve Forever,SHOW,reggies dream kid forever dream powerful creates fantasy world perpetual youth,2019,TV-PG,14,"['family', 'fantasy', 'animation', 'action', 'comedy']",['US'],1.0,tt8009622,6.6,682.0,3.485,6.6,0.7845,0.0
ts269179,The G Word Adam Conover,SHOW,love hate government plays huge role lives adam conover explores triumphs failures might able change,2022,TV-MA,30,"['documentation', 'comedy']",['US'],1.0,tt13649532,6.7,682.0,4.603,5.5,0.5859,0.0
ts304709,Bake Squad,SHOW,expert bakers elevate desserts nextlevel ideas epic execution battle win clients need special sweets,2021,TV-PG,35,"['family', 'reality']",['US'],1.0,tt15078760,6.9,690.0,3.028,7.7,0.7964,0.0
tm838876,Undercover Brother 2,MOVIE,sixteen years ago undercover brother younger brother hot heels leader racist worldwide syndicate accidentally got caught avalanche white snow discovered thawed undercover brother remained coma little brother finish job started,2019,R,85,"['comedy', 'action']",['US'],0.0,tt6843446,3.4,690.0,4.658,3.9,-0.7506,0.0
ts308317,Snowflake Mountain,SHOW,bunch clueless kidults put paces wilderness survival retreat try kickstart standing two feet theres running water parents worst wifi,2022,TV-MA,38,['reality'],['GB'],1.0,tt15292870,4.9,691.0,3.681,6.7,-0.7003,0.0
ts75104,Zbrodnia,SHOW,peaceful lives residents inhabiting seaside town shaken following series macabre crimes,2014,TV-MA,45,"['crime', 'action']",['PL'],2.0,tt4173216,6.2,692.0,2.675,6.3,0.4404,0.0
ts82705,Cupcake & Dino - General Services,SHOW,enterprising cupcake cheerful dinosaur brother take jobs sorts work help friends strangers eccentric city,2018,TV-Y7,18,"['animation', 'comedy', 'action', 'family']","['CA', 'BR']",2.0,tt8697554,7.5,694.0,4.925,8.8,0.9118,0.0
ts87320,Can You Hear Me ?,SHOW,three friends lowincome neighborhood find humor hope lives grapple bad boyfriends dysfunctional families,2019,TV-MA,23,"['comedy', 'drama']",['CA'],3.0,tt9747016,7.6,697.0,6.936,9.0,0.5574,0.0
tm476959,What Did I Mess,MOVIE,romp revolves around dinner party hosted young vicacious nayla introduce fares love life silvio new fianc,2018,PG-13,100,"['comedy', 'romance']",['LB'],0.0,tt9163340,7.1,701.0,0.749,6.0,0.7845,-0.3612
ts106141,The Chosen One,SHOW,determined bring zika vaccine remote pantanal three doctors clash faith healer pulled deeper mysteries cult,2019,TV-MA,44,"['thriller', 'drama']",['BR'],2.0,tt9048368,5.7,701.0,7.873,8.2,0.6369,0.0
ts90280,Yankee,SHOW,run police arizona man crosses mexico gets deeply involved drug trafficking help modern technology,2019,TV-MA,38,"['drama', 'crime']",['MX'],1.0,tt9046782,5.8,701.0,8.38,6.6,0.4019,0.0
ts297065,Tattoo Redo,SHOW,bad tattoos walk great tattoos walk top artists transform tattoo disasters stunning coverups designs chosen clients loved ones,2021,TV-MA,28,['reality'],['US'],1.0,tt14956090,5.9,702.0,3.722,5.6,0.6486,0.0
ts88608,Cricket Fever : Mumbai Indians,SHOW,follow indian premier league champions mumbai indians 2018 season series featuring insider insights intense cricket action,2019,TV-MA,38,"['documentation', 'sport']",['IN'],1.0,tt8531592,7.2,710.0,1.4,9.0,0.5719,0.0
ts291150,Soil,SHOW,young entrepreneur turns belgiums moroccan community head trying change funeral tradition,2021,TV-MA,48,"['comedy', 'drama']",['BE'],1.0,tt14319674,7.1,710.0,2.744,8.0,-0.3612,0.0
ts83407,Follow This,SHOW,follow reporters buzzfeed probe topics ranging quirky internet crazes safe injection spaces opioid users,2018,TV-MA,18,['documentation'],['US'],3.0,tt8560884,4.9,711.0,0.902,6.0,0.4767,0.0
tm1022953,Who We Are : A Chronicle Racism America,MOVIE,jeffery robinsons talk history us antiblack racism archival footage interviews,2022,PG-13,117,['documentation'],['US'],0.0,tt14030682,6.2,715.0,3.747,4.7,-0.6249,-0.6249
ts90508,Flinch,SHOW,harrowing hilarious tests await brave foolhardy well judges comedy game show flinch feel pain,2019,TV-PG,24,['reality'],['GB'],1.0,tt9196244,4.3,717.0,3.863,5.6,0.6597,0.0
ts108593,The Unsettling,SHOW,becca 16yearold girl arrives new foster home located remote area foster siblings less welcoming none 11yearold biological son foster parents becca tries keep adjust new home strange things start happen around becca uncertain responsible,2019,TV-14,23,"['crime', 'fantasy', 'horror', 'scifi', 'thriller']",['US'],1.0,tt8680902,5.2,717.0,7.614,6.7,0.228,0.0
ts57964,Hotel Transylvania : The Series,SHOW,mavis navigates life without dad dracula around discovers one common human monster truths teenager bites,2017,TV-Y7,15,"['family', 'animation', 'comedy', 'horror', 'fantasy']",['US'],2.0,tt4858114,5.3,717.0,17.661,7.2,0.4215,0.0
tm375681,S Storm,MOVIE,suspect killed icac team investigating illegal soccer gambling hong kong,2016,PG-13,90,"['thriller', 'drama', 'crime', 'action']","['CN', 'HK']",0.0,tt5998744,5.1,721.0,2.201,5.7,-0.8834,0.0
ts306068,Luna Park,SHOW,1960s rome meeting freespirited young woman grew familys circus girl wealthy descent leads secrets intrigue unexpected loves,2021,TV-MA,50,"['drama', 'romance']",['IT'],1.0,tt15349110,6.4,721.0,4.545,8.1,0.7351,0.0
tm225675,Jeff Dunham : Unhinged Hollywood,MOVIE,previously unseen standup comedy jeff dunham sketches include popular characters brad paisley performs special appearances comic chris parnell former ufc champion chuck liddell,2015,PG,60,['comedy'],['US'],0.0,tt5038776,6.7,722.0,1.77,6.2,0.8979,0.0
ts81886,All About Washingtons,SHOW,wife legendary rapper launches career puts life tailspin,2018,TV-G,25,"['comedy', 'music']",['US'],1.0,tt7661368,4.5,723.0,2.02,4.6,0.0,0.0
ts39017,Dawn Croods,SHOW,worlds first family back laughs discover sports sleepovers wonders world exotic creatures adventures 2d animated cartoon based 3d animated feature film croods,2015,TV-Y7,23,"['action', 'comedy', 'family', 'animation']",['US'],4.0,tt5193172,5.8,723.0,27.252,7.7,0.6808,0.0
ts54100,World Winx,SHOW,winx travel world searching talent wow preventing mysterious talent thief kidnapping,2016,TV-Y7,24,"['action', 'fantasy', 'animation', 'comedy', 'family', 'european']","['US', 'IT']",2.0,tt5874596,6.6,727.0,6.824,8.2,0.7096,0.0
ts309235,Christmas Flow,SHOW,unlikely christmas romance blossoms famous rapper tenacious journalist make work despite differences,2021,TV-MA,50,"['romance', 'comedy', 'music']",['FR'],1.0,tt15340790,5.7,728.0,7.289,6.9,0.5574,0.0
ts288997,Human : The World Within,SHOW,diverse personal stories around world reveal lives passions goals facilitated human bodys various complex systems,2021,TV-PG,53,['documentation'],['US'],1.0,tt14574154,6.8,733.0,3.625,8.7,0.4939,0.0
tm976519,The App That Stole Christmas,MOVIE,tech entrepreneurs christmas shopping app smashing success starts realize invention might ruining holiday spirit,2020,PG,63,"['comedy', 'drama']",['US'],0.0,tt11378154,3.7,734.0,2.678,4.5,0.7269,0.0
tm320281,"Ca n't Stop , Wo n't Stop : A Bad Boy Story",MOVIE,behindthescenes look prolific labels legacy offer indepth look twonight anniversary extravaganza took place last may brooklyns barclays center honor late rap great notorious big,2017,R,80,"['music', 'documentation']",['US'],0.0,tt6628790,5.3,735.0,4.174,6.4,0.6597,0.6834
tm376739,Bethany Hamilton : Unstoppable,MOVIE,one fearless accomplished athletes generation bethany hamilton became surfing wunderkind returned sport following devastating shark attack age 13 continues chase waves also tackles motherhood,2019,PG,99,"['documentation', 'sport']",['US'],0.0,tt6435258,7.4,736.0,2.099,7.9,-0.3818,-0.2023
tm245383,Te Ata,MOVIE,extraordinary life chickasaw nation citizen mary thompson fisher given heartfelt tribute moving look culture transition way one woman used voice keep native traditions stories alive raised indian territory fisher left home pursue dream becoming actress find true calling home along chautauquas broadway even white house fisher traveled world performing native american songs stories heads state american presidents european royalty featuring chickasaw citizens front behind camera touching portrait starring qorianka kilcher new world graham greene honors woman whose story inspiring one never told tcff database,2017,PG,105,"['drama', 'history']",['US'],0.0,tt4061944,7.4,736.0,4.665,7.3,0.9432,0.0
ts320557,Elite Short Stories : Patrick,SHOW,away school winter holidays three new stories take place las encinas students celebrate christmas,2021,TV-MA,12,"['comedy', 'drama']",['ES'],1.0,tt16306836,6.1,737.0,51.19,7.3,0.743,0.0
ts273317,Pitta Kathalu,SHOW,four different women four journeys love betrayal common thread want dismantle patriarchy,2021,TV-MA,37,"['drama', 'romance']",['IN'],1.0,tt13878800,5.1,738.0,1.4,5.5,0.1779,0.0
ts288545,We People,SHOW,learn basics rights citizenship upbeat songs popular artists like janelle mone adam lambert brandi carlile,2021,TV-Y7,5,"['animation', 'comedy', 'family', 'music']",['US'],1.0,tt14770480,3.6,738.0,1.43,4.5,0.6486,0.0
ts224796,The Ghost Bride,SHOW,1890s malacca li lan finds afterlife becomes mired mystery linked sinister deceased son wealthy family,2020,TV-14,51,['drama'],"['TW', 'MY']",1.0,tt9690302,6.2,739.0,7.036,7.0,-0.34,-0.3182
tm324204,Monster Island,MOVIE,young lucas finds hes really human surprisingly transforms monster front popular kids school search monster island real roots takes fabulously scary journey puts face face tentacles fangs farout situations shake one new wings,2017,PG,80,"['comedy', 'animation', 'action', 'family', 'fantasy']","['IN', 'MX']",0.0,tt6269658,4.7,739.0,9.182,5.6,0.022,0.0
ts320502,Getting Curious Jonathan Van Ness,SHOW,jonathan van ness lets curiosity lead way roving snacks wigs podcast spinoff chockfull experts special guests,2022,TV-MA,26,"['comedy', 'reality']",['US'],1.0,tt16584084,6.8,741.0,2.01,7.7,0.4019,0.3182
ts310335,Insiders,SHOW,twelve people think theyre final casting round reality show fact theyre already secretly filmed 100000 euros stake,2021,TV-MA,46,['reality'],['ES'],2.0,tt15436028,4.2,742.0,4.397,6.9,0.0,0.0
ts302437,Kung Fu Panda : The Dragon Knight,SHOW,follow adventures po partners nononsense english knight named wandering blade find collection four powerful weapons mysterious pair weasels save world destruction,2022,TV-Y7,24,"['action', 'animation', 'family', 'fantasy', 'comedy']",['US'],1.0,tt18783984,5.9,742.0,656.832,7.5,-0.4215,-0.6908
ts269096,She Would Never Know,SHOW,office romance female senior doesnt want catch feelings younger men male junior handsome sexy straightforward style,2021,TV-14,64,"['drama', 'romance']",['KR'],1.0,tt13446244,7.5,743.0,34.287,8.8,0.8744,0.0
ts100354,Monzón : A Knockout Blow,SHOW,story argentinian boxer carlos monzn career life prison,2019,TV-MA,45,"['sport', 'crime', 'drama', 'history']",['AR'],1.0,tt9852660,7.9,744.0,3.878,8.3,-0.5106,0.0
ts285106,Under Suspicion : Uncovering Wesphael Case,SHOW,docuseries follows highprofile case belgian politician bernard wesphael accused murdering wife 2013,2021,TV-14,36,"['crime', 'documentation']",[],1.0,tt14078186,6.3,746.0,1.684,7.8,-0.7579,-0.3818
ts343492,Thermae Romae Novae,SHOW,proud bath architect ancient rome starts randomly surfacing presentday japan hes inspired many bathing innovations finds,2022,TV-MA,29,"['comedy', 'animation', 'fantasy', 'history']",['JP'],1.0,tt13357234,7.0,749.0,1.915,7.6,0.743,0.0
ts327074,Bullsh * Game Show,SHOW,throughout game players work way money ladder either answering questions correctly confidently giving incorrect answers persuading others accurate,2022,TV-14,0,['reality'],['US'],1.0,tt16912298,6.1,750.0,1.125,7.2,0.6705,0.0
tm983658,Rita Moreno : Just Girl Who Decided Go It,MOVIE,rita moreno defied humble upbringing relentless racism become one select group emmy grammy oscar tony award seventy year career paved way hispanicamerican performers refusing pigeonholed onedimensional stereotypes,2021,PG-13,90,['documentation'],['US'],0.0,tt10741846,7.7,750.0,4.916,7.1,-0.4767,0.0
ts56201,Cloudy Chance Meatballs,SHOW,series prequel featuring high school years flint lockwood eccentric young scientist films adventures joined sam sparks new girl town schools wannabe reporter along flints dad tim steve monkey manny head schools audiovisual club earl school gym teacher brent baby wear model mayor shelbourne wins every election prosardine platform,2017,TV-Y7,11,"['action', 'fantasy', 'scifi', 'animation', 'comedy', 'family']",['CA'],2.0,tt7584168,3.4,750.0,8.75,5.6,0.7269,0.25
ts51368,Skylanders Academy,SHOW,follow heroic adventures skylanders team group heroes unique elemental skills personalities travel vast skylands universe protecting evildoers showing next wave academy cadets things skylander way,2016,TV-Y7,23,"['action', 'animation', 'comedy', 'family', 'fantasy']",['US'],3.0,tt5916218,6.5,760.0,14.848,6.1,0.7096,0.0
ts103935,Bolívar : Una lucha admirable,SHOW,depicts life loves venezuelan gen simn bolvar helped liberate several latin american countries spain,2019,TV-MA,52,"['action', 'drama', 'romance']",['CO'],1.0,tt9327242,7.3,760.0,28.05,7.6,0.5719,0.5574
tm270490,The B-Side : Elsa Dorfman 's Portrait Photography,MOVIE,portrait photographer elsa dorfman found medium 1980 largerthanlife polaroid land 20x24 camera next thirtyfive years captured surfaces visited studio families beat poets rock stars harvard notables pictures begin fade retirement looms dorfman gives errol morris inside tour backyard archive,2017,R,76,['documentation'],['US'],0.0,tt5952468,6.7,763.0,2.203,6.8,-0.1531,0.0
ts236051,The Least Expected Day : Inside Movistar Team 2019,SHOW,pro cyclings movistar team sets sights victory road face challenges controversy internal conflict,2020,TV-MA,30,"['documentation', 'sport']",['ES'],3.0,tt12048124,7.4,765.0,3.051,7.1,-0.25,0.0
ts310376,"Sex , Love & Goop",SHOW,courageous couples journey toward pleasurable sex deeper intimacy help gwyneth paltrow team experts reality series,2021,TV-MA,35,"['reality', 'comedy', 'romance']",['US'],1.0,tt15470160,4.7,768.0,5.597,5.9,0.8591,0.6369
ts1464,The Cartel,SHOW,cartel follows ten friends members dangerous drug cartel whose ambition power money cause eventually kill undeniable truth business always lose,2008,TV-MA,44,"['action', 'drama', 'crime', 'thriller', 'comedy']",['CO'],2.0,tt1260520,8.0,774.0,189.665,7.5,-0.7269,0.0
ts254592,Song Exploder,SHOW,get inspired musicians dig deep creative process songwriting reveal intimate thoughts series based hit podcast,2020,TV-MA,25,"['documentation', 'music']",['US'],2.0,tt13110256,7.4,776.0,1.366,8.0,0.7269,0.0
ts6879,El Reemplazante,SHOW,former highranking financial executive finds redemption romance hes paroled prison sentence becomes math teacher,2012,TV-MA,45,['drama'],['CL'],2.0,tt2488050,8.5,777.0,4.391,8.0,0.1531,0.0
ts251378,Mystery Lab,SHOW,host felipe castanhari explores science history mysteries marvels uncovering mindblowing facts help lab buddies,2020,TV-PG,26,"['comedy', 'family', 'documentation', 'animation']",['BR'],1.0,tt12723962,7.4,782.0,1.858,7.4,0.6908,0.0
ts213232,Awake : The Million Dollar Game,SHOW,sleepless 24 hours contestants comedy game show stumble challenges eccentric everyday chance 1 million prize,2019,TV-PG,38,['reality'],['US'],1.0,tt10370956,5.9,783.0,0.706,6.2,0.7964,0.0
ts226403,The Circle Brazil,SHOW,fun reality competition online players try best flirt bond catfish way r300000 prize,2020,TV-MA,50,['reality'],['BR'],1.0,tt9581782,6.8,785.0,2.586,7.3,0.8957,0.0
tm1119172,Puff : Wonders Reef,MOVIE,baby pufferfish travels wondrous microworld full fantastical creatures searches home great barrier reef,2021,PG,59,"['documentation', 'family']","['AU', 'US']",0.0,tt15753666,7.1,796.0,20.188,7.8,0.765,0.0
ts317526,Selling Tampa,SHOW,along florida coast allure realty stands among crowd owned military vet sharelle rosado black female real estate firm eyes set dominating suncoast ladies equally fun fiercely ambitious vying top lavish world luxury waterfront real estate sharelle big plans brokerage wont let anyone anything get way making dreams reality,2021,TV-MA,40,['reality'],['US'],1.0,tt16227948,4.5,797.0,1.82,10.0,0.8271,0.0
ts52825,The Princess Weiyoung,SHOW,princess descended ruined noble family disguises woman saved life embarks mission avenge loved ones,2016,TV-14,45,"['drama', 'history', 'romance']",['CN'],1.0,tt6353308,7.7,800.0,10.875,7.2,0.6808,0.0
ts82559,Amazing Interiors,SHOW,meet eccentric homeowners whose seemingly ordinary spaces full surprises backyard roller coaster indoor aquarium,2018,TV-PG,26,['documentation'],"['GB', 'US']",1.0,tt8747342,6.6,802.0,3.207,6.4,0.2263,0.5859
tm954543,Wheels Fortune,MOVIE,claim big inheritance downonhisluck mechanic must win series competitions outlined birth fathers,2020,R,107,['comedy'],['US'],0.0,tt9735976,5.3,804.0,2.616,5.2,0.5859,0.0
ts77852,Trolls : The Beat Goes On !,SHOW,queen poppy tries keep troll villages peace bergens inviting parties playing sports preventing crime,2018,TV-G,20,"['comedy', 'animation', 'family', 'fantasy', 'romance']",['US'],8.0,tt7539608,5.8,806.0,21.406,8.6,0.6908,0.0
tm440415,John Leguizamo 's Latin History Morons,MOVIE,oneman broadway show john leguizamo finds humor heartbreak traces 3000 years latin history effort help bullied son,2018,PG,89,"['comedy', 'documentation']",['US'],0.0,tt9777830,7.3,808.0,3.851,7.4,-0.6124,-0.3182
tm430748,Neevevaro,MOVIE,kalyan blind chef vennela comes visiting restaurant fall love start making plans future vennela goes missing series unexpected shocking events follow,2018,PG,130,"['thriller', 'action', 'drama', 'romance']",['IN'],0.0,tt8571410,6.9,809.0,1.677,6.5,-0.34,0.0
ts89340,Crime Diaries : The Candidate,SHOW,1994 mexican presidential candidate luis donaldo colosios assassination sends dying widow racing uncover,2019,TV-MA,42,"['thriller', 'war', 'drama', 'crime']",['MX'],1.0,tt9327348,7.5,813.0,9.173,7.4,-0.5994,-0.5423
ts306526,Queen,SHOW,decadeslong absence renowned parisian tailor drag queen returns hometown poland make amends daughter,2022,TV-MA,49,['drama'],['PL'],1.0,tt15096884,7.1,815.0,8.782,7.3,-0.2263,0.0
ts252318,Million Dollar Beach House,SHOW,competition fierce drama undeniable group young hungry agents try seal deal luxury listings hamptons,2020,TV-MA,28,['reality'],['US'],1.0,tt12882136,4.2,816.0,1.672,5.7,0.0,0.0
ts89331,My Husband Wo n't Fit,SHOW,kumiko kenichi meet college build happy marriage together time unusual problem threatens destroy relationship,2019,TV-MA,35,"['drama', 'romance']",['JP'],1.0,tt10027946,6.7,818.0,8.368,6.3,-0.6249,-0.2755
tm130999,Dhoondte Reh Jaaoge,MOVIE,anand pawar kunal khemu raj chopra paresh rawal perhaps two extreme individuals walked city mumbai anand idealist chartered accountant raj idle film producer,2009,PG,135,"['comedy', 'drama']",['IN'],0.0,tt1391544,5.6,819.0,2.528,4.5,0.3818,0.0
ts84597,FIGHTWORLD,SHOW,actor fight enthusiast frank grillo travels world immersing different fight cultures understand traditions motivations,2018,TV-MA,42,['documentation'],['US'],1.0,tt9047526,7.5,822.0,3.396,6.8,-0.4019,0.0
ts81857,Club de Cuervos Presents : The Ballad Hugo Sánchez,SHOW,chava iglesiass doting personal assistant hugo snchez tasked leading club de cuervos victory nicaragua mom let,2018,TV-MA,33,"['comedy', 'drama']",['MX'],1.0,tt8498114,6.5,824.0,5.086,7.8,0.0,0.0
ts20709,Yowamushi Pedal,SHOW,sakamichi onada wimpy high school freshman loves anime initially wants enter anime club winds joining cycling club meeting two classmates already famous cyclists undertakes grueling training compete races discovers hidden talent cycling,2013,TV-14,25,"['comedy', 'animation', 'drama', 'sport']",['JP'],4.0,tt2943280,7.7,824.0,23.065,7.3,0.6808,0.0
ts75157,The Magic School Bus Rides Again,SHOW,ms frizzles sister takes class slew wild science adventures update beloved animated show,2017,TV-Y,25,"['animation', 'family', 'fantasy']",['US'],3.0,tt3869122,6.2,825.0,10.885,6.3,0.6908,0.0
ts302570,John God : The Crimes Spiritual Healer,SHOW,idolized medium joo teixeira de faria rises international fame horrifying abuse revealed survivors prosecutors press,2021,TV-MA,50,"['crime', 'documentation']",['BR'],1.0,tt15233856,6.5,826.0,1.812,7.8,-0.7184,0.2732
tm1102151,Bright : Samurai Soul,MOVIE,izo ronin raiden orc work bring young elf girl wand carries land elves north,2021,PG-13,80,"['fantasy', 'thriller', 'animation', 'action']",['JP'],0.0,tt14837960,5.5,830.0,39.563,5.8,0.0,0.4404
tm1229846,My Daughter 's Killer,MOVIE,father fights decades bring daughters killer justice france germany taking extreme measures,2022,R,83,"['documentation', 'crime']","['DE', 'FR']",0.0,tt21049266,6.9,832.0,177.035,6.6,-0.5574,-0.6486
tm833382,Keeping Bees,MOVIE,aye returns hometown northeastern turkey nurse gravely ill mother dies ayses mother tells leave ayse much loved bee hives manage ayses modern life moved away mountains childhood life bees honey central puts city life hold manage bees provide distraction grief ayse slowly starts work local bee keeper manage hives finds lessons childhood buried deep hives difficult manage remembers ayses failure pay needful attention local advice sees mothers bee hives seriously damaged lost forever whats caucasian bear becomes real threat hives life,2019,PG-13,93,['drama'],['TR'],0.0,tt12285116,5.8,834.0,1.779,6.0,-0.9678,0.0
ts2161,Angry Birds Toons,SHOW,angry birds toons tells life always easy piggie island red angry feathered companions chuck mathilda bomb blues terence must come together protect eggs future cunning plots bad piggies guides intelligence determination absolutely must thwart advanced technology piggies also incredibly many nevertheless huge advantage incredible stupidity piggies angry birds toon gives life characters adventures one popular games history presents amusing world cunning birds sworn enemies piggies,2013,TV-Y,2,"['comedy', 'family', 'fantasy', 'animation', 'action', 'european']",['FI'],4.0,tt3012598,6.2,835.0,6.854,6.7,0.0586,-0.5106
ts68146,Myths & Monsters,SHOW,documentary series tells stories gripped imaginations centuries reveals fascinating unexpected history behind,2017,TV-PG,43,"['documentation', 'fantasy', 'european']",['GB'],1.0,tt7531644,7.7,841.0,1.804,7.4,0.5423,0.0
ts77787,Pop Team Epic,SHOW,crude rude littlecute get ready largerthanlife attitude popuko pipimi small tall stars pop team epic based bizarre fourpanel webcomic bukubu okawa comes comedy thatll throw outthere jokes intense absurdity think youre ready girls think fer,2018,TV-MA,23,"['comedy', 'animation']",['JP'],2.0,tt7808370,6.9,844.0,7.074,7.3,-0.0516,0.0
ts82181,Back Street Girls -GOKUDOLS-,SHOW,group 3 yakuza failed boss last time messing important job boss gave 2 choices honorably commit suicide go thailand get sex reassignment surgery order become female idols gruesome year training become idols successfully debut overwhelming popularity much dismay tragedy truly begins,2018,TV-MA,24,"['comedy', 'animation']",['JP'],1.0,tt8693818,6.7,844.0,10.716,6.4,-0.1027,0.0
ts305788,The Perfect Mother,SHOW,convinced daughters innocence homicide devoted mother soon uncovers unsettling truths line victim perpetrator blurs,2022,TV-MA,49,"['drama', 'thriller']","['FR', 'DE']",1.0,tt15341198,5.9,845.0,14.164,6.0,0.6705,0.5719
ts287802,Penguin Town,SHOW,picturesque south african town eclectic group endangered penguins flock together find mates raise families mix locals,2021,TV-G,30,"['documentation', 'comedy', 'drama', 'family']",['ZA'],1.0,tt14677850,7.8,848.0,2.461,7.8,0.3818,0.0
ts225690,Vampire Garden,SHOW,vampires humans lived harmony young girl vampire queen search paradise divided world future two girls want forbidden human wants play violin vampire wants see wider world,2022,TV-14,26,"['drama', 'scifi', 'action', 'animation', 'fantasy', 'thriller']",['JP'],1.0,tt10011314,6.7,848.0,7.973,7.8,0.7783,0.0
tm1045603,The House Flowers : The Movie,MOVIE,de la mora siblings concoct mischievous plan break old family home retrieve hidden treasure significant importance,2021,R,86,"['drama', 'comedy']",['MX'],0.0,tt14549558,5.5,851.0,34.004,8.0,0.6705,0.0
tm146657,Jeff Dunham : All Over Map,MOVIE,jeff dunham iconic creations achmed walter peanut bubba j embarked unprecedented world tour five continents logging almost 100000 miles starring arenas american comedians dared perform tell wrong joke singapore united arab emirates risk handcuffed ever leave stage bring achmed dead terrorist stage malaysia government warning forbidding presence may never leave kuala lumpur dunham crafts pop culture references excite local audience upon entering country jeff shows humor truly universal time,2014,PG-13,41,['comedy'],"['IL', 'NO', 'ZA', 'AE', 'GB', 'IS', 'IE']",0.0,tt4209802,7.1,854.0,1.512,5.5,-0.6124,0.0
ts328671,"BASTARD‼ -Heavy Metal , Dark Fantasy-",SHOW,evil forces threaten resurrect anthrasax god destruction kingdom metallicana calls volatile dark wizard help,2022,TV-MA,25,"['animation', 'action', 'scifi', 'comedy', 'fantasy']",['JP'],1.0,tt17736234,6.7,854.0,23.009,6.8,-0.7845,0.0
ts250920,Home Game,SHOW,docuseries profiles unique dangerous traditional sports around world well communities cultures thrive,2020,TV-MA,29,"['documentation', 'sport']",['US'],1.0,tt12429046,7.0,855.0,2.907,6.4,-0.25,0.0
ts42628,Netflix Presents : The Characters,SHOW,rules expectations half hour make mark eight different comedians get episode show skills comedy,2016,TV-MA,33,['comedy'],['US'],1.0,tt5228026,5.2,861.0,4.376,5.2,0.5719,0.0
tm429984,Pachamama,MOVIE,young boy living remote village andes mountains dreams becoming shaman,2018,PG,72,"['fantasy', 'family', 'animation', 'european']","['FR', 'LU', 'CA']",0.0,tt5541002,6.8,864.0,5.619,7.1,0.4019,0.0
ts90511,Crime Diaries : Night Out,SHOW,going halloween party college student luis andrs colmenares found dead accident murder inspired true events,2019,TV-MA,44,['crime'],['MX'],1.0,tt10242266,7.3,865.0,11.376,7.3,-0.6597,-0.5423
ts346034,Blood Sisters,SHOW,connected dangerous secret best friends sarah kemi forced flee wealthy groom disappears engagement party,2022,TV-MA,57,"['drama', 'crime', 'thriller']","['US', 'NG']",1.0,tt19398068,5.0,867.0,6.182,8.7,0.7906,0.0
tm1137797,137 Shots,MOVIE,documentary law enforcement faces scrutiny americans demand justice police violence claims multiple black lives cleveland,2021,R,104,"['documentation', 'crime']",[],0.0,tt16379224,6.2,869.0,2.992,6.9,-0.296,0.0
ts257873,Dive Club,SHOW,dive club follows story feisty group teen divers search friend disappears cyclone hits cape mercy small coastal town,2021,TV-PG,27,"['drama', 'family']",['AU'],1.0,tt13275052,6.1,869.0,8.506,6.8,0.5106,0.0
tm296203,A Chaster Marriage,MOVIE,love duygu well favorite football team zafer one grownup men never really grow one day finds forced marriage father despite many funny attempts get marriage zafers plans yield result zafer understand meaning true love final whistle blows,2016,PG-13,93,"['comedy', 'romance', 'family']",['TR'],0.0,tt6379048,5.4,874.0,1.508,5.1,0.8978,0.0
tm455410,Grand-Daddy Day Care,MOVIE,man figure way make extra money fatherinlaw moves,2019,PG-13,91,"['comedy', 'family']",['FR'],0.0,tt8749922,4.9,875.0,6.649,6.6,0.0,0.4939
ts55559,Ask Storybots,SHOW,based awardwinning educational apps storybots curious little creatures live world beneath screens go fun adventures help answer kids questions like night happens need brush teeth,2016,TV-Y,26,"['animation', 'comedy', 'family']",['US'],3.0,tt5846856,8.4,878.0,7.471,8.4,0.9042,0.0
ts312082,Alchemy Souls,SHOW,powerful sorceress blind womans body encounters man prestigious family wants help change destiny,2022,TV-14,80,"['drama', 'action', 'thriller', 'scifi', 'comedy', 'fantasy', 'romance']",['KR'],1.0,tt20859920,8.6,878.0,108.72,8.0,0.4215,0.0
ts82739,Women Night,SHOW,haunted shadowy past wife rising star amsterdams mayoral office finds drawn citys underworld sex drugs,2019,TV-MA,47,"['drama', 'crime']","['NL', 'BE']",2.0,tt7785420,6.3,879.0,7.418,6.8,-0.4767,0.0
ts3666,Den-noh Coil,SHOW,denn coil coil circle children japanese science fiction anime television series depicting near future semiimmersive augmented reality technology begun enter mainstream series takes place fictional city daikoku hotbed ar development emerging citywide virtual infrastructure follows group children use ar glasses unravel mysteries half real half internet city using variety illegal software tools techniques virtual pets manipulate digital landscape denn coil development decade series director debut japanese animator mitsuo iso premiered nhk educational tv may 12 2007 due animators involved production unusually highprofile television broadcast time slot denn coil highly anticipated,2007,TV-Y7,25,"['scifi', 'animation', 'comedy', 'drama']",['JP'],1.0,tt1033796,7.8,881.0,13.045,7.9,-0.5574,0.0
tm466854,Uriyadi 2,MOVIE,young man struggles justice victims affected chemical plant leakage lead many deaths village,2019,G,119,"['action', 'thriller']",['IN'],0.0,tt10121762,7.1,888.0,2.803,6.9,-0.25,0.0
ts77755,Power Rangers Ninja Steel,SHOW,new team superhuman power rangers must work together use new ninja powers prevent evil dominating human race destroying planet earth universe,2017,TV-Y7,24,"['action', 'scifi', 'thriller', 'drama']",['US'],2.0,tt5335606,5.8,890.0,3.907,7.3,-0.8779,0.0
ts307745,Money Heist : From Tokyo Berlin,SHOW,filmmakers actors behind money heist characters like tokyo professor talk emotional artistic process filming money heist,2021,TV-MA,53,"['documentation', 'crime', 'drama']",['ES'],2.0,tt15384346,7.7,890.0,712.899,7.391,0.4767,0.0
ts83224,Toon,SHOW,reclusive socially awkward jingle composer toon must navigate nightmarish world show biz viral video skyrockets fame,2016,TV-MA,27,['comedy'],['NL'],2.0,tt5698140,7.6,892.0,2.503,8.2,0.3182,0.0
ts272092,Canine Intervention,SHOW,canine intervention follows renowned oakland dog trainer jas leverette runs one top dog training facilities california cali k9 works breeds confident able correct type behavior issue,2021,TV-14,36,"['documentation', 'reality']",['US'],1.0,tt13932598,6.5,892.0,5.511,7.0,0.6124,0.0
tm474862,Bennett 's War,MOVIE,surviving ied explosion combat overseas young soldier army motorcycle unit medically discharged broken back leg odds trains make impossible comeback motocross racer order support family,2019,PG-13,94,"['drama', 'sport']",['US'],0.0,tt7370952,6.0,899.0,6.412,7.1,-0.1531,-0.5994
ts95274,Age Tanks,SHOW,history powerful weapon land tank covers entire history paper designs early1900s beasts present day,2017,TV-PG,54,"['documentation', 'history']",['FR'],1.0,tt8107992,7.3,900.0,2.108,6.7,0.1531,0.0
ts216513,The Healing Powers Dude,SHOW,noah 11yearold boy social anxiety disorder start middle school turns mutt named dude sarcastic emotional support dog might need noah much noah needs,2020,TV-G,25,"['family', 'fantasy', 'action', 'comedy', 'drama']",[],1.0,tt10540562,6.4,902.0,10.053,7.2,-0.2732,0.0
ts55348,QB1 : Beyond Lights,SHOW,10part docuseries following highschool quarterbacks field throughout unforgettable senior seasons,2017,TV-14,32,"['drama', 'reality', 'documentation', 'sport']",['US'],3.0,tt5771332,7.7,905.0,2.01,7.0,0.0,0.0
ts223242,Was It Love ?,SHOW,14 years devoid romance struggling movie producer single mom faces unexpected arrival 4 men lifean author actor ceo younger manwho might revive dormant desire love,2020,TV-MA,69,"['drama', 'comedy', 'romance']",['KR'],1.0,tt12525622,7.1,907.0,4.721,8.1,0.8779,0.6369
ts321437,Fishbowl Wives,SHOW,due accident sakura hiraga gave dream married husband runs hair salon live luxurious penthouse apartment life seems glamorous envied everyone everyone know sakura hiraga abused physically verbally husband unable leave situation sakura hiraga considers goldfish fishbowl one day due goldfish meets man,2022,TV-MA,43,"['drama', 'romance']",['JP'],1.0,tt15410190,6.1,907.0,27.937,6.5,-0.5267,0.0
ts80090,The Piano Forest,SHOW,tranquil tale two boys different upbringings one hand kai born son prostitute whos playing abandoned piano forest near home ever since young syuhei practically breastfed piano son family prestigious pianists yet common bond piano eventually intertwines paths life,2018,TV-PG,26,"['comedy', 'drama', 'animation']",['JP'],2.0,tt8043492,7.2,912.0,10.181,5.9,0.296,0.0
ts80413,Busted !,SHOW,suspense surprises fun abound korean variety game show featuring big personalities even bigger mysteries every episode,2018,TV-14,75,"['thriller', 'comedy', 'reality']",['KR'],3.0,tt8328460,7.6,912.0,15.136,8.4,0.6369,0.0
ts329700,Life After Death Tyler Henry,SHOW,clairvoyant medium tyler henry offers clarity closure beyond searching familys past intimate reality series,2022,TV-MA,43,['reality'],['US'],1.0,tt18217272,5.9,913.0,2.222,5.5,0.4019,-0.5994
ts54110,Puffin Rock,SHOW,life sweet beautiful puffin rock puffling oona baby brother baba pals learn nature friendship family follow pufflings adventures explore wild island,2015,TV-Y,11,"['comedy', 'animation', 'family', 'european']",['IE'],2.0,tt3590338,8.6,919.0,3.171,8.0,0.9042,0.0
tm308241,Legends Hidden Temple,MOVIE,three siblings break away lackluster temple tour jungle finds immersed reallife mission comprised obstacles must complete order escape alive,2016,PG,68,"['action', 'family']",['US'],0.0,tt5333842,5.6,921.0,3.528,6.7,0.1779,0.0
ts228502,The Iliza Shlesinger Sketch Show,SHOW,mind iliza shlesinger comes secret world filled absurd characters insight female experience irreverent yet poignant social commentary,2020,TV-MA,19,['comedy'],['US'],1.0,tt11092086,4.9,923.0,1.96,8.0,0.0,0.0
ts27468,Transformers : Rescue Bots,SHOW,team specialized autobots quite ready primetime battles decepticons given vital mission optimus prime goal bots learn mankind help others find really means hero,2012,TV-Y7,22,"['scifi', 'action', 'animation', 'comedy', 'family']",['US'],4.0,tt2139371,6.4,925.0,9.697,8.2,0.8275,0.5106
ts294227,Farzar,SHOW,prince fichael crew venture domed human city fight evil aliens want kill begin journey fichael quickly discovers seems may living lie,2022,TV-MA,27,"['scifi', 'animation', 'action', 'comedy']",['US'],1.0,tt14589904,5.3,929.0,47.136,6.5,-0.9081,0.0
ts252122,The Possessed,SHOW,night falls city shadows spirits come alive horror anthology series centered urban legends,2020,TV-MA,9,"['thriller', 'horror']",['KR'],1.0,tt12929796,5.7,931.0,0.6,10.0,-0.2732,0.0
ts82372,The Epic Tales Captain Underpants,SHOW,fourthgrade friends george harold shared love pranks comic books turning principal undieswearing superhero,2018,TV-Y7,24,"['animation', 'comedy', 'action', 'family']",['US'],4.0,tt7741830,6.6,931.0,11.851,8.5,0.8658,0.0
ts79856,SWORDGAI The Animation,SHOW,young man becomes host legendary infernal sword fate humanity arm wields demonic power enemies,2018,TV-MA,23,"['action', 'animation', 'scifi', 'fantasy', 'horror']",['JP'],2.0,tt7415066,5.8,932.0,21.229,7.1,-0.4939,0.0
ts237111,Almost Happy,SHOW,locally famous radio host deal exwife still loves two children,2020,TV-MA,27,['comedy'],['AR'],2.0,tt12146940,6.8,934.0,4.813,7.2,0.5719,0.5279
ts86928,The Crowned Clown,SHOW,story takes place time joseon history upheaval power struggles surrounding throne reached extreme levels order escape plan assassinate king puts clown looks exactly like throne,2019,TV-14,75,"['drama', 'action', 'history', 'romance']",['KR'],1.0,tt9266592,8.0,938.0,6.289,8.7,0.2732,0.0
ts329885,Standing Up,SHOW,odd jobs hunt viral fame making career standup comedy isnt easy four friends risk everything make world laugh,2022,TV-MA,47,"['comedy', 'drama']",['FR'],1.0,tt18260550,7.4,939.0,1.854,5.6,0.163,0.0
tm243931,The Beginning Life,MOVIE,one greatest neuroscience breakthroughs discovered babies far genetic load development human beings lies combination genetics quality relationships environment set beginning life invites everyone reflect taking good care unique moment defines present future humankind,2016,G,98,"['documentation', 'family']",['BR'],0.0,tt5140248,7.5,940.0,1.134,7.7,0.8176,0.0
tm1084481,Blood Brothers : Malcolm X & Muhammad Ali,MOVIE,chance meeting tragic fallout malcolm x muhammad alis extraordinary bond cracks weight distrust shifting ideals,2021,PG-13,95,"['documentation', 'history', 'sport']",['US'],0.0,tt15095938,6.9,946.0,7.921,7.4,-0.4588,0.0
ts257504,Heirs Land,SHOW,resourceful young hugo llor works make name 14thcentury barcelona keeping vow made estanyol family,2022,TV-MA,54,"['drama', 'history', 'comedy', 'scifi']",['ES'],1.0,tt13308276,7.0,947.0,11.208,6.0,0.0,0.0
ts317422,Saturday Morning All Star Hits !,SHOW,follows skip treybor celebrate 80s 90s television,2021,TV-14,23,"['animation', 'comedy']",['US'],1.0,tt15977708,7.5,948.0,2.598,6.3,0.5719,0.0
tm887052,Father Soldier Son,MOVIE,sgt first class brian eisch critically wounded afghanistan sets sons journey love loss redemption legacy,2020,R,99,"['war', 'documentation']",['US'],0.0,tt12187586,7.3,952.0,10.385,6.2,0.4404,0.0
tm813936,Adam Devine : Best Time Our Lives,MOVIE,frenetic comic adam devine talks teen awkwardness celebrity encounters pitch perfect audition special hometown omaha,2019,PG-13,58,['comedy'],['US'],0.0,tt10376844,5.9,959.0,2.486,6.5,0.6908,0.6369
ts254568,The Last Word,SHOW,story funeral eulogy speaker loses faith work tries sabotage husbands funeral,2020,TV-MA,41,"['drama', 'comedy']",['DE'],1.0,tt10506510,7.0,961.0,4.113,6.7,-0.7845,0.0
ts276067,Maldivas,SHOW,investigate mystery young woman moves posh condo community comes contact quirky suspicious residents,2022,TV-MA,36,"['comedy', 'drama']",['BR'],1.0,tt13561292,5.6,961.0,159.929,7.2,-0.3612,0.0
ts321084,Framed ! A Sicilian Murder Mystery,SHOW,two hapless tv technicians stumble upon murder scene every step take avoid becoming suspects lands deeper trouble,2022,TV-MA,31,"['comedy', 'crime']",['IT'],1.0,tt16745502,6.8,964.0,2.556,7.1,-0.9246,-0.7177
tm230426,"Liar , Liar , Vampire",MOVIE,ordinary boy davis suddenly becomes famous school people start believe hes actually vampire vampire expert cameron helps act like real vampire,2015,G,66,"['comedy', 'family']",['US'],0.0,tt4448304,5.7,964.0,9.086,7.1,0.6249,-0.765
ts87680,Playing Fire,SHOW,three prosperous women including mother daughter fall seductive man colombias coffee triangle,2019,TV-14,43,['drama'],['MX'],1.0,tt9587732,5.9,965.0,20.807,6.2,0.4767,-0.1531
tm454375,Benchwarmers 2 : Breaking Balls,MOVIE,washedup baseball player becomes attorney gets chance redemption boss asks manage company softball team hopes winning championship,2019,PG-13,90,"['comedy', 'sport']",['US'],0.0,tt8750122,4.1,967.0,6.37,4.5,0.8779,0.0
ts88937,Shadow,SHOW,haunted tragic loss excop rare inability feel pain strikes catch offenders whove eluded johannesburg police,2019,TV-MA,43,"['crime', 'action', 'drama', 'thriller']",['ZA'],1.0,tt9817236,6.5,969.0,1.143,6.5,-0.9545,0.0
tm1065041,The Seven Deadly Sins : Cursed Light,MOVIE,help dragon sin wrath meliodas worst rebels history seven deadly sins holy war four races including humans goddesses fairies giants fought demons finally cost lion sin pride escanors life demon king defeated world regained peace sins take path,2021,PG-13,79,"['animation', 'fantasy', 'action']",['JP'],0.0,tt13884144,6.4,970.0,470.787,7.9,-0.9628,-0.4588
ts289757,Crime Stories : India Detectives,SHOW,follows major criminal investigations time crime reported suspect gets captured,2021,TV-MA,47,"['documentation', 'crime']",['IN'],1.0,tt14178956,7.1,983.0,1.246,7.5,-0.8442,-0.5423
tm318200,Clive Davis : The Soundtrack Our Lives,MOVIE,life successes iconic music executive clive davis miraculous start columbia records trailblazing work arista records j records heavy dose outstanding music sprinkled,2017,PG-13,123,"['documentation', 'music']",['US'],0.0,tt6494358,7.4,991.0,4.315,6.3,0.8225,0.0
ts87488,Malibu Rescue : The Series,SHOW,heels junior rescue training team flounder returns brave beach series thrilling saves lighthearted laughs,2019,TV-G,24,"['comedy', 'family', 'action']",['US'],1.0,tt9098432,5.4,993.0,12.306,7.7,0.9413,0.5106
ts56033,Surviving Escobar - Alias JJ,SHOW,medelln cartel crumbles pablo escobars 1 hit man struggles stay alive gain respect prison hierarchy,2017,TV-MA,42,"['crime', 'drama']",['CO'],1.0,tt6809396,7.7,995.0,106.508,7.8,0.5106,0.6037
ts78053,Kakegurui,SHOW,children influential families politics businesses attend hyakkaou private academy hierarchy students classified series games students win games ruling side students lose become slaves one day mysterious girl yumeko jabami minami hamabe transferred hyakkaou private academy looks pure pretty actually compulsive gambler seeks thrill taking calculated risks,2018,TV-MA,25,"['thriller', 'drama']",['JP'],2.0,tt7691766,6.7,1005.0,24.549,7.9,0.8225,0.0
ts252341,Chef 's Table : BBQ,SHOW,emmynominated series delves juicy smoky world barbecue visiting acclaimed chefs pitmasters us australia mexico,2020,TV-14,44,['documentation'],['US'],1.0,tt12917170,7.8,1006.0,3.433,7.9,0.0,0.0
ts191559,The UnXplained,SHOW,show explore facts behind worlds fascinating strange inexplicable mysteries,2019,TV-14,42,['documentation'],['US'],4.0,tt10098498,7.1,1011.0,8.132,8.6,0.4019,0.0
ts57080,Spirit : Riding Free,SHOW,small western town spunky excity girl lucky forms tight bond wild horse spirit adventures best pals pru abigail,2017,TV-Y7,23,"['action', 'animation', 'family', 'western', 'comedy', 'drama', 'documentation']",['US'],11.0,tt10687624,6.4,1012.0,15.689,8.3,0.8779,0.6124
ts83554,Inside Criminal Mind,SHOW,explore psychological machinations immoral behavior define nefarious types criminals,2018,TV-MA,49,"['crime', 'documentation']",['US'],1.0,tt6775794,5.4,1014.0,2.304,6.1,-0.7717,-0.5267
ts78324,Pinky Malinky,SHOW,pinky malinky sees bright side everything including born hot dog bffs tow little wiener takes bite life,2019,TV-Y7,13,"['comedy', 'family', 'animation']",['US'],3.0,tt5621544,5.5,1015.0,7.955,4.5,0.4404,0.0
ts82298,Familiar Wife,SHOW,receiving bizarre chance go back time man wakes find whole life including person married different,2018,TV-MA,62,"['scifi', 'drama', 'fantasy', 'romance']",['KR'],1.0,tt8487786,7.7,1015.0,19.741,8.1,-0.0772,0.0
tm1092075,Forever Rich,MOVIE,rising rap superstar spirals humiliating video goes viral pushes battle redemption course one long night,2021,R,90,"['crime', 'comedy', 'drama', 'music', 'thriller']",['NL'],0.0,tt12748300,5.5,1025.0,17.216,6.0,-0.5859,0.5574
ts36740,Project Mc²,SHOW,mckeyla adrienne bryden camryn four super smart scienceskilled girls recruited join spy organization nov8,2015,TV-G,25,['family'],['US'],6.0,tt4861760,5.8,1026.0,5.445,8.1,0.8316,0.0
ts269442,The Surgeon 's Cut,SHOW,theyre philosophers storytellers pioneers fields four surgeons reflect lives professions inspiring docuseries,2020,TV-14,54,['documentation'],[],1.0,tt13487106,8.5,1027.0,3.714,7.7,0.4215,-0.2732
ts34151,TIGER & BUNNY,SHOW,alternate new york city protected band superheroes called next veteran wild tiger forced team rookie barnaby brooks jr,2011,TV-14,25,"['scifi', 'action', 'animation', 'comedy', 'crime']",['JP'],2.0,tt2061527,7.3,1028.0,8.393,7.1,-0.0258,0.0
tm849937,Jungle Beat : The Movie,MOVIE,jungle beat animals think best thing ever alien arrives jungle bringing power speech also surprisingly think best thing ever find hes sent conquer,2020,G,84,"['family', 'animation', 'scifi', 'comedy', 'fantasy']",['MU'],0.0,tt12139700,5.4,1029.0,21.935,7.0,0.891,0.0
ts303513,42 Days Darkness,SHOW,town chile woman leads frantic search find missing sister amid media storm police investigation inspired true case,2022,TV-MA,46,"['drama', 'thriller', 'crime']",['CL'],1.0,tt15090462,6.5,1040.0,6.233,5.9,0.2263,-0.25
tm919880,Final Account,MOVIE,depiction last living generation german participants adolf hitlers third reich,2021,PG-13,94,['documentation'],"['GB', 'US']",0.0,tt12789212,7.1,1042.0,3.38,7.1,0.0,0.0
ts63295,Vientos de agua,SHOW,vientos de agua 2006 cult argentine spanish mini tv series created juan jos campanella drama traces spaniards emigration argentina 1930s years later sons return modernday spain aired spain january 2006 telecinco one series 13 episodes hit argentina lower ratings spain taken primetime slot 100 morning eventually cancelled due downloading series internet despite campaign support continue second series produced 13 episodes despite series hit dvd sellings,2006,TV-MA,73,['drama'],"['AR', 'ES']",1.0,tt0459724,8.8,1051.0,1.41,8.8,-0.5358,0.0
ts302653,Light Night,SHOW,taking hotel linsen north road taiwan background realistic drama describes love hatred japanesestyle hotel proprietress yang jin hua 1988 group amorous ladies,2021,TV-MA,59,"['drama', 'crime', 'thriller']",['TW'],3.0,tt15808044,7.4,1054.0,17.328,8.9,0.4215,0.0
ts103209,Exhibit A,SHOW,centers disgraced former prosecutor andrew cho whose career sabotaged corrupt power brokers hes working take losing everything andrew discovers something new life purpose,2019,TV-14,36,"['documentation', 'thriller', 'crime', 'family']",['US'],1.0,tt10376904,6.3,1055.0,7.419,7.4,-0.6808,0.0
ts297763,Myth Mogul : John DeLorean,SHOW,automotive world john delorean rose engineer executive icon hood selfcreated legend lies darkness deceit,2021,TV-14,44,"['documentation', 'crime']",['US'],1.0,tt14968268,6.8,1056.0,3.793,6.9,-0.7783,0.0
tm34142,Department,MOVIE,police inspector recruits suspended cop specialized task force battle organized crime,2012,R,141,"['action', 'thriller', 'crime']",['IN'],0.0,tt2186731,3.2,1058.0,2.125,6.0,-0.8481,0.0
ts43501,Secrets Great British Castles,SHOW,historian dan jones explores millennium history behind six great britains famous castles warwick dover caernarfon tower london carrickfergus stirling,2015,TV-PG,44,"['documentation', 'history', 'european']",['GB'],2.0,tt5181284,7.8,1060.0,3.459,7.3,0.6249,0.6249
ts218564,"Breakfast , Lunch & Dinner",SHOW,chang accompanied different celebrity guest exploring single city culture cuisine pair travels city also uncover new surprising things,2019,TV-MA,44,['documentation'],['US'],1.0,tt10681670,6.7,1066.0,1.067,8.0,0.2732,0.0
ts35987,Transformers : Robots In Disguise,SHOW,years events predacons rising bumblebee summoned back earth battle several cybertrons wanted decepticons escaped crashed prison ship assembles team young autobots includes sideswipe rebel bad boy bot strongarm elite guard cadet grimlock bombastic dinobot fixit hyperactive minicon faulty wiring,2015,TV-Y7,21,"['comedy', 'scifi', 'animation', 'action']",['US'],5.0,tt3604232,6.0,1066.0,11.302,7.6,-0.9062,-0.25
ts251615,( Un ) Well,SHOW,docuseries takes deep dive lucrative wellness industry touts health healing products live promises,2020,TV-MA,52,"['documentation', 'reality']",['US'],1.0,tt12759384,6.4,1068.0,3.075,6.7,0.6597,0.2732
tm233345,Love Beats Rhymes,MOVIE,young woman dreams making big world hip hop parents demand finish university degree dutifully agrees complete education spoken word proves powerful impact classroom,2017,R,105,"['music', 'drama']",['US'],0.0,tt4686108,5.3,1072.0,6.917,5.7,0.7003,0.6369
ts35463,Richie Rich,SHOW,richie rich boy turned vegetables clean energy source result rich trillion dollars rich lives family mansion filled toys contraptions best friends darcy murray always side along irona richies robot maid dad cliff loves naps bit dense jealous sister harper also darcy loves spending money murray doesnt want anything budget,2015,TV-PG,23,['comedy'],['US'],2.0,tt4160920,3.0,1073.0,9.491,6.5,0.98,0.5574
tm1000037,Je suis Karl,MOVIE,family murdered terrorist bombing young woman unknowingly lured joining group killed,2021,R,126,"['drama', 'thriller', 'european', 'romance']","['CZ', 'DE']",0.0,tt9205538,5.4,1077.0,12.981,5.5,-0.9393,0.0
ts300274,Cooking With Paris,SHOW,paris hilton cookkind shes turning traditional cooking show upside shes trained chef shes trying help celebrity friends navigates new ingredients new recipes exotic kitchen appliances,2021,TV-MA,23,['reality'],['US'],1.0,tt15036422,5.2,1078.0,4.578,6.5,0.7003,0.0
ts30356,Octonauts,SHOW,octonauts british childrens television series produced silvergate media bbc channel cbeebies series animated ireland brown bag films uses british voice actors tv series based americancanadian childrens books written vicki wong michael c murphy meomi design inc octonauts follows underwater exploring crew made stylized anthropomorphic animals team eight adventurers live undersea base octopod go undersea adventures help fleet aquatic vehicles subject matter reminiscent star trek thunderbirds blended jacques cousteau although science fiction regards technology exotic creatures locations crew encounter real marine animals natural habitats,2010,TV-Y,15,"['action', 'animation', 'comedy', 'family']",['GB'],7.0,tt1710177,7.6,1083.0,40.327,7.4,0.8225,0.0
ts269690,Schulz Saves America,SHOW,comedian andrew schulz takes years divisive topics fearlessly unfiltered irreverent fourpart special,2020,TV-MA,17,['comedy'],['US'],1.0,tt13607518,7.3,1086.0,1.4,7.3,0.7506,0.0
tm406881,Bathtubs Over Broadway,MOVIE,started comedy writer late show david letterman steve young interests many friends outside day job gathering material segment show steve stumbled onto vintage record albums would change life forever,2018,PG-13,87,"['comedy', 'music', 'documentation']",['US'],0.0,tt6029778,7.6,1089.0,2.742,8.0,0.765,0.0
ts76245,The Day I Met El Chapo : The Kate del Castillo Story,SHOW,mexican superstar actress kate del castillo reveals untold story encounter el chapo guzmn worlds mostwanted drug lord,2017,TV-MA,55,['documentation'],['MX'],1.0,tt7334894,6.8,1093.0,17.067,6.1,0.0,0.0
ts349630,Love Spectrum U.S .,SHOW,follows people autism spectrum navigate world dating relationships,2022,TV-14,41,"['reality', 'documentation', 'romance']",['US'],1.0,tt19037550,8.2,1097.0,2.852,6.7,0.0,0.6369
ts79330,Girls Incarcerated,SHOW,eightpart documentary series goes behind scenes madison juvenile correctional facility indiana teenage girls struggle overcome troubled pasts find hope future,2018,TV-MA,43,"['reality', 'documentation']",['GB'],2.0,tt8092942,7.2,1097.0,6.25,8.0,-0.34,0.0
ts86279,Nailed It ! Holiday !,SHOW,nailed holiday special youve waiting missing ingredients impossible asks desserts look delightfully sad,2018,TV-PG,33,['reality'],['US'],2.0,tt8760264,7.7,1098.0,3.101,8.0,0.5859,0.508
ts83247,Stay Here,SHOW,designer genevieve gorder real estate expert peter lorimer show property owners turn shortterm rentals moneymaking showstoppers,2018,TV-PG,32,"['reality', 'documentation']",['US'],1.0,tt8773338,7.4,1101.0,2.49,7.0,0.0,0.0
ts255880,Dream Home Makeover,SHOW,dreams come true real families looking perfect home tailored unique style thanks shea syd mcgee studio mcgee,2020,TV-G,27,['reality'],['US'],3.0,tt13161310,5.6,1101.0,8.584,7.6,0.9022,0.25
tm831196,Chippa,MOVIE,eve tenth birthday chippa receives letter longabsent father decides leave pavement abode find,2019,G,90,['drama'],['IN'],0.0,tt8976464,6.5,1103.0,1.315,5.0,-0.0516,0.0
tm889647,The Stand Paxton County,MOVIE,military veteran comes home find father harassed sheriff intent confiscating livestock ranch shady pretenses,2020,R,102,"['thriller', 'drama']",['US'],0.0,tt8362228,6.3,1103.0,5.838,6.0,-0.5423,0.0
tm1047503,Trees Peace,MOVIE,april 1994 four women different backgrounds beliefs trapped hiding rwandan genocide fight survival odds unites women unbreakable sisterhood,2021,NC-17,97,['drama'],['US'],0.0,tt11316680,6.4,1104.0,118.558,7.3,-0.802,0.5423
ts23319,Timmy Time,SHOW,show spin shaun sheep animation spin aardman series wallace gromit introduced character shaun,2009,TV-Y,14,"['animation', 'comedy', 'family', 'fantasy', 'european']",['GB'],3.0,tt1125758,6.9,1111.0,14.959,6.2,0.0,0.0
ts251512,Immigration Nation,SHOW,unprecedented access ice operations well moving portraits immigrants docuseries takes deep look us immigration today,2020,TV-MA,63,['documentation'],['US'],1.0,tt12754910,7.4,1112.0,9.729,7.0,0.2732,0.0
ts320872,Queer Eye Germany,SHOW,five experts lifestyle fashion beauty health design known fab five dazzle nation transform lives makeover series,2022,TV-14,50,['reality'],['DE'],1.0,tt16369694,7.2,1114.0,1.621,1.0,0.7783,0.0
ts305263,Baking Impossible,SHOW,innovative bakers paired brightest engineers compete designing baking creations delicious made survive intense engineering stress tests,2021,TV-PG,49,['reality'],['US'],1.0,tt15171996,7.0,1114.0,4.722,6.3,0.8934,0.0
ts237751,Gameboys,SHOW,teenage streamer cairo caught guard receives video call new online rival called gavreel even surprised handsome stranger asks two gamers make romance work covid19 pandemic lockdown game love story,2020,TV-14,27,"['drama', 'romance']",['PH'],2.0,tt12508898,8.4,1118.0,8.164,8.5,0.9169,0.0
ts83071,Afflicted,SHOW,baffling symptoms controversial diagnoses costly treatments seven people chronic illnesses search answers relief,2018,TV-MA,42,"['documentation', 'thriller', 'reality']",['BR'],1.0,tt8792570,5.1,1120.0,6.058,5.2,-0.3182,-0.3612
ts330425,The Principles Pleasure,SHOW,sex joy modern science converge eyeopening series celebrates complex world womens pleasure puts stubborn myths rest,2022,TV-MA,51,['documentation'],['US'],1.0,tt18299058,5.7,1121.0,4.446,6.0,0.8591,0.5719
ts214280,You Can Hide,SHOW,nurse daughter flee husbands drugtrafficking past mexico assume new identities spain still face danger madrid,2019,TV-MA,45,"['action', 'crime']",['MX'],1.0,tt10367990,6.4,1121.0,33.416,7.1,-0.5267,-0.1779
ts222803,Maradona Mexico,SHOW,dorados culiacans local team bottom rankings maradona arrives looking fresh start experts predict disaster,2019,TV-MA,33,"['documentation', 'sport', 'comedy', 'drama']","['AR', 'PE']",1.0,tt11168104,7.3,1124.0,3.572,7.1,-0.4215,0.0
tm182580,Ghadi,MOVIE,leba music instructor lives small lebanese town social pressure leads get married children lara beloved wife births girl later one finally ghadi boy special needs related syndrome ghadi could burden cause pride joy test proves intolerance people,2013,PG-13,100,"['drama', 'family', 'comedy']",['LB'],0.0,tt2552296,7.3,1128.0,2.793,6.5,0.7964,0.0
ts283528,This Is Pop,SHOW,uncover real stories behind favorite pop songs docuseries charts impact festival scene autotune boy bands,2021,TV-MA,44,"['music', 'documentation']",['CA'],1.0,tt14155414,6.9,1131.0,3.364,7.6,0.7351,0.0
ts297675,Sexy Beasts,SHOW,hoping say goodbye superficial dating reallife singles sport elaborate makeup prosthetics put true blinddate chemistry test,2021,TV-14,23,"['reality', 'romance']",[],2.0,tt14916746,4.6,1133.0,36.721,5.9,0.6808,0.5267
ts256853,The King 's Avatar,SHOW,ye xiu star player esports team dominates chinese leagues hit multiplayer titled glory gaming days appear come abrupt halt however forced team keen accept lucrative sponsorship deal vehemently opposed dejected ye xiu takes job latenight internet cafe eventually strikes friendship chen guo cafes owner eventually chen guo reveals plan launch new glory team led ye xui ye xiu resume glory days recruit train enough fellow members return top national rankingsand take revenge disloyal former teammates,2019,TV-MA,36,"['action', 'fantasy']",['CN'],1.0,tt10732794,8.2,1135.0,17.297,9.0,0.8126,0.0
ts288064,Somos .,SHOW,lives people allende mexican border town overtaken powerful cartels operations leading tragedy inspired true events,2021,TV-MA,52,"['drama', 'crime', 'history']",['MX'],1.0,tt14719590,7.1,1138.0,25.704,7.7,0.5267,0.0
ts317720,Coming Out Colton,SHOW,former nfl player bachelor star colton underwood embarks journey embrace new life member lgbtq community,2021,TV-MA,33,['reality'],['US'],1.0,tt14527650,6.7,1142.0,2.167,7.6,0.3182,0.0
ts35244,Tiny House Nation,SHOW,tiny house nation takes renovation experts john weisbarth zack griffinh across america help design construct tiny dream homes spaces 500 square feet tiny house nation proves size doesnt matter creative counts,2014,TV-PG,43,['reality'],['US'],5.0,tt3869500,7.1,1143.0,4.211,7.5,0.3004,0.0
ts353837,"Web Make Believe : Death , Lies Internet",SHOW,conspiracy fraud violence murder starts virtual get real quickly web worldwide consequences,2022,TV-MA,57,"['crime', 'documentation']",['US'],1.0,tt20602042,6.1,1145.0,5.959,6.6,-0.9517,-0.7717
tm1096775,Procession,MOVIE,six men sexually abused catholic clergy boys find empowerment creating short films inspired trauma,2021,R,118,['documentation'],['US'],0.0,tt14300912,7.2,1148.0,6.708,5.8,-0.1779,0.0
ts312984,Our Blues,SHOW,romance sweet bitter life riddled ups downs multiple stories people live work bustling jeju island,2022,TV-MA,66,['drama'],['KR'],1.0,tt19115260,8.5,1150.0,23.177,8.8,0.5859,0.0
ts31263,The Mole,SHOW,players working team complete series difficult physical psychological tests worth set amount money one players however mole saboteur whose goal foil efforts players without revealing identity end episode group given quiz moles identity player knows least information mole immediately sent home final episode mole revealed one remaining player wins jackpot 1000000,2001,TV-14,47,['reality'],"['BE', 'US']",5.0,tt0270792,7.6,1155.0,2.189,7.8,0.4767,0.0
ts83045,Accidentally In Love,SHOW,quirky experiences popular singer returns school becomes seat mates seemingly ordinary girl si tu feng decides go back school becomes center attention fans classmates media follow every move meets chen qing qing ordinary student dual personality,2018,TV-14,31,"['family', 'drama', 'comedy', 'music', 'romance']",['CN'],1.0,tt9077184,7.4,1156.0,29.906,7.9,0.4215,0.4215
ts254767,"Whose Vote Counts , Explained",SHOW,right vote foundation americas democracy every vote created equal system work fixed,2020,TV-PG,25,['documentation'],[],1.0,tt13005714,7.3,1158.0,4.924,7.6,0.25,0.0
ts246178,Eden,SHOW,thousands years future city known eden 3 inhabited solely robots whose former masters vanished long time ago routine assignment two farming robots accidentally awaken human baby girl stasis questioning taught believe humans nothing forbidden ancient myth together two robots secretly raise child safe outside eden,2021,TV-PG,25,"['animation', 'drama', 'scifi', 'reality', 'family', 'fantasy', 'action']",['JP'],1.0,tt10545250,6.6,1159.0,11.578,7.0,0.3468,0.0
ts33840,Nagi-Asu : A Lull Sea,SHOW,long ago humans lived beneath sea however people preferred surface abandoned living underwater permanently consequence stripped godgiven protection called ena allowed breathe underwater time rift denizens sea surface widened although contact two peoples still existed show follows story hikari sakishima manaka mukaido along childhood friends chisaki hiradaira kaname isaki forced leave sea attend school surface group also meets tsumugu kihara fellow student fisherman loves sea hikari friends lives bound change deal deepseated hatred discrimination people sea surface storms personal lives well impending tempest may spell doom dwell surface,2013,TV-14,23,"['scifi', 'animation', 'drama', 'fantasy', 'romance']",['JP'],2.0,tt3104236,7.3,1165.0,12.324,7.5,-0.1531,0.0
ts85967,Bumping Mics Jeff Ross & Dave Attell,SHOW,jeff ross dave attell take stage one safe help special guests theyre packing lot laughs one epic weekend,2018,TV-MA,36,['comedy'],['US'],1.0,tt9203078,7.7,1167.0,1.36,7.8,0.8885,0.0
ts287703,Mine,SHOW,encaged goldclad life secrets lies two women conglomerate family seek topple stands way finding true joy,2021,TV-14,70,"['thriller', 'drama']",['KR'],1.0,tt14023192,7.7,1169.0,11.801,7.5,0.5859,0.0
ts79695,Sintonia,SHOW,told three different characters perspectives story sintonia explores interconnection music drug traffic religion paulo quest somebody many paths converge,2019,TV-MA,44,"['drama', 'crime', 'music']",['BR'],3.0,tt8165086,6.6,1172.0,42.611,8.2,0.0,0.0
ts90789,Jailbirds,SHOW,sacramento county jail incarcerated women fight power one another try make best life love inside,2019,TV-MA,41,"['reality', 'thriller', 'crime']",['US'],1.0,tt10243628,7.0,1176.0,1.976,7.6,0.7783,0.0
tm408941,Mercury 13,MOVIE,rigorous testing 1961 small group skilled female pilots asked step aside men selected spaceflight,2018,NC-17,79,['documentation'],['IE'],0.0,tt8139850,6.9,1180.0,4.266,6.6,-0.2732,0.0
ts315611,Animal,SHOW,immersive series follows worlds magnificent creatures capturing neverbeforeseen moments heartwarming outrageous,2021,TV-PG,46,['documentation'],"['US', 'BR']",2.0,tt15674216,7.9,1181.0,4.822,8.5,0.6124,0.0
ts10206,Ever After High,SHOW,students fairytale characters attend ever high either royals students want follow parents footsteps rebels students wish write destiny,2013,TV-Y7,29,"['action', 'animation', 'comedy', 'drama', 'family', 'fantasy', 'music', 'romance']",['CA'],5.0,tt3312378,7.7,1184.0,28.659,7.8,0.296,0.0
ts299485,A Tale Dark & Grimm,SHOW,follow hansel gretel walk story winding wickedly witty tale full strange scary surprises,2021,TV-Y7,30,"['animation', 'action', 'comedy', 'family', 'fantasy']","['ES', 'US']",1.0,tt2386826,7.3,1193.0,12.989,7.8,-0.7351,0.0
ts88841,The School Nurse Files,SHOW,wielding lightup sword dark corners high school nurse unusual gift protects students monsters see,2020,TV-14,51,"['scifi', 'fantasy', 'comedy', 'drama']",['KR'],1.0,tt12879522,6.4,1195.0,10.551,7.8,0.6369,0.0
ts89326,Persona,SHOW,exploration different personas eclectic collection four works critically acclaimed korean directors,2019,TV-MA,22,['drama'],['KR'],2.0,tt10027990,6.6,1196.0,5.056,6.5,0.2263,0.0
tm1092892,Found,MOVIE,follows story three american teenage girlseach adopted chinawho discover bloodrelated cousins 23andme online meeting inspires young women confront burning questions lost history,2021,PG,97,"['documentation', 'drama']","['CN', 'US']",0.0,tt13622146,7.5,1198.0,32.993,7.5,-0.0258,0.0
ts83810,Cannon Busters,SHOW,maintenance robot deadly fugitive tagging along friendship droid sam searches best friend heir kingdom siege,2019,TV-MA,24,"['scifi', 'action', 'animation', 'fantasy']","['US', 'FR', 'JP']",1.0,tt5066664,6.6,1200.0,4.263,6.4,0.8834,0.0
ts79409,A.I.C.O . -Incarnation-,SHOW,japan year 2035 accident known burst occurs research project spawning outofcontrol artificial life form called matter spread throughout kurobe gorge research city hailed hope humanity cordoned government two years later 15yearold aiko tachibana lost family burst learns something unbelievable yuya kanzaki new student school secret hidden within body answer puzzle lies primary point center burst aiko resolves infiltrate restricted area escorted team divers yuya guide boy meets girl fate humanity hands new truth come light,2018,TV-14,25,"['animation', 'action', 'scifi']",['JP'],1.0,tt8116380,6.3,1203.0,11.039,6.3,-0.2732,0.0
ts80042,ReBoot : The Guardian Code,SHOW,four techsavvy teens hone skills cybersuperheroes series secret missions save world,2018,TV-G,23,"['drama', 'scifi', 'action', 'comedy']",['CA'],2.0,tt6849940,3.7,1204.0,4.406,7.2,0.4939,0.0
ts300456,My Unorthodox Life,SHOW,personal professional life fashion mogul julia haart former member ultraorthodox jewish community turned ceo elite world group,2021,TV-MA,40,['reality'],['US'],1.0,tt14398500,5.5,1207.0,1.772,7.0,0.0,0.0
ts254293,The American Barbecue Showdown,SHOW,eight countrys best backyard smokers pitmasters vie title american barbecue champion fierce friendly faceoff,2020,TV-G,43,['reality'],['US'],1.0,tt12938472,7.1,1207.0,9.677,6.2,0.9062,0.0
ts296153,Ashley Garcia : Genius Love,SHOW,15yearold scientist ashley garcia explores great unknown modern teendom moving across country pursue career robotics,2020,TV-PG,29,['comedy'],['US'],3.0,tt10380934,6.7,1211.0,11.279,7.8,0.6249,0.6369
ts42075,Intersection,SHOW,naz paediatrician loses baby pregnancy even though husband wants another baby refuses go thing goes italy conference meets ali nejat,2016,TV-MA,107,['drama'],['TR'],2.0,tt5303668,6.5,1221.0,15.226,5.7,-0.3182,0.0
ts236347,Thus Spoke Kishibe Rohan,SHOW,series ova adaptations eponymous series oneshots featuring diamond unbreakable character rohan kishibe much like oneshots episodes released order,2017,TV-MA,24,"['action', 'scifi', 'thriller', 'animation', 'drama', 'fantasy']",['JP'],1.0,tt13887556,7.5,1222.0,2.695,9.0,0.5994,0.0
tm192301,Minsara Kanavu,MOVIE,priya decides wants nun much horror father thomas boy love thomas decides enlist help deva change mind,1997,G,145,"['comedy', 'romance', 'drama']",['IN'],0.0,tt0274789,6.7,1226.0,2.316,6.6,0.4939,0.0
ts269501,BREAK IT ALL : The History Rock Latin America,SHOW,soda stereo caf tacvba aterciopelados others figure 50year history latin american rock dictatorships disasters dissent,2020,TV-MA,50,"['documentation', 'music']",['AR'],1.0,tt13570366,7.6,1230.0,7.752,7.6,-0.5574,0.0
tm373655,Sarvam Thaala Mayam,MOVIE,peter tries find place world classical indian music embarks journey helps evolve personally spiritually musically,2019,PG,133,"['drama', 'music']",['IN'],0.0,tt8319768,7.6,1231.0,2.903,7.2,0.3818,0.0
tm34524,"One Piece : Episode Chopper Plus : Bloom Winter , Miracle Cherry Blossom",MOVIE,retelling drum island storyline manga features franky nico robin thousand sunny werent present original version,2008,PG-13,95,"['action', 'comedy', 'animation', 'drama', 'fantasy']",['JP'],0.0,tt1206326,7.0,1233.0,51.441,7.1,0.2115,0.5859
tm318641,Justice,MOVIE,us marshal seeking justice brothers murder defends small town corrupt mayor henchmen intents revive civil war,2017,R,99,"['western', 'drama', 'action', 'european']",['US'],0.0,tt5143890,4.0,1237.0,5.604,5.8,-0.5859,0.5267
tm1094069,The Women Murderer,MOVIE,documentary traces capture serial killer guy georges tireless work two women police chief victims mother,2021,PG-13,92,"['documentation', 'crime']",['FR'],0.0,tt15216504,6.4,1237.0,9.08,6.2,-0.765,-0.6808
ts103213,Queen Sono,SHOW,drama secret agent fights crime dealing crises personal life,2020,TV-MA,43,"['thriller', 'action', 'crime', 'drama']",['ZA'],2.0,tt9426290,5.9,1240.0,2.243,7.5,-0.7351,0.0
ts251618,Tiny Creatures,SHOW,little animals embark big adventures across us dramatic nature series explores hidden worlds epic survival stories,2020,TV-PG,25,"['documentation', 'drama', 'family']",['GB'],1.0,tt12759334,5.0,1241.0,6.667,6.9,0.34,0.0
ts1475,Chosen,SHOW,17yearold girls world turned upside friends make disturbing discovery quiet danish town,2022,TV-MA,41,"['scifi', 'drama', 'thriller']",['DK'],1.0,tt16492950,4.3,1246.0,7.199,6.584,-0.0516,0.0
ts81821,The Queen Flow,SHOW,spending seventeen years prison unfairly talented songwriter seeks revenge men sank killed family,2018,TV-MA,45,"['drama', 'family', 'music']",['CO'],2.0,tt8560918,7.7,1247.0,257.952,8.0,-0.836,0.0
tm247767,Kiss Life,MOVIE,everything hes terrified loves could love,2015,G,102,"['romance', 'comedy', 'drama']",['TR'],0.0,tt5348954,5.9,1248.0,1.511,4.3,0.5994,0.4215
tm502151,A Remarkable Tale,MOVIE,town edge missing take desperate measures avoid,2019,PG,93,"['comedy', 'drama', 'european']",['ES'],0.0,tt8296660,5.3,1251.0,7.463,5.7,-0.6908,0.5574
ts87489,Trigger Warning Killer Mike,SHOW,funny provocative series rapper activists killer mike puts revolutionary ideas achieving social change action,2019,TV-MA,26,"['documentation', 'comedy']",['US'],1.0,tt9426194,6.9,1254.0,1.353,7.1,-0.34,-0.7717
tm447514,Vir Das : Losing It,MOVIE,worlds got lot problems vir das lot answers discusses travel religion childhood standup special,2018,PG-13,67,['comedy'],['US'],0.0,tt9315848,7.0,1254.0,2.349,7.6,0.0,-0.3818
ts58225,The Standups,SHOW,comedys freshest voices take stage la six halfhour specials packed sly jokes hilarious anecdotes awkward confessions,2017,TV-MA,30,['comedy'],['US'],3.0,tt15250768,6.6,1259.0,2.314,5.8,0.4767,0.0
tm452929,The Little Switzerland,MOVIE,discovery tomb william tells son town basque country spurs villages cantankerous citizens lobby swiss annexation,2019,PG-13,86,"['comedy', 'european']",['ES'],0.0,tt9100028,4.8,1260.0,4.751,4.6,0.0258,0.0
ts1893,Ben & Holly 's Little Kingdom,SHOW,friendship fairy princess holly ben elf enchanted magical kingdom elves fairies,2009,TV-G,14,"['animation', 'comedy', 'family', 'fantasy', 'european']",['GB'],3.0,tt1436544,7.4,1261.0,11.735,6.6,0.6705,0.0
ts58442,Live Up To Your Name,SHOW,heo im oriental doctor acknowledged best acupuncture moxibustion joseon success blocked due low status one day heo im travels though time finds present day seoul meets choi yeonkyung doctor firmly believing modern medicine,2017,TV-MA,69,"['drama', 'fantasy', 'romance']",['KR'],1.0,tt7094874,8.0,1265.0,10.393,6.7,0.6908,0.0
tm1066826,Diana : The Musical,MOVIE,princess thrust onto world stage tabloid media captivated beauty vulnerability globes celebrated monarchy disrupted story princess woman modern age struggles endure spotlight brighter world ever known,2021,PG-13,117,"['history', 'music', 'romance', 'drama']",['US'],0.0,tt12885272,4.2,1266.0,5.117,6.1,0.8519,0.0
ts42687,PJ Masks,SHOW,connor greg amaya normal kids day night activate bracelets link pajamas give fantastic super powers turning alternate identities pj masks team consists catboy connor gekko greg owelette amaya together go adventures solve mysteries learn valuable lessons,2015,TV-G,15,"['family', 'animation', 'scifi', 'action', 'fantasy', 'european']",['GB'],5.0,tt4148744,5.4,1268.0,42.328,5.0,0.93,0.0
ts257271,The Time It Takes,SHOW,lina moves house looks new job tries new things attempt forget first love starring nadia de santiago lvaro cervantes,2021,TV-MA,13,"['drama', 'romance', 'comedy']",['ES'],1.0,tt13322938,7.1,1271.0,6.598,7.1,0.5106,0.0
ts104485,The Stranded,SHOW,tsunami strands dozens teens island private school soon realize rescuers coming must save,2019,TV-MA,49,"['drama', 'action']",['TH'],1.0,tt9310400,6.2,1279.0,14.772,7.2,0.4939,0.0
ts272366,Amend : The Fight America,SHOW,united states america founded ideals freedom equality apply people stories brave americans fought right nations wrongs enshrine values hold dear constitution liberty justice,2021,TV-MA,58,"['war', 'documentation', 'history']",['US'],1.0,tt13972246,7.8,1281.0,14.953,7.0,0.9682,-0.3818
ts85138,Dogs,SHOW,six intimate stories explore abiding emotional bonds form dogs caregivers matter circumstances,2018,TV-PG,50,"['documentation', 'reality', 'history']",['US'],2.0,tt9201008,8.0,1282.0,3.54,8.3,0.1779,0.0
ts89014,DC Super Hero Girls,SHOW,world may know wonder woman supergirl batgirl notsotypical teenagers diana kara barbara alongside super hero friends much deal protecting metropolis sinister schoolaged supervillains teens tough enough school friends family chaos comes managing social life add super powers secret identity mix things get lot complicated,2019,TV-PG,10,"['scifi', 'animation', 'family', 'action', 'comedy', 'fantasy', 'drama']",['US'],2.0,tt9628244,7.1,1282.0,12.626,8.2,0.8591,0.8176
tm217986,Bangistan,MOVIE,two blundering terrorists lofty ideologies ordinary talent mission change world,2015,PG-13,135,"['comedy', 'drama']",['IN'],0.0,tt3422462,4.5,1284.0,4.372,6.4,-0.3182,0.0
ts85810,Al Hayba,SHOW,village lebanonsyria border head armssmuggling clan contends family conflicts power struggles complicated love,2017,TV-PG,44,"['drama', 'action', 'crime', 'romance', 'thriller']",['AE'],5.0,tt7035576,7.3,1288.0,70.264,6.3,0.0258,0.0
ts315066,Vampires,SHOW,paris teen whos half human half vampire grapples emerging powers family turmoil shes pursued secret vampire community,2020,TV-MA,40,"['scifi', 'fantasy', 'horror', 'drama']",['FR'],1.0,tt11829316,5.7,1289.0,14.702,7.5,-0.3612,0.0
ts39014,Kuromukuro,SHOW,mecha attack research center students pilots researchers must fight back help mysterious artifacts young samurai,2016,TV-14,24,"['comedy', 'drama', 'animation', 'action', 'scifi']",['JP'],2.0,tt5895314,7.2,1290.0,6.887,6.7,-0.4588,0.0
ts30288,Mobile Suit Gundam Unicorn,SHOW,series begins uc 0001 beginning human space colonization space colony called laplace destroyed ceremony hosted federations prime minister ushering universal century dating system main story takes place uc 0096 sixteen years end one year war three years events mobile suit gundam chars counterattack 27 years mobile suit gundam f91 story revolves around banagher links seemingly normal boy living going school space colonies life changes one day meets girl named audrey burne encounter brings contact new gundam connections item called laplaces box,2010,TV-14,36,"['scifi', 'animation', 'action', 'drama', 'war']",['JP'],2.0,tt1587790,7.8,1291.0,10.936,7.9,-0.7964,0.0
ts269185,Cold Case Files,SHOW,tense new series exploring cold cases victims death criminal convictions,2017,TV-14,42,"['crime', 'documentation']",['US'],2.0,tt6459472,7.9,1292.0,2.879,8.0,-0.9001,0.0
tm373134,Night Knots,MOVIE,groom kissed front wedding room bride met fell love years day marriage others building married different halls things go expected course two weddings enter secrets emerge,2018,G,100,['comedy'],['TR'],0.0,tt8045670,5.4,1300.0,1.4,3.6,0.7783,0.0
ts288065,Naomi Osaka,SHOW,feel like one best tennis players world intimate look inside life one gifted complex athletes generation offers insight tough decisions ecstatic triumphs shape naomi osaka elite global superstar young woman navigating pressurefilled world,2021,TV-14,37,"['documentation', 'sport']",['US'],1.0,tt11898920,6.2,1301.0,3.832,7.5,0.91,0.0
ts282155,Zero,SHOW,teenager make invisible used idiot take control neighborhood meets mysterious art student,2021,TV-MA,24,"['scifi', 'action', 'comedy', 'drama', 'fantasy']",['IT'],1.0,tt10619486,5.6,1302.0,6.765,7.6,-0.5106,0.0
ts89291,Mythomaniac,SHOW,burned taken granted working mom suspects partner cheating win back attentions feigns medical diagnosis,2019,TV-MA,46,"['comedy', 'drama']",['FR'],2.0,tt10677432,6.8,1303.0,3.965,6.3,-0.0516,0.0
ts351349,Street Food : Latin America,SHOW,vibrant docuseries latin american chefs tell stories bring taste tradition innovation delicious offerings,2020,TV-PG,35,['documentation'],['US'],1.0,tt12742136,7.8,1313.0,8.231,7.2,0.8658,0.0
ts309676,The World 's Most Amazing Vacation Rentals,SHOW,eye every budget three travelers visit vacation rentals around globe share expert tips tricks reality series,2021,TV-PG,34,"['documentation', 'reality']",['US'],2.0,tt14691382,6.7,1317.0,6.262,7.4,0.1779,0.624
tm147518,City God : 10 Years Later,MOVIE,city god 10 years later investigates happened actors took part awardwinning film directed fernando meirelles katia lund documentary shows city gods worldwide success meant lives actors prepared films success social background prove stronger opportunity came way,2013,PG,69,['documentation'],['BR'],0.0,tt4103686,6.4,1322.0,11.673,6.9,0.9413,0.2732
ts314135,VOIR,SHOW,film lovers examine cinematic moments thrilled perplexed challenged forever changed collection visual essays,2021,TV-MA,20,['documentation'],['US'],1.0,tt15677070,6.8,1323.0,1.35,7.2,0.5574,0.0
ts43258,Stories Rabindranath Tagore,SHOW,characters tagores stories spring life cinematic imagination acclaimed filmmaker anurag basu stories rabindranath tagore stories rabindranath tagore shares us intricately etched characters created master brought onto small screen visionary director barfi life metro,2015,TV-PG,43,['drama'],['IN'],1.0,tt4853764,8.7,1323.0,3.572,8.8,0.765,0.0
ts80030,Fastest Car,SHOW,drivers exotic supercars put street cred line deceptively fast sleeper cars built modified true gearheads,2018,TV-MA,44,"['reality', 'action', 'documentation']",['US'],2.0,tt8295694,7.1,1330.0,10.509,7.2,0.4215,0.0
ts224303,The Daily Life Immortal King,SHOW,cultivation genius achieved new realm every two years since year old wang ling nearinvincible existence prowess far beyond control hes sixteen faces greatest battle yet senior high school one challenge another popping plans lowkey high school life seem away,2020,TV-14,19,"['scifi', 'animation', 'comedy', 'action', 'fantasy']",['CN'],2.0,tt11755260,7.2,1331.0,121.132,8.6,0.4404,0.25
ts78145,Drug Lords,SHOW,witness stories historys notorious kingpins terrifying enforcers men women whove sworn bring,2018,TV-MA,46,['documentation'],['US'],2.0,tt7935522,6.8,1334.0,7.122,7.7,-0.765,0.0
tm854786,Yeh Ballet,MOVIE,discovered eccentric ballet master two gifted underprivileged mumbai teens face bigotry disapproval pursue dancing dreams,2020,PG-13,117,['drama'],['IN'],0.0,tt10230436,7.5,1335.0,5.098,7.7,0.4019,0.0
tm313293,Whose Streets ?,MOVIE,nonfiction account ferguson uprising told people lived unflinching look killing 18yearold michael brown inspired community fight backand sparked global movement,2017,R,90,['documentation'],['US'],0.0,tt6176928,5.5,1337.0,2.526,5.8,-0.5859,0.0
tm457296,Kevin Hart 's Guide Black History,MOVIE,kevin hart highlights fascinating contributions black historys unsung heroes entertaining educational comedy special,2019,PG,60,['comedy'],['US'],0.0,tt6373518,5.5,1347.0,3.248,5.4,0.9313,0.0
ts222380,Brotherhood,SHOW,honest lawyer reaches moral crossroads cops force inform incarcerated brother leader rising criminal faction,2019,TV-MA,51,"['drama', 'action', 'crime', 'thriller']",['BR'],2.0,tt8905964,7.5,1356.0,7.195,8.6,0.0258,0.0
ts302714,The Kingdom,SHOW,running mates murder controversial televangelist becomes argentinas presidential candidate nothing holy seems,2021,TV-MA,45,"['crime', 'drama']",['AR'],1.0,tt15068148,6.5,1366.0,5.703,7.3,-0.7579,0.0
ts254600,The Playbook,SHOW,coaches championship rsums share personal rules success sports life reflective inspiring documentary series,2020,TV-MA,34,"['documentation', 'sport']",['US'],1.0,tt12930602,7.4,1395.0,8.281,6.8,0.891,0.0
tm66725,Kalakalappu,MOVIE,man struggles save familyowned restaurant running loses soon falls health inspector keen shutting place brother enters scene things get worse,2012,G,149,['comedy'],['IN'],0.0,tt2262126,6.9,1398.0,2.488,6.5,-0.296,0.0
ts321513,My Liberation Notes,SHOW,three siblings exhausted monotony daytoday adulthood seek find fulfillment freedom unremarkable lives,2022,TV-MA,68,"['drama', 'family', 'romance']",['KR'],1.0,tt15146130,8.4,1400.0,16.528,8.1,0.4019,0.0
tm880822,Mobile Suit Gundam Hathaway,MOVIE,chars rebellion hathaway noa leads insurgency earth federation meeting enemy officer mysterious woman alters fate,2021,PG-13,96,"['scifi', 'animation', 'action', 'drama', 'romance']",['JP'],0.0,tt13288678,6.6,1400.0,261.753,7.6,-0.6124,0.0
ts86994,Serial Killer Piers Morgan,SHOW,intense prison interviews piers morgan revisits crimes three convicted serial killers learns motives,2017,TV-14,47,"['documentation', 'crime']",['GB'],2.0,tt7667038,3.9,1404.0,0.884,2.8,-0.8074,-0.6486
tm224255,Very Big Shot,MOVIE,dark comedy brothers running drugdealing business takeout pizzeria,2015,R,107,"['action', 'drama', 'thriller', 'crime']","['QA', 'LB']",0.0,tt4971824,6.9,1405.0,1.669,6.7,0.3612,0.0
ts235979,The Victims ' Game,SHOW,discovering estranged daughters link mysterious murders forensic detective aspergers syndrome risks everything solve case,2020,TV-MA,59,"['drama', 'crime', 'thriller']",['TW'],1.0,tt12079212,7.3,1408.0,3.275,7.5,-0.6486,-0.3182
tm232832,The Lion Woman,MOVIE,eva arctander born hypertrichosis meaning covered head toe fine blonde hair father ashamed hides away world apartment however evas nanny fights right treated like everyone else,2016,PG-13,126,"['drama', 'european']","['SE', 'NO']",0.0,tt4677578,6.6,1410.0,17.587,6.9,-0.4939,0.0
ts104362,Kid Cosmic,SHOW,young boy dreams becoming hero stumbles across cosmic stones power dreams appear come true,2021,TV-Y7,22,"['comedy', 'family', 'fantasy', 'scifi', 'animation', 'action']",['US'],3.0,tt9248538,7.9,1414.0,13.314,8.8,0.8957,0.0
tm841239,The Road El Camino : Behind Scenes El Camino : A Breaking Bad Movie,MOVIE,aaron paul vince gilligan cast members producers crew share stories footage making el camino,2019,PG-13,13,['documentation'],['US'],0.0,tt11151792,7.1,1415.0,2.744,7.0,0.296,-0.5423
ts256783,We Are Champions,SHOW,explore quirkiest charming oddly inspirational competitions never knew existed determined passionate incredibly skilled competitors put line become heroes extraordinary worlds,2020,TV-MA,32,['documentation'],['US'],1.0,tt12409154,7.1,1415.0,8.238,6.3,0.9147,0.5267
tm37175,Jeff Dunham : Minding Monsters,MOVIE,standup comedian ventriloquist jeff dunham enter ultimate hunted house walter transforms something grumpier already watch bubba j rise dead meet peanuts alter ego purple venger night spicy sidekick witness achmed litterally dressed kill outfit terrify terrifying terrorist,2012,PG-13,80,['comedy'],['US'],0.0,tt2461736,7.0,1416.0,2.314,6.2,-0.9643,0.0
ts75676,The Velvet Collection,SHOW,year 1967 five happy years marriage new york alberto young son anna ribera returns spain take project velvet next level alberto managing things velvet across ocean together best friends partners made name velvet number one address world fashion innovation decide take next step turn reputation franchise first home abroad first step opening shop great spanish city barcelona world famous promenade passeig de gracia second velvet fashion store open gates managed anas good friend clara made career ladder seamstress directorial assistant madrid velvet years,2017,TV-14,57,"['comedy', 'drama', 'romance', 'european']",['ES'],3.0,tt6762348,7.2,1416.0,19.328,6.3,0.9753,0.0
ts87473,7SEEDS,SHOW,shy natsu awakens part group chosen ensure survival humanity together survive changed earth,2019,TV-MA,25,"['scifi', 'drama', 'animation', 'romance', 'action', 'horror']",['JP'],2.0,tt9348718,6.3,1420.0,32.402,8.0,0.1531,0.0
ts77034,A Love So Beautiful,SHOW,tells love story two childhood sweethearts spans 19 years chen xiao xi cute small girl lot positive energy gets know jiang chen tall proud genius boy school tries everything pursue drama depicts beautiful pure heart throbbing love seventeen years olds also delves topic making mistakes andhow find back,2017,TV-14,41,"['comedy', 'romance']",['CN'],1.0,tt8434720,8.0,1420.0,42.708,8.4,0.9786,0.8553
ts301196,Top Secret UFO Projects : Declassified,SHOW,though claims extraterrestrial encounters long dismissed many believe existence ufos likely certainty,2021,TV-PG,44,['documentation'],['GB'],1.0,tt14992232,5.5,1426.0,22.071,7.3,0.25,0.2023
ts300325,Surviving Summer,SHOW,rebellious brooklyn teen summer torres sent live family friends tiny town shorehaven great ocean road victoria aus despite best efforts summer falls love town people surf,2022,TV-PG,28,"['drama', 'family']","['DE', 'AU']",1.0,tt13925166,6.3,1433.0,10.719,7.8,0.7803,0.296
ts82875,Switched,SHOW,high schooler ayumis perfect world evaporates envious classmate zenko somehow steals body boyfriend life,2018,TV-MA,39,"['drama', 'scifi']",['JP'],1.0,tt8747882,7.1,1436.0,9.01,7.8,-0.1779,0.0
tm889679,Roped,MOVIE,star cowboy traveling rodeo gets thrown course falls love daughter toughminded town councilman,2020,PG,90,"['drama', 'romance', 'family', 'comedy']",['US'],0.0,tt8523028,5.4,1436.0,10.847,6.3,0.6369,0.0
tm356666,Judah Friedlander : America Is Greatest Country United States,MOVIE,deadpan comic selfproclaimed world champion judah friedlander performs several nights new york explaining america 1,2017,R,84,"['comedy', 'documentation']",['US'],0.0,tt7582890,7.8,1447.0,2.281,7.4,0.5994,0.7906
tm943771,Angela 's Christmas Wish,MOVIE,determined angela makes wish reunite family time christmas launches plan find way ireland australia,2020,G,47,"['animation', 'family', 'comedy', 'drama']","['US', 'IE']",0.0,tt13260836,7.1,1451.0,27.407,6.3,0.6249,0.4019
ts110637,Mortel,SHOW,group french teenagers bound together supernatural force,2019,TV-MA,52,"['horror', 'scifi', 'crime', 'drama', 'fantasy']",['FR'],2.0,tt8403570,6.4,1452.0,8.205,7.5,0.0,0.0
ts301999,Open Your Eyes,SHOW,tragic accident amnesiac teen tries rebuild life memory disorders center becomes suspicious unconventional treatment,2021,TV-MA,47,"['thriller', 'drama', 'scifi']",['PL'],1.0,tt13495314,6.5,1464.0,14.064,7.2,-0.8225,0.0
tm1209228,Norm Macdonald : Nothing Special,MOVIE,final comedy special norm macdonald ponders casinos cannibalism living wills ready whatever life throws way done front camera without audience one take set norms friends fellow comics gather salute,2022,R,87,"['comedy', 'documentation']",['US'],0.0,tt20201450,7.6,1466.0,4.061,6.2,0.8689,-0.3089
ts88133,Well-Intended Love,SHOW,order receive bone marrow transplant quicker able continue career actress xia lin enters secret marriage ling yi zhou ceo company despite conspiracies misunderstandings encounter two find true love,2019,TV-14,45,"['drama', 'romance']",['CN'],2.0,tt9886950,7.2,1466.0,14.059,7.8,0.7906,0.6369
ts111206,Fast & Furious Spy Racers,SHOW,government agency recruits teen driver tony toretto thrillseeking friends infiltrate criminal street racing circuit undercover spies,2019,TV-Y7,24,"['family', 'animation', 'action', 'drama', 'comedy', 'crime']",['US'],6.0,tt8322592,5.7,1467.0,57.899,6.946,-0.0772,-0.5719
tm411257,Kevin James : Never Do n't Give Up,MOVIE,kevin james makes longawaited return standup familyfriendly special dishing fatherhood fans disdain allergies,2018,PG,62,['comedy'],['US'],0.0,tt8324578,6.2,1468.0,3.783,6.3,-0.1027,0.0
ts80479,Clean Passion Now,SHOW,gil ohso employee cleaning company meets jang seongyul boss company two diametric opposite comes cleanliness help ohsol seongyul faces mysophobia falls love,2018,TV-MA,60,"['comedy', 'drama', 'romance']",['KR'],1.0,tt7981562,6.9,1472.0,25.757,8.1,0.7845,0.6908
ts256764,Heaven Official 's Blessing,SHOW,xie lian crown prince xian le kingdom successfully ascends heaven third trial spite successive demotions however accidentally breaks gold palace heavenly officials human worshiping xie lian descend secular world exorcise ghosts may help sustain divinity,2020,TV-14,24,"['scifi', 'drama', 'action', 'animation']","['CN', 'US']",1.0,tt13375866,8.2,1475.0,7.437,8.6,0.9349,0.7579
tm53360,Blood Money,MOVIE,south africa young man living wife becomes embroiled illegal diamond business time finds life changing,2012,PG,110,"['thriller', 'drama', 'crime', 'action']",['IN'],0.0,tt2246595,5.0,1480.0,31.391,6.1,-0.296,0.0
ts236332,Absurd Planet,SHOW,cast quirky critters mother nature narrate funny science series peeks lives earths incredible animals,2020,TV-PG,20,['documentation'],['US'],1.0,tt12027008,3.9,1483.0,10.16,5.9,0.4404,0.0
ts27835,MeatEater,SHOW,hunter author cook conservationist steven rinella treks worlds remote beautiful regions bringing game meat field table,2012,TV-14,22,['documentation'],['US'],10.0,tt2169245,7.5,1486.0,7.81,9.0,0.5994,0.0
ts302489,Chicago Party Aunt,SHOW,chicago party aunt diane idolized troublemaker talent avoiding adulthood soft spot soulsearching nephew,2021,TV-MA,23,"['animation', 'comedy']",['US'],1.0,tt15125616,5.3,1488.0,4.25,6.5,0.0258,0.4019
tm180643,Jinxed,MOVIE,meet murphys family never ending bad luck anything go wrong go wrong murphys law century ago witch put magical curse greatgreat grandfather whole family jinxed generations meg murphy played big time rushs ciara bravo familys house destroyed yet another freak accident family moves grandfathers house harvest hills notsostrange case bad luck megs nemesis ivy also spending summer town things start look kind meg meets local boy named brett casts another spell love spell help brother charlie meg determined ever must break hex catastrophically cursed family watch doomed teen try normal existence world full hijinks,2013,G,70,"['comedy', 'family']","['CA', 'US']",0.0,tt2934844,6.3,1488.0,6.357,6.7,-0.8677,0.0
tm1092995,Shaun Sheep : The Flight Before Christmas,MOVIE,shauns seasonal excitement turns dismay farmhouse raid get bigger stockings flock inadvertently leads timmy going missing shaun get timmy back becomes someone elses present,2021,G,30,"['animation', 'comedy', 'family']",['GB'],0.0,tt15857304,7.3,1491.0,67.766,7.0,-0.2023,0.0
ts83213,The Rise Phoenixes,SHOW,secret past rears head respected warrior feng zhiwei forced choose revenge loyalty ruling prince ning yi,2018,TV-14,45,"['drama', 'romance', 'history']",['CN'],1.0,tt7052634,8.4,1492.0,8.456,8.1,0.0516,0.0
ts38159,Wakfu,SHOW,follow yogu friends amalia evangelyne tristepin ruel az try rescue world wakfu destruction,2008,TV-Y7,22,"['action', 'scifi', 'family', 'fantasy', 'animation', 'european']",['FR'],3.0,tt1807824,8.1,1497.0,19.736,8.9,0.4019,0.0
tm240895,Strange Weather,MOVIE,years sons suicide woman longs confront past friend took business idea,2016,R,95,['drama'],['US'],0.0,tt5205210,6.0,1499.0,9.634,5.9,-0.4588,-0.2023
ts280892,"Devotion , Story Love Desire",SHOW,fidelity tells story marital fidelity particular one carlo margherita young couple needs face deflagrant consequences alleged betrayal relationship becomes symbol fidelity couple also personal choices made every day,2022,TV-MA,40,"['drama', 'romance']",['IT'],1.0,tt13956560,6.4,1500.0,13.644,6.8,-0.5859,0.872
ts252758,Get Organized The Home Edit,SHOW,expert home organizers clea joanna help celebrities everyday clients edit categorize contain clutter create stunning spaces,2020,TV-PG,42,['reality'],['US'],2.0,tt10834478,5.4,1506.0,6.857,6.7,0.7506,0.0
ts312241,Oats Studios,SHOW,compilation shorts diverse experimental content weird stuff spread directly devious mind south african film director neill blomkamp,2017,TV-MA,12,"['scifi', 'horror']",['US'],1.0,tt16351432,6.4,1512.0,8.612,8.0,-0.1779,0.0
ts81918,Sugar Rush,SHOW,relentlessly fastpaced baking competition challenges brilliant bakers create sweet treats look taste amazing clock race finish win 10000,2018,TV-PG,51,['reality'],['US'],3.0,tt8680560,7.0,1516.0,8.74,7.0,0.9501,0.0
tm423802,Luciano Mellera : Infantiloide,MOVIE,argentinas luciano mellera emphasizes humorous fantastical aspects childhood comedic impersonations insights daily life,2018,PG-13,66,"['comedy', 'drama', 'crime']",['AR'],0.0,tt7607400,7.5,1517.0,2.501,7.4,0.8074,0.0
ts34921,Wolverine,SHOW,wolverine mutant possessing animalkeen senses enhanced physical capabilities three retracting bone claws hand healing factor allows recover virtually wound disease toxin accelerated rate,2011,TV-14,24,"['scifi', 'animation', 'action']",['JP'],1.0,tt1847521,6.2,1519.0,8.022,6.5,0.4939,0.0
tm232931,Hannibal Buress : Comedy Camisado,MOVIE,hes kamikaze gambler onearm cuddler fly night sly riffs slow burns,2016,R,67,['comedy'],['US'],0.0,tt5352432,6.6,1520.0,4.087,6.4,0.0,0.3612
ts273229,Feria : The Darkest Light,SHOW,two sisters must face new reality supernatural elements revealed parents participated cult ritual ending death,2022,TV-MA,50,"['scifi', 'crime', 'drama', 'fantasy', 'horror', 'thriller']",['ES'],1.0,tt13323004,5.7,1532.0,12.612,6.8,-0.5994,-0.4939
tm977704,Robin Robin,MOVIE,bird raised mice begins question belongs sets daring journey selfdiscovery,2021,G,30,"['animation', 'action', 'family', 'music', 'comedy']",['GB'],0.0,tt11332850,7.2,1533.0,46.42,7.1,0.3612,0.0
ts87194,Instant Hotel,SHOW,teams australian homeowners compete title best instant hotel staying overnight others rentals rating experience,2018,TV-MA,49,['reality'],['AU'],2.0,tt9316032,7.3,1538.0,1.602,7.1,0.6369,0.0
tm1052498,Aileen Wuornos : American Boogeywoman,MOVIE,based aileen wuornoss early life americas notorious female serial killer back 1976 young aileen arrives florida searching new life help escape tragic past marries wealthy yacht club president chance start part floridas high society tormented inner angels surrenders murderous impulses wreaks havoc peaceful community deland florida,2021,R,85,"['thriller', 'drama', 'horror']",['US'],0.0,tt14265992,3.7,1538.0,6.83,5.4,-0.8481,0.0
tm889629,Lady Driver,MOVIE,rebellious teen embarks solo summer journey connect roots finds new world geared ride life discovers drive along,2020,PG,104,"['drama', 'sport']",['US'],0.0,tt7562334,5.7,1538.0,13.497,6.3,-0.296,0.0
tm207734,Chris D'Elia : Incorrigible,MOVIE,comedian actor chris delia known dynamic physical comedy explains nfl would way entertaining real lions bears vikings battling babies worst prize ever never ask cuban directions unless youre ready best time life,2015,R,83,"['comedy', 'documentation']",['US'],0.0,tt4624852,6.4,1540.0,2.593,6.2,0.9246,0.0
ts53106,Tokyo Trial,SHOW,wake world war ii 11 allied judges tasked weighing fates japanese war criminals tense international trial,2016,TV-MA,48,"['drama', 'history']","['JP', 'US']",1.0,tt4040530,7.4,1544.0,5.247,6.9,-0.9313,0.0
ts283610,Feels Like Ishq,SHOW,short films follow young adults navigate gamut emotions come finding romantic connection unexpected places,2021,TV-MA,31,"['drama', 'romance', 'comedy']",['IN'],1.0,tt14163838,6.4,1550.0,2.428,6.0,0.4019,0.3612
ts70631,Children Whales,SHOW,chakuro 14yearold archivist mud whale nighutopian island floats across surface endless sea sand nine ten inhabitants mud whale blessed cursed ability use saimia special powers doom early death chakuro friends stumbled across islands never met seen even heard human wasnt one day chakuro visits island large mud whale meets girl change destiny,2017,TV-14,24,"['scifi', 'animation', 'drama', 'fantasy']",['JP'],1.0,tt7484994,7.0,1551.0,13.257,7.6,0.6597,0.0
tm347060,Poster Boys,MOVIE,life three men comes trouble photos appear advertisement sterilization,2017,PG-13,128,['comedy'],['IN'],0.0,tt6352548,5.4,1553.0,3.588,5.4,-0.4019,0.0
tm242765,Raising Bar,MOVIE,16yearold kelly quits elite gymnastics program moves australia help new friend show old rival reenters competitive gymnastics shell find way move forward making amends past,2017,PG,93,"['family', 'drama', 'documentation', 'sport']",['AU'],0.0,tt8431292,5.5,1555.0,7.148,6.5,0.765,0.0
ts319333,Tiger King : The Doc Antle Story,SHOW,lifelong showman bhagavan doc antle built various careers theatrics attracting slew admirers along way beneath eccentric animalloving facade lies predator far dangerous beloved big cats man shadier tiger king counterparts,2021,TV-MA,42,"['crime', 'documentation']",['US'],1.0,tt16307970,6.2,1564.0,4.16,6.5,0.4939,0.0
ts294338,Hard Cell,SHOW,documentary crew follows inmates staff hmp woldsley catherine tate portrays multiple characters capture penal system brutal humorous best,2022,TV-MA,26,"['comedy', 'documentation', 'sport']","['US', 'GB']",1.0,tt14959710,6.2,1568.0,2.936,5.8,0.4019,-0.1027
ts269493,Headspace Guide Meditation,SHOW,series shows meditation help daily life tackling stress embracing gratitude episode first teaches basics techniques practice concludes guided meditation push play close eyes explore many benefits meditation,2021,TV-G,22,"['documentation', 'animation']",['US'],1.0,tt13617024,8.4,1568.0,4.774,7.7,0.802,0.0
tm171929,The Short Game,MOVIE,year worlds best 7 yearold golfers descend pinehurst north carolina compete world championships junior golf short game follows eight young athletes quest become sports next phenom,2013,PG,100,"['documentation', 'sport']",['US'],0.0,tt2466830,7.3,1570.0,3.553,7.3,0.8126,0.0
ts75981,The Royal House Windsor,SHOW,drawing newly available evidence epic series explores windsor dynastys gripping family saga providing fresh insights royal family survived four generations crisis,2017,TV-14,49,"['documentation', 'history', 'european']",['GB'],1.0,tt6596634,7.3,1574.0,4.357,7.4,0.128,0.0
ts83360,The Guest,SHOW,story psychic priest detective fight unusual crimes committed strange powers,2018,TV-MA,66,"['drama', 'crime', 'thriller', 'horror', 'comedy']",['KR'],1.0,tt8801670,8.1,1578.0,7.293,8.2,-0.3182,0.0
tm444247,This Changes Everything,MOVIE,investigative look analysis gender disparity hollywood featuring accounts wellknown actors executives artists industry,2019,PG,97,['documentation'],['US'],0.0,tt5795282,7.6,1580.0,4.764,6.5,0.0,0.0
tm189171,Wild Tango,MOVIE,biopic based life one pioneer argentine rock stars tanguito movie tells story rise fall grace encompassed violent times military regime,1993,R,124,"['drama', 'music', 'romance']","['ES', 'AR']",0.0,tt0108291,6.7,1584.0,5.092,6.1,-0.2732,0.0
ts78789,Re : Mind,SHOW,eleven high school classmates awaken restrained large dining room fearing lives question motive bizarre act,2017,TV-MA,23,"['drama', 'thriller']",['JP'],1.0,tt7332652,4.9,1599.0,3.129,5.9,-0.7184,0.0
ts85510,Rhythm + Flow,SHOW,music competition show judges tip ti harris cardi b chance rapper hit streets find next rap superstar,2019,TV-MA,56,"['reality', 'music']",['US'],2.0,tt9278032,7.6,1600.0,4.572,8.2,0.25,0.0
tm344173,All I Wish,MOVIE,woman struggles escape clutches overbearing codependent mother gradually falling sexy sophisticated attorney,2018,G,94,"['romance', 'comedy', 'drama']",['US'],0.0,tt1492705,5.2,1600.0,7.009,5.9,0.6808,0.4019
ts188840,Seis Manos,SHOW,orphans raised martial arts master plunged mystery involving demonic powers drug cartels ancient rituals blood sacrifice,2019,TV-MA,27,"['crime', 'drama', 'fantasy', 'animation', 'action']",['US'],1.0,tt10106108,7.1,1607.0,9.498,6.9,0.0,0.0
ts320183,Single ’ Inferno,SHOW,deserted island flirtatious singles look love couple leave island romantic date paradise,2021,TV-PG,61,['reality'],['KR'],2.0,tt16283666,7.1,1608.0,4.016,8.3,0.9081,0.0
ts78031,Ultraviolet,SHOW,online community amateur sleuths use technology solve crimes make quirky friends quest justice,2017,TV-MA,46,"['drama', 'crime', 'european']",['PL'],2.0,tt7514746,6.9,1611.0,5.351,7.5,0.8074,0.0
ts53264,My Shy Boss,SHOW,isolated life extreme introvert thrown order company hires new employee cheery extrovert whos seems,2017,TV-MA,71,"['comedy', 'drama', 'romance']",['KR'],1.0,tt6257622,7.2,1614.0,10.861,8.0,0.3182,-0.25
ts86365,Rilakkuma Kaoru,SHOW,kaorus unexpected new roommate rilakkuma bear zipper back spends day lazing around impossible hate,2019,TV-PG,12,"['animation', 'comedy', 'drama', 'family']",['JP'],1.0,tt9348716,8.2,1616.0,8.237,7.4,-0.5719,0.0
ts218277,Apache : The Life Carlos Tevez,SHOW,gritty dramatization life carlos tevez shows rise soccer stardom amid harrowing conditions argentinas fuerte apache,2019,TV-MA,47,"['crime', 'drama', 'sport', 'thriller']",['AR'],1.0,tt10715172,7.2,1616.0,15.604,7.6,0.0,0.0
ts319412,Forecasting Love Weather,SHOW,inside national weather service love proves difficult predict rain shine diligent forecaster freespirited coworker,2022,TV-14,66,"['drama', 'romance']",['KR'],1.0,tt15140592,7.1,1617.0,13.284,8.7,0.4019,0.6369
tm935993,Classmates Minus,MOVIE,group former high school pals see friendship put test amid struggles love marriage careers,2020,R,122,"['drama', 'comedy']",['TW'],0.0,tt12899858,7.1,1625.0,8.326,7.5,0.6808,0.0
ts254916,The Cabin Bert Kreischer,SHOW,fastliving comic bert kreischer heads cabin selfcare invites funny friends join quest cleanse mind body soul,2020,TV-MA,27,"['comedy', 'reality']",[],1.0,tt13148876,6.6,1637.0,4.845,8.8,0.802,0.0
ts85619,Hache,SHOW,helena gains trust love dangerous heroin cartel leader barcelona develops skills needs eventually seize empire,2019,TV-MA,45,"['crime', 'drama', 'thriller']",['ES'],2.0,tt8575476,6.5,1638.0,14.23,6.6,0.5574,0.0
tm358949,A Very Country Christmas,MOVIE,jeanette williams busy single parent trying make best life daughter time follow current celebrity gossip jeanette unaware country superstar returns small town escape intrusive paparazzi chaos fame chance meeting two letting guards opening hearts possibility romance,2017,G,83,"['drama', 'romance', 'family', 'comedy']","['CA', 'US']",0.0,tt7001906,6.0,1640.0,5.576,6.5,0.802,0.0
ts285422,Newton 's Cradle,SHOW,two lovers hazem hana decide baby america get nationality however come across many obstacles threaten marriage especially hana stays america come back,2021,TV-14,41,"['drama', 'thriller']",['EG'],1.0,tt11703922,8.0,1641.0,3.996,8.5,-0.2023,0.0
ts79679,The Yard,SHOW,fateful domestic clash devoted mother finds prison fighting survive hopes reuniting daughter,2018,TV-MA,108,"['drama', 'crime']",['TR'],3.0,tt7923832,7.1,1647.0,21.505,7.5,-0.0772,0.0
ts43209,The Cuba Libre Story,SHOW,recounts tumultuous history cuba nation foreign conquest freedom fighters cold war political machinations,2015,TV-14,45,"['documentation', 'history', 'european']",['DE'],2.0,tt5319838,7.6,1649.0,3.412,6.8,0.0258,0.0
ts77545,Dope,SHOW,filmed perspectives dealers users police vivid series offers bracing look war drugs,2017,TV-MA,44,"['documentation', 'crime', 'war', 'thriller', 'comedy', 'drama']",['US'],3.0,tt6545162,7.3,1658.0,15.736,7.2,-0.5994,0.0
ts38116,Mobile Suit Gundam : Iron-Blooded Orphans,SHOW,mikazuki augus young member private security company known cgs accepts mission protect young woman seeking liberate martian city chryse earths rule sets chain events threatens send galaxy back war,2015,TV-MA,24,"['war', 'action', 'scifi', 'animation', 'drama']",['JP'],2.0,tt15432108,7.9,1660.0,9.168,7.1,-0.0516,0.0
tm65142,One Piece : The Desert Princess Pirates : Adventure Alabasta,MOVIE,retelling alabaster arc one piece tv luffy crew come rescue land midst civil war due powerful devil fruit user,2007,PG-13,89,"['comedy', 'drama', 'animation', 'action']",['JP'],0.0,tt1037116,6.9,1660.0,38.807,6.7,-0.4939,0.3182
ts43272,Terrace House : Boys & Girls City,SHOW,six men women start strangers live together one roof provided beautiful house car script,2015,TV-14,29,"['reality', 'drama']",['JP'],1.0,tt4790546,8.1,1663.0,5.125,8.1,0.5994,0.0
ts52981,White Rabbit Project,SHOW,kari byron tory belleci grant imahara rank historys greatest inventions heists,2016,TV-PG,48,['reality'],['US'],1.0,tt10767386,6.9,1667.0,3.977,6.9,0.7717,0.0
ts83502,Ad Vitam,SHOW,future regeneration technology lets humans live indefinitely cop troubled young woman investigate strange wave youth suicides,2018,TV-MA,52,"['scifi', 'crime', 'drama']",['FR'],1.0,tt8548830,6.4,1671.0,5.334,5.8,-0.5859,0.0
ts250871,The Business Drugs,SHOW,detail drugs push people risky even deadly behaviors former cia analyst investigates economics six illicit substances,2020,TV-MA,43,"['documentation', 'crime']",['US'],1.0,tt12588416,7.2,1671.0,5.588,7.0,-0.2023,0.0
ts281225,Wrong Side Tracks,SHOW,teenage granddaughter falls victim drug dealers overtaking neighborhood fedup war veteran takes matters hands,2021,TV-MA,71,"['action', 'crime', 'drama', 'thriller']",['ES'],2.0,tt13980362,6.7,1671.0,27.824,5.7,-0.7096,-0.4767
ts255486,Godzilla Singular Point,SHOW,brought together mysterious song grad student engineer lead fight unimaginable force may spell doom world,2021,TV-14,25,"['animation', 'action', 'scifi', 'thriller']",['JP'],1.0,tt13229964,6.5,1673.0,21.135,7.218,-0.6486,0.0
ts292696,Intimacy,SHOW,compromising sexual video featuring promising politician depicts lives four women forced walk line public private life,2022,TV-MA,48,"['crime', 'drama', 'thriller']",['ES'],1.0,tt14463542,6.8,1674.0,19.965,6.7,-0.0772,0.0
ts83537,Signs,SHOW,young womans murder shows similarities decadeold cold case new police commander must break silence permeating owl mountain town,2018,TV-MA,46,"['crime', 'thriller', 'european']",['PL'],2.0,tt8917248,6.3,1676.0,8.337,7.0,-0.6908,0.0
tm336712,An Imperfect Murder,MOVIE,successful actress vera lockman thrashes nightmare struggles shoots kills drugdealer exboyfriend jolted awake reveals journal killing actually occurred day sal dead lies trunk living room,2017,R,71,"['crime', 'thriller', 'drama']",['US'],0.0,tt6469960,3.2,1679.0,3.664,4.4,-0.9287,-0.7906
ts314742,He-Man Masters Universe,SHOW,eternias prince adam discovers power grayskull transforms heman master universe reimagining classic animated series,2021,TV-Y7,25,"['animation', 'action', 'comedy', 'drama', 'family', 'fantasy', 'scifi']",['US'],3.0,tt11465278,5.8,1679.0,22.627,7.078,0.0,0.0
ts330012,Eternally Confused Eager Love,SHOW,often misguided cheeky imaginary wizard awkward lonely 20something struggles get way quest girlfriend,2022,TV-MA,23,"['comedy', 'romance']",['IN'],1.0,tt18274188,6.7,1680.0,6.09,6.4,-0.6808,0.6597
tm919106,Rising Phoenix,MOVIE,history current standing paralympic games grown become worlds third largest sporting event,2020,PG-13,105,"['documentation', 'sport']",['GB'],0.0,tt10851618,8.1,1683.0,9.54,8.2,0.0,0.0
ts342732,Our Great National Parks,SHOW,narrated former president barack obama stunning docuseries shines spotlight planets spectacular national parks,2022,TV-PG,52,['documentation'],['US'],1.0,tt18750552,7.9,1684.0,2.583,7.9,0.3818,0.6249
ts273485,Baki Hanma,SHOW,gain skills needs surpass powerful father baki enters arizona state prison take notorious inmate known mr unchained,2021,TV-MA,25,"['animation', 'action', 'drama', 'sport', 'thriller']",['JP'],2.0,tt13357140,6.6,1685.0,211.093,8.049,0.0,0.0
ts330347,Cracow Monsters,SHOW,young woman haunted past joins mysterious professor group gifted students investigate paranormal activity fight demons,2022,TV-MA,52,"['scifi', 'drama', 'fantasy', 'horror', 'thriller']",['PL'],1.0,tt15096836,5.5,1694.0,119.993,6.9,-0.6908,0.0
tm313472,The Lost Brother,MOVIE,cetarti drowning nothingness job purpose spends days inside watching documentaries television one day informed mother brother gunned travels buenos aires lapachito decrepit town province chaco northern argentina deal bodies get life insurance money meets duarte sort boss town friend mothers murderer also kidnaps people money cetartis path lead committing illegal acts get hands insurance money involvement duartes dark dealings leading absurd unexpected outcome,2017,R,112,"['thriller', 'crime', 'drama', 'european']",['AR'],0.0,tt6522634,6.5,1710.0,4.703,6.9,-0.6908,-0.3182
ts84645,Medal Honor,SHOW,honoring service members whose courage merited awarding medal honor docudrama series recreates inspiring true stories,2018,TV-MA,55,"['documentation', 'war']",['US'],1.0,tt7440274,8.2,1710.0,7.798,8.7,0.9709,0.743
ts189405,Killer Ratings,SHOW,truelife story brazilian tv host wallace souza accused literally killing ratings using crime tv show cover grizzly truth,2019,TV-MA,50,"['documentation', 'crime']",['BR'],1.0,tt10243692,7.6,1711.0,3.109,7.6,-0.8316,-0.6486
ts105645,Historical Roasts,SHOW,roastmaster general jeff ross slew guest stars poke fun major historical figures also honoring enduring impact world,2019,TV-MA,29,['comedy'],['US'],1.0,tt9169602,5.3,1716.0,1.408,5.6,0.765,0.0
tm1129217,Anonymously Yours,MOVIE,accidental text message turns digital friendship vale alex start crushing without realizing theyve met real life,2021,R,101,"['drama', 'romance']",['MX'],0.0,tt16088568,5.7,1718.0,43.391,7.8,0.0258,0.0
ts305264,School Chocolate,SHOW,eight top pastry chocolate professionals elevate skills supervision worldrenowned chocolatier amaury guichon,2021,TV-PG,40,['reality'],['US'],1.0,tt15172154,7.6,1721.0,2.468,7.2,0.2023,0.0
ts251617,Connected,SHOW,science journalist latif nasser investigates surprising intricate ways connected world universe,2020,TV-14,44,"['documentation', 'comedy']",['US'],1.0,tt12753692,7.5,1724.0,4.812,8.2,0.4019,0.0
ts11670,The Adventures Puss Boots,SHOW,worlds greatest feline fighter lover milk connoisseur back original series filled daring adventures great boots laughoutloud fun entire family entranced puss fantastical cg world filled new characters exotic locations mystical tales make stuff legends theres nothing get celebrated swashbuckling kittys wayexcept maybe hairball,2015,TV-Y7,23,"['comedy', 'family', 'animation', 'action', 'fantasy', 'western']",['US'],6.0,tt3807034,6.6,1726.0,22.766,6.9,0.9726,0.34
ts22039,H,SHOW,h french sitcom seventyone 22minute episodes series created kader aoun xavier matthieu ric judor produced phillippe berthe douard molinaro jeanluc moreau charles nms ran 24 october 1998 20 april 2002 canal canada shown weekly tv5 title h comes three words characterize series humour histoire et hpital,1998,TV-MA,25,['comedy'],['FR'],4.0,tt0173554,7.4,1727.0,7.905,7.6,0.6249,0.0
ts250092,Shaman King,SHOW,shaman king follows adventures 13yearold shaman teammate samurai warrior spirit traverse world fighting evil spirits misguided shamans journey next shaman king,2021,TV-PG,25,"['comedy', 'fantasy', 'animation', 'action', 'scifi']",['JP'],1.0,tt12502782,6.9,1728.0,56.636,8.3,-0.5859,0.0
tm813078,Prayers Stolen,MOVIE,life town war seen eyes three young girls path adolescence,2021,R,110,['drama'],"['BR', 'DE', 'QA', 'MX', 'US', 'CH', 'AR']",0.0,tt10366574,7.3,1729.0,16.208,7.8,-0.5994,-0.4939
ts16117,20 Minutes,SHOW,innocent pastrycook melek gets accused injuring important politicians son loving husband ali wants help wife escape prison,2013,TV-MA,46,"['action', 'drama', 'romance']",['TR'],1.0,tt2544148,7.1,1730.0,2.294,8.0,0.7184,0.0
ts54156,Chef 's Table : France,SHOW,sample bold new flavors france chefs pushing boundaries fine dining reinventing rich culinary tradition,2016,TV-14,46,['documentation'],['US'],1.0,tt6088326,8.2,1734.0,4.096,8.6,0.7906,0.0
tm918962,Fearless,MOVIE,teen gamer forced level fulltime babysitter favorite video game drops three superpowered infants space backyard,2020,PG,89,"['animation', 'family', 'scifi', 'documentation', 'comedy']",['CA'],0.0,tt8675288,4.9,1735.0,17.412,6.2,0.0,0.4404
tm999927,A Cop Movie,MOVIE,documentary walks line fact fiction delving corruption mexican police experiences two officers,2021,R,107,"['drama', 'crime', 'thriller', 'documentation', 'action']",['MX'],0.0,tt14035242,7.0,1739.0,10.354,7.3,0.0,0.0
tm850382,Sillu Karupatti,MOVIE,anthology four romantic stories across four age groups connected magical thread called love,2019,G,138,"['drama', 'romance']",['IN'],0.0,tt9614988,8.0,1748.0,3.546,7.4,0.7845,0.0
ts299865,Heist,SHOW,millions stolen cash missing luxury bourbon watch ordinary people almost get away extraordinary heists true crime series,2021,TV-MA,43,"['crime', 'documentation']",['US'],1.0,tt14865290,6.8,1748.0,5.935,6.9,-0.7269,0.0
ts84932,Super Drags,SHOW,adult animated series three gay coworkers lead double lives drag queen superheroes saving lgbtq community evil nemeses,2018,TV-MA,25,"['animation', 'comedy', 'fantasy']",['BR'],1.0,tt8912244,5.4,1753.0,2.315,5.3,-0.743,0.4939
ts76313,Sisters,SHOW,sisters follows story three women discover sisters julia finds nobel prize winning father secretly used sperm number vitro fertilisation procedures,2017,TV-14,39,"['drama', 'comedy']",['AU'],1.0,tt8453436,7.4,1756.0,3.589,8.6,0.7906,0.0
ts333834,The Ultimatum : Marry Move On,SHOW,get hitched call quits couples put love test shacking potential matches provocative reality series,2022,TV-MA,49,['reality'],['US'],1.0,tt18396952,5.4,1759.0,2.696,6.2,0.6369,0.0
ts217389,Masaba Masaba,SHOW,real life momdaughter duo neena masaba gupta play versions playful fictional peek lives fashion film,2020,TV-MA,28,"['comedy', 'drama']",['IN'],2.0,tt10655506,6.7,1760.0,8.408,9.0,0.6486,0.0
ts88744,Losers,SHOW,winning everything society handle failure series profiles athletes turned agony defeat human triumph,2019,TV-MA,8,"['documentation', 'sport', 'comedy', 'european']",['GB'],1.0,tt2499764,7.6,1766.0,1.065,7.4,-0.3818,-0.5267
ts302312,Jaguar,SHOW,1960s spain holocaust survivor joins group agents seeking justice hundreds nazis fled nation hide wwii,2021,TV-MA,45,"['drama', 'war', 'action', 'history']",['ES'],1.0,tt11698590,5.7,1766.0,30.462,7.1,0.6369,0.0
ts23808,Monty Python : Almost Truth ( The Lawyer 's Cut ),SHOW,2009 television documentary series six parts covers 40 years surreal comedy group monty python flying circus present day projects musical spamalot series highlights childhood schooling university life prepython work series featured new interviews surviving members john cleese terry gilliam eric idle terry jones michael palin alongside archive interview footage graham chapman interviews several associates pythons including carol cleveland neil innes chapmans partner david sherlock along commentary modern comedians,2009,TV-MA,55,"['comedy', 'documentation']",['US'],1.0,tt1422182,8.1,1768.0,2.422,7.9,0.7096,-0.024
ts80411,Lawless Lawyer,SHOW,driven desire avenge mother former gangster turned lawyer uses fists loopholes law fight absolute power,2018,TV-14,64,"['crime', 'action', 'drama', 'thriller']",['KR'],1.0,tt8160178,7.6,1785.0,18.479,7.6,0.0258,0.0
ts2760,Fireman Sam,SHOW,follow adventures fireman sam colleagues protect citizens welsh town pontypandy whenever alarm sounds brave sam coworkers counted jump fire engine hop onto helicopter even launch inflatable lifeboat battle blazes mount rescue missions provide medical attention need,1987,TV-Y,10,"['animation', 'comedy', 'family', 'crime', 'european']",['GB'],13.0,tt0329829,6.1,1785.0,37.647,7.2,0.6486,0.0
ts76793,Shot Dark,SHOW,three rival freelance stringers scour streets night film crime scenes fires accidents anything else sell news outlets,2017,TV-MA,37,"['reality', 'documentation', 'thriller']",['US'],1.0,tt7644680,8.0,1795.0,1.638,7.9,-0.5574,0.0
tm983722,Prime Time,MOVIE,last day 1999 20yearold sebastian locks tv studio two hostages gun important message world story attack explores rebels extreme measures last resort,2021,R,93,"['thriller', 'drama']",['PL'],0.0,tt11460976,5.2,1796.0,19.187,5.1,-0.6705,0.0
ts80313,Bobby Kennedy President,SHOW,historic footage leading voices era examine bobby phenomenon 1960s legacy man helped redefine country,2018,TV-MA,61,"['documentation', 'drama']",['US'],1.0,tt8200004,8.1,1803.0,2.09,8.3,0.0,0.0
ts235563,Daughter Another Mother,SHOW,finding babies switched birth two women develop plan adjust new lives creating single peculiar family,2021,TV-MA,38,"['romance', 'comedy', 'drama', 'fantasy']",['MX'],2.0,tt11937732,7.2,1812.0,63.194,7.5,0.4215,0.0
ts308002,The Five Juanas,SHOW,five women birthmark set unravel truth pasts discover tragic web lies spun powerful politician,2021,TV-MA,39,['drama'],['MX'],1.0,tt15377930,6.9,1813.0,63.62,7.4,-0.1779,0.0
tm185208,Elena,MOVIE,petra heads new york search older sister long time separated movie actresses heirs wounds brazilian dictatorship petra clues home movies newspaper clippings diary,2013,PG-13,82,"['documentation', 'european', 'drama', 'family']","['US', 'BR']",0.0,tt2475154,7.6,1823.0,4.427,7.4,0.0,0.0
ts340376,The Marked Heart,SHOW,new colombian telenovela man watch wife die heart extracted give another woman hes revenge world organ trafficking,2022,TV-MA,44,"['thriller', 'drama']",['CO'],2.0,tt18974572,6.4,1824.0,273.963,8.074,-0.8074,0.0
ts277126,Black Space,SHOW,ordinary morning smalltown high school turns nightmare anonymous figures masks committed massacre leaving four dead students,2020,TV-MA,46,"['crime', 'drama', 'thriller']",['IL'],2.0,tt13660638,6.7,1834.0,4.268,7.3,-0.4939,0.0
ts34074,"That Winter , Wind Blows",SHOW,circumstances condemn oh soo oh young loveless lives untimely death first love oh soo turns ambitionless life derelict gambler gorgeous oh young leading perfect life heiress parents divorce crumbles family faces reality living life aloneparticularly light increasingly impaired vision two heavy souls cross paths fate delivers chance meeting change lives forever,2013,TV-MA,63,['drama'],['KR'],1.0,tt2806646,7.6,1836.0,5.05,7.5,0.8555,0.0
tm34331,Middle Nowhere,MOVIE,husband sentenced eight years prison ruby drops medical school order focus husbands wellbeing hes incarcerated leading journey selfdiscovery process,2012,R,101,['drama'],['US'],0.0,tt1211890,6.5,1838.0,2.677,6.7,-0.5267,0.0
ts250998,Dirty Lines,SHOW,story dirty lines starts 1987s amsterdam time dutch society changing rapidly psychology student marly salomon takes side job working brand new firm teledutch company started two brothers frank ramon stigter established europes first erotic telephone lines frank ramon become rich overnight marly finds immersed wild rapid transformation final years cold war sparked sense hope inspired new generation celebrate life fullest amsterdam became center cultural revolution radically new form music house new love drug xtc erotic phone lines offer opportunity experience anonymous sex new way changing morality consumers also much people creating,2022,TV-MA,46,"['drama', 'history']",['NL'],1.0,tt14859224,7.4,1840.0,5.758,8.3,0.9485,-0.4404
tm459527,Good Game : The Beginning,MOVIE,new high school grad avid gamer cenk recruited intense esports team trains tournament lifechanging prize,2018,PG-13,104,"['comedy', 'drama', 'sport']",['TR'],0.0,tt8510324,4.4,1841.0,2.629,2.4,0.7003,0.4404
tm1221677,"Hello , Goodbye , Everything Between",MOVIE,clare aidan making pact would break college find retracing steps relationship last evening couple epic date leads familiar landmarks unexpected places causes question whether high school love meant last,2022,PG-13,83,"['drama', 'comedy', 'romance']",['US'],0.0,tt4181158,4.9,1842.0,564.004,5.965,0.6369,0.0
ts329699,The Andy Warhol Diaries,SHOW,hes shot 1968 andy warhol begins documenting life feelings diaries series reveal secrets behind persona,2022,TV-MA,66,['documentation'],['US'],1.0,tt18082212,7.7,1844.0,1.844,7.6,0.0,0.0
tm89764,Inuyasha Movie 4 : Fire Mystic Island,MOVIE,mysterious island houraijima reappeared 50 years reappearance brought attack four gods shitoushin eyes set powers protect sustain island inuyasha friends along sesshoumaru find way defeat powerful shitoushin,2004,PG-13,88,"['fantasy', 'animation', 'action', 'comedy']",['JP'],0.0,tt0473658,7.2,1845.0,34.264,7.7,0.34,-0.34
ts217891,SAINT SEIYA : Knights Zodiac,SHOW,seiya knights zodiac rise protect reincarnation goddess athena dark prophecy hangs,2019,TV-14,24,"['animation', 'action', 'scifi', 'fantasy']",['US'],2.0,tt6908976,4.5,1846.0,82.799,7.337,0.3818,0.0
tm230927,Puerto Ricans Paris,MOVIE,nypd detectives luis eddie visit paris help gorgeous french designer colette catch black market thief whos ripped new handbag design luis girlfriend vanessa eddies wife gloria remain new york hopelessly unhip odd couple stumble glamorous highfashion world brimming charming cafes wild nightclubs corporate treachery,2015,R,82,['comedy'],['US'],0.0,tt3730510,5.3,1856.0,5.176,5.7,0.7096,0.0
tm413557,Okko 's Inn,MOVIE,12yearold oriko seki lost parents car accident ended living grandmothers onsen ryokan haru ya ghost uribou cohabitating odds ended training young female innkeeper first didnt like training gradually felt admiration title began train seriously thus growth young warrior oriko begins,2018,PG,94,"['fantasy', 'animation', 'drama', 'family']",['JP'],0.0,tt8328740,7.0,1856.0,7.213,7.1,-0.5283,0.0
tm1207097,Bill Burr Presents : Friends Who Kill,MOVIE,night killer comedy bill burr hosts showcase raucous standup comic pals riff everything covid michael jackson,2022,PG-13,73,"['comedy', 'documentation']",[],0.0,tt20723672,4.5,1857.0,5.237,5.1,-0.4215,-0.3818
ts304053,Countdown : Inspiration4 Mission Space,SHOW,training launch landing allaccess docuseries rides along inspiration4 crew first allcivilian orbital space mission,2021,TV-14,50,['documentation'],['US'],1.0,tt15166116,7.9,1857.0,6.054,6.7,0.0,0.0
ts20358,Half & Half,SHOW,half half american sitcom aired upn september 23 2002 may 15 2006 show focuses lives two paternal halfsisters twenties estranged throughout childhood finally developing close relationship series set san francisco secondmostwatched show upns monday night lineup fourth overall network show cws first draft lineup march 2006 due several circumstancesincluding cws contractual obligation pick reba uncancelling us pickup girlfriends spinoff gamehalf half left final fall 2006 schedule ended production series aired reruns global tv canada trouble uk local syndication united states also airs united states tv one,2002,TV-14,21,['comedy'],['US'],4.0,tt0320024,7.0,1860.0,8.06,8.1,0.4404,0.0
ts38761,Another Miss Oh,SHOW,two women working industry exact name keep getting lives entangled professionally personally,2016,TV-MA,69,"['comedy', 'drama', 'family', 'fantasy', 'romance']",['KR'],1.0,tt5679572,7.8,1866.0,17.289,8.2,0.0,-0.1531
ts286390,Merli : Dare Know,SHOW,follows story pol rubio merlin bergerons favorite student merlin tv series pol follows footsteps former professor begins philosophy career university barcelona pol meet new friends new colleagues new teachers new conflicts complicated family new relationship bruno new stage meeting mara bolao key acid teacher see great potential pol mark definitively bolao constantly pressures pol forcing let go posh attitude face new life adult way,2019,TV-MA,48,"['comedy', 'drama']",['ES'],2.0,tt9415632,7.6,1868.0,52.228,8.4,0.743,0.0
ts80751,The Break Michelle Wolf,SHOW,nobodys safe michelle wolf unapologetically takes aim weekly topical show blends sketches live comedy instudio guests,2018,TV-MA,26,['comedy'],['US'],1.0,tt8010342,5.1,1870.0,2.61,4.8,0.6597,0.0
ts104168,El Dragón : Return Warrior,SHOW,murder parents little kid mexican miguel garza sent away japan 20 years later go back home country new heir familys cartel,2019,TV-MA,45,"['action', 'drama']",['US'],2.0,tt9281190,6.8,1872.0,36.514,7.4,-0.6908,0.0
ts21740,Black Butler,SHOW,victorianera london night ciel phantomhives tenth birthday fire destroyed manor killed parents moment death ceil strikes deal demon soul exchange revenge demon becomes butler calls name sebastian michaelis protect serve ciel deal completed one month fire ciel returns missing new butler sebastian ceil head phantomhive corporation handling business affairs well work queen englands guard dog looking parents murders,2008,TV-MA,25,"['scifi', 'animation', 'drama', 'thriller', 'comedy', 'fantasy', 'action', 'horror', 'crime']",['JP'],3.0,tt1316554,8.2,1877.0,36.122,7.5,-0.9744,0.0
ts273245,Dad Stop Embarrassing Me !,SHOW,single dad cosmetics brand owner figures fatherhood fly strongminded teen daughter moves,2021,TV-14,26,"['comedy', 'family']",['US'],1.0,tt13018090,4.1,1882.0,7.369,7.5,0.0,-0.6239
ts76509,Beyond Stranger Things,SHOW,secrets stranger things 2 universe revealed cast guests discuss latest episodes host jim rash caution spoilers ahead,2017,TV-14,21,['documentation'],['US'],1.0,tt7570990,7.4,1883.0,98.48,7.5,-0.4019,0.0
ts19779,Barbie : Life Dreamhouse,SHOW,series set reality tvesque show following barbie sisters friends daytoday activities take place dreamhouse surrounding areas much humor show derives parodying lampooning traditional reality tv format barbie franchise,2012,TV-Y,6,"['family', 'animation', 'comedy']",['US'],7.0,tt2644032,7.4,1887.0,30.905,7.4,0.6369,0.0
tm42306,Aiyyaa,MOVIE,meenakshi marathi gal ultrasensitive sense smell lives life dreams dancing enacting favourite actresses sridevi madhuri juhi believing arranged marriages meenakshi awaits prince comes across tamil artist surya strangely attracted,2012,G,146,"['romance', 'comedy']",['IN'],0.0,tt2255934,4.3,1889.0,4.582,5.1,0.5574,0.0
ts79660,Creeped Out,SHOW,masked figure known curious collects tales dark magic otherworldly encounters twisted technology kids anthology series,2017,TV-PG,26,"['scifi', 'thriller', 'family', 'fantasy', 'action', 'crime', 'drama', 'history', 'horror']","['CA', 'GB']",2.0,tt7573024,6.6,1890.0,24.556,7.3,0.3182,0.0
tm198842,Souk Bazaar,MOVIE,kahraman naive rightminded guy lovely anatolian town earns living attendant turkish bath inherited great grandfathers one day wealthy constructor named tuncay wants demolish bath marketplace located build mall place barber cemil kahramans enemy convinces craftsmen marketplace collaborates tuncay start demolishment immediately kahraman want marketplace born demolished believe empty promises tuncay,2015,PG,97,['comedy'],['TR'],0.0,tt4324242,5.2,1900.0,1.672,5.1,0.8225,0.0
ts121489,Two Sentence Horror Stories,SHOW,anthology series terror features diverse characters facing primal fears spinechilling situations stretch past daily routine,2017,TV-14,22,"['drama', 'horror', 'thriller']",['US'],4.0,tt6873926,5.5,1900.0,8.441,5.6,-0.7351,-0.5267
tm1000797,Ride Die,MOVIE,rei helps woman shes love years escape abusive husband run feelings catch fire,2021,R,142,"['thriller', 'romance', 'drama']",['JP'],0.0,tt14164234,5.6,1900.0,79.299,6.5,0.2263,-0.5994
tm1087160,Fever Dream,MOVIE,tell haunting story broken souls toxins looming environmental spiritual catastrophes ties bind parent child,2021,R,93,"['drama', 'horror', 'thriller']","['CL', 'PE']",0.0,tt9471660,5.4,1906.0,30.42,5.9,-0.6908,0.25
ts296091,Elite Short Stories : Nadia Guzmán,SHOW,nadia feels conflicted whether see long distance boyfriend guzmn returns spain sisters wedding,2021,TV-MA,11,"['drama', 'romance']",['ES'],1.0,tt14671790,6.2,1907.0,24.675,7.5,0.0,0.0
ts84780,Wild District,SHOW,surrendering bogot police exguerrilla avoids prison working undercover investigate ruthless enforcer government corruption,2018,TV-MA,45,"['drama', 'action', 'crime', 'thriller']",['CO'],2.0,tt8105958,8.2,1917.0,15.725,7.5,-0.6124,0.0
ts22383,Rabbids Invasion,SHOW,rabbids back new tv show rabbids discovers new things learn dont know curious,2013,TV-Y7,10,"['animation', 'comedy', 'family', 'european']","['FR', 'US']",4.0,tt3105674,5.4,1930.0,11.398,6.0,-0.2411,0.0
tm138584,Hawaizaada,MOVIE,1895 shivkar bapuji talpade constructs flies indias first unmanned plane despite odds stacked,2015,PG,157,"['history', 'drama', 'fantasy']",['IN'],0.0,tt4338154,5.5,1942.0,3.027,6.0,0.0,0.0
ts82127,Sirius Jaeger,SHOW,imperial capital 1930 strange group people carrying musical instrument cases landed tokyo station called jaegers came hunt vampires amongst stood young man striking serenity unusual aura name yuliy werewolf whose home village destroyed vampires yuliy jaegers engage deadly battle mysterious holy arc known arc sirius truth awaits end,2018,TV-MA,25,"['action', 'thriller', 'scifi', 'animation', 'history', 'horror']",['JP'],1.0,tt8565136,6.7,1942.0,9.177,7.6,-0.3818,0.0
ts35282,The Next Step,SHOW,follow lives elite group young dancers train next step studio,2013,TV-G,24,"['drama', 'family', 'romance']",['CA'],7.0,tt2374744,6.0,1950.0,9.889,7.2,0.0,0.0
ts21695,Iris,SHOW,two friends members south korean military recruited secret black ops agency,2009,TV-14,61,"['action', 'drama', 'comedy', 'reality', 'romance', 'thriller']",['KR'],2.0,tt1757202,7.8,1951.0,9.239,7.6,0.4767,0.0
ts296069,Elite Short Stories : Omar Ander Alexis,SHOW,remission ander set spending summer helping alexis chemo partner go treatment,2021,TV-MA,12,"['drama', 'crime', 'thriller']",['ES'],1.0,tt14676004,7.3,1952.0,21.175,7.6,0.296,0.0
ts271604,Blue Period,SHOW,bored life popular high schooler yatora yaguchi jumps beautiful yet unrelenting world art finding inspiration painting,2021,TV-14,25,"['animation', 'drama']",['JP'],1.0,tt14115912,7.7,1956.0,8.106,7.7,0.8402,0.0
ts9075,The Fix,SHOW,comedians jimmy carr dl hughley katherine ryan tackle worlds woes help rotating crew funny guests actual expert,2018,TV-MA,27,['comedy'],['US'],1.0,tt5960546,7.0,1957.0,1.555,6.5,0.5994,0.0
tm948128,Audrey,MOVIE,intimate look audrey hepburns life access exclusive neverbeforeseen footage familys personal collection providing unprecedented insightful view audrey life dreams aspirations everlasting legacy,2020,PG,100,"['documentation', 'history']","['US', 'CH']",0.0,tt10731386,7.1,1960.0,8.723,7.1,0.4939,0.0
tm40860,Big Time Movie,MOVIE,big time movie guys must tap inner spy adventure finds driving exotic cars jumping helicopters trying make first world tour concert time hot trail evil henchmen named maxwell british secret agents swedish spies well billionaire businessman sir atticus moon wants back precious device code named beetle antigravitational device enormous power learn theyre carrying precious cargo guys get pulled madcap mission throughout london threatens onset world tour help teen spy penny lane guys set save pennys father mi6 agent simon lane stop sir atticus moons plot use beetle gain world domination nickpress,2012,G,68,"['comedy', 'music', 'family']",['US'],0.0,tt2163203,6.1,1962.0,14.213,7.6,0.8934,0.0
ts82445,Ashes Love,SHOW,jin mi daughter flower deity fed pill prevents feeling expressing romantic love gets tangled love triangle heavenly prince xu feng ambitious night deity run yu,2018,TV-14,43,"['comedy', 'drama', 'thriller', 'fantasy', 'romance']",['CN'],1.0,tt8976346,8.3,1963.0,17.576,8.6,0.9638,0.6369
ts236182,Brews Brothers,SHOW,two rival brothers must work together keep brewery business shenanigans keep foaming company chaos,2020,TV-MA,28,"['comedy', 'drama']",['US'],1.0,tt10930958,5.1,1966.0,2.033,5.2,-0.5719,0.0
ts76486,Just Between Lovers,SHOW,two survivors building collapse discover support love overcome pain loss reconstruct hopeful future,2017,TV-14,73,"['drama', 'romance']",['KR'],1.0,tt7521898,8.2,1979.0,20.502,8.2,0.34,0.5267
tm170873,My Suicide,MOVIE,declaring hes going film committing suicide school project archie videotapes surprising interactions worried family members interested classmates unreliable medical experts hottest girl school,2009,R,110,"['drama', 'comedy']",['US'],0.0,tt0492896,7.0,1981.0,2.951,6.1,-0.3818,-0.6705
ts20781,Incomplete Life,SHOW,equipped nothing ged strategies game go office intern gets thrown cold reality corporate world,2014,TV-14,73,"['comedy', 'drama']",['KR'],1.0,tt4240730,8.5,1987.0,6.909,9.1,0.0,0.0
tm149578,Mission Blue,MOVIE,feature documentary legendary oceanographer marine biologist environmentalist national geographic explorerinresidence sylvia earle campaign create global network protected marine sanctuaries,2014,PG,94,"['documentation', 'drama']",['US'],0.0,tt2004304,7.9,1991.0,4.029,7.5,0.6124,0.0
tm363922,Dovlatov,MOVIE,dovlatov charts six days life brilliant ironic writer saw far beyond rigid limits 70s soviet russia sergei dovlatov fought preserve talent decency poet writer joseph brodsky watching artist friends got crushed ironwilled state machinery,2018,PG-13,126,['drama'],"['RS', 'PL', 'RU']",0.0,tt7763020,6.4,1994.0,3.554,6.4,0.5574,0.0
ts53101,Voice,SHOW,3 minutes hearers life callers crime thriller chasing even slightest sounds rescue peoples lives calling urgent help,2017,TV-14,63,"['crime', 'thriller', 'action']",['KR'],4.0,tt6212854,7.6,1994.0,17.025,6.9,0.5719,0.0
tm412937,Trading Paint,MOVIE,stock car racing legend drawn back dirt track son aspiring driver joins rival racing team,2019,R,87,"['drama', 'thriller', 'action', 'sport', 'european']","['GB', 'US']",0.0,tt7052494,4.4,1996.0,8.786,5.6,-0.34,0.0
ts82218,Hi Score Girl,SHOW,year 1991 6th grader yaguchi haruo video games live hes popular school hes neither handsome funny nice even friendly thing going good video games one day local arcade plays oono akira fellow classmate whos popular smart pretty rich girl absolutely destroys street fighter ii lose 30 times row cant beat game haruo cant seem shake akira follows arcade arcade everyday school beats every time weird sounds odd couple begins strange bond friendship,2018,TV-PG,27,"['comedy', 'animation', 'action', 'romance']",['JP'],2.0,tt8963328,8.0,2002.0,13.722,8.2,0.8665,0.0
ts84646,Warrior,SHOW,war veteran plagued guilt final mission teams best friends widow infiltrate dangerous copenhagen biker gang,2018,TV-MA,42,"['action', 'drama', 'crime']",['DK'],1.0,tt9249090,6.7,2010.0,5.717,6.5,-0.2023,0.0
ts83790,The Beauty Inside,SHOW,love story han segye alist actress known troublemaker object many rumors life mystery reality suffers unusual phenomenon certain point every month appearance changes different person lives one week every month different appearance seo dojae executive director airline company seems perfect attractive appearance intelligence suffers prosopagnosia hides disability tries hard memorize people habits mannerisms face able recognize han segyes,2018,TV-14,59,"['comedy', 'drama', 'fantasy', 'romance']",['KR'],1.0,tt8801708,7.6,2019.0,26.875,8.2,0.6908,0.5859
ts222917,Kevin Hart : Do n't F * * k This Up,SHOW,amid turmoil career marriage comedian film star kevin hart opens personal breakthroughs navigates crises fame,2019,TV-MA,32,['documentation'],['US'],1.0,tt11313054,6.4,2020.0,1.443,6.2,0.4588,0.0
ts20351,Married First Sight,SHOW,cart comes way horse reality series married first sight based hit danish format married features people agree participate extreme experiment covenants legal marriage complete stranger specialists including spiritualist relationship coach sociologist use scientific matchmaking methods determine couple met contact wedding day series documents relationships including honeymoons relatable events married life several weeks couple must decide whether remain together go individual ways,2014,TV-PG,64,"['reality', 'romance', 'european']",['US'],15.0,tt3868860,6.1,2021.0,15.176,5.6,0.4588,0.0
ts222634,Nobody 's Looking,SHOW,new guardian angelus uncovers secret behind angelus systems bureaucracy leads break official rules protecting humans,2019,TV-MA,26,"['comedy', 'drama', 'fantasy']",['BR'],1.0,tt11131980,7.7,2024.0,3.534,7.6,0.0,0.0
tm1228963,Ranveer vs Wild Bear Grylls,MOVIE,click interactive special helping superstar ranveer singh adventurer bear grylls brave serbian wilderness find rare flower,2022,PG,70,['documentation'],['IN'],0.0,tt19315924,7.3,2024.0,9.73,6.0,0.8591,0.0
tm319224,The Loud House Movie,MOVIE,loud family travel scotland discover descendants scottish royalty move giant ancestral castle,2021,G,83,"['comedy', 'action', 'family', 'animation', 'fantasy', 'drama', 'music', 'thriller']",['US'],0.0,tt6714432,6.1,2027.0,88.011,7.6,0.0,0.0
ts29800,Surviving Death,SHOW,happens die docuseries explores personal stories research neardeath experiences reincarnation paranormal phenomena,2021,TV-MA,54,"['documentation', 'reality']",['US'],1.0,tt13649692,6.1,2028.0,0.6,6.8,-0.5994,-0.4019
ts85480,Carole & Tuesday,SHOW,fifty years passed since mankind began migrating new frontier mars age culture produced ai people content passive consumers theres girl scrapping living metropolis alba city shes working part time trying become musician shes always felt like something missing name caroletheres girl born wealthy family provincial town herschel city dreams becoming musician nobody around understands feels like loneliest person world name tuesday chance meeting brings together want sing want make music together feel like might chance two may create tiny wave wave eventually grow something larger,2019,TV-PG,24,"['scifi', 'drama', 'animation', 'music']",['JP'],1.0,tt8107988,7.8,2038.0,9.913,7.4,0.9118,0.0
ts3799,All Hail King Julien,SHOW,king julien back shaking booty harder ever discover wild world madagascar king takes jungles craziest adventures comedy series loyal sidekicks maurice mort meet whole new cast colorful animals including ambitious head security clover villainous foosa one stop king ruling iron fistin airwavin like doesnt care,2014,TV-Y7,23,"['comedy', 'family', 'fantasy', 'animation', 'action']",['US'],5.0,tt3807022,7.0,2042.0,26.409,6.9,0.7409,0.0772
ts271593,Spycraft,SHOW,spy game serious business throughout history tools technologies developed mattered much spies,2021,TV-MA,34,['documentation'],['US'],1.0,tt13789092,6.7,2044.0,7.337,6.9,-0.0772,0.0
ts220196,Centaurworld,SHOW,centaurworld follows war horse transported embattled world strange land inhabited silly singing centaurs species shapes sizes desperate return home befriends group magical creatures embarks journey test battle shes ever faced,2021,TV-Y7,29,"['scifi', 'action', 'animation', 'comedy', 'family', 'fantasy']",['US'],2.0,tt10919290,7.6,2045.0,9.038,7.6,-0.8591,0.0
ts315041,Bulgasal : Immortal Souls,SHOW,cursed since birth exempt death revengedriven immortal sets quest reclaim soul end 600yearold vendetta,2021,TV-MA,71,"['scifi', 'action', 'drama', 'fantasy', 'thriller']",['KR'],1.0,tt14691616,7.3,2063.0,10.958,8.1,-0.3612,0.25
ts83359,100 Days My Prince,SHOW,lee yool falls cliff nearly dies attempted assassination loses memory wanders 100 days new name personality period meets hong sim head first detective agency joseon,2018,TV-14,75,"['drama', 'thriller', 'comedy', 'action', 'history', 'romance']",['KR'],1.0,tt8199972,7.7,2068.0,10.313,8.323,-0.7351,0.0
ts38769,Chelsea,SHOW,first talk show first kind ideas people places fascinate unique style,2016,TV-MA,52,['comedy'],['US'],2.0,tt5672036,6.0,2072.0,16.004,5.1,0.7783,0.0
ts56748,T @ gged,SHOW,tgged modern day thriller explores terrifying risks social media world anonymity,2016,TV-14,21,"['drama', 'thriller', 'reality']",['US'],3.0,tt5881326,7.1,2077.0,11.589,8.0,-0.6597,0.0
ts78767,First Team : Juventus,SHOW,follow renowned soccer club juventus pitch attempt win seventh straight italian title achieve champions league glory,2018,TV-G,36,"['scifi', 'reality', 'sport', 'documentation']",['IT'],2.0,tt7924812,7.3,2082.0,1.704,7.7,0.9118,0.0
ts256606,Trial 4,SHOW,charged teen 1993 killing boston cop sean k ellis fights prove innocence exposing police corruption systemic racism,2020,TV-MA,55,"['documentation', 'crime']",['US'],1.0,tt13363298,7.4,2083.0,6.71,7.1,-0.91,0.0
ts82361,Ultraman,SHOW,decades ago hero stars left world peace son ultraman must rise protect earth new alien threat,2019,TV-14,24,"['animation', 'action', 'scifi', 'fantasy', 'drama']",['JP'],3.0,tt8699270,6.8,2089.0,30.084,7.1,0.743,0.0
ts88909,Glow Up : Britain 's Next Make-Up Star,SHOW,talented cast aspiring makeup artists live work together attempt prove potential industry professionals multitude worlds fashion film regular eliminations challenges test skills pressure also give opportunity unleash creative vision jawdropping results,2019,TV-14,54,['reality'],['GB'],4.0,tt9680524,6.8,2095.0,5.621,7.0,0.8442,0.0
ts87986,Dolly Parton 's Heartstrings,SHOW,eight stories celebrating family faith love forgiveness come life series inspired dolly partons iconic country music catalog,2019,TV-14,66,"['drama', 'music', 'comedy']",['US'],1.0,tt8509922,7.6,2107.0,4.747,7.3,0.9432,0.0
ts57985,Free Rein,SHOW,15yearold la spends summer moms childhood home island coast england bonds mysterious horse,2017,TV-G,28,"['action', 'comedy', 'drama', 'family', 'documentation']",['US'],3.0,tt6928052,7.0,2110.0,31.038,7.8,0.0,0.5106
tm233157,The Guardian Brothers,MOVIE,theres crisis chinese spirit world humans dont believe gods anymore door god facing unemployment ventures human world prove worth leading unexpected encounters transformations humans spirits alike,2016,PG,103,"['animation', 'family', 'fantasy', 'comedy']",['CN'],0.0,tt4788934,5.4,2121.0,16.724,5.8,-0.5106,0.0
ts113637,The Alcàsser Murders,SHOW,true crime documentary examining one controversial crimes spanish history,2019,TV-MA,61,"['documentation', 'crime']",['ES'],1.0,tt8035424,7.1,2127.0,7.573,7.4,-0.3612,-0.6124
tm224377,Heneral Luna,MOVIE,filipino general believes turn tide battle philippineamerican war little know faces greatest threat countrys revolution invading americans,2015,R,118,"['comedy', 'action', 'drama', 'history', 'war']",['PH'],0.0,tt4944352,7.3,2132.0,3.448,7.8,-0.7152,0.0
tm1043290,Murder Coast,MOVIE,1999 teen roco wanninkhof murdered mothers expartner dolores vzquez suspected second victim reveals truth,2021,PG-13,88,"['crime', 'documentation', 'history']",['ES'],0.0,tt13323092,6.5,2134.0,8.719,6.4,-0.7269,-0.6908
tm408890,Yucatán,MOVIE,two white collar thieves compete fiercely trying steal old baker millions lotto,2018,PG,129,"['comedy', 'romance', 'european']",['ES'],0.0,tt6502956,5.5,2143.0,7.401,5.6,-0.7579,0.0
tm1022893,Dynasty Warriors,MOVIE,turbulent late eastern han dynasty ambitious dong zhuo controls court commonalty heroes country begin rise,2021,PG-13,118,"['action', 'fantasy']","['NZ', 'HK']",0.0,tt7587604,4.7,2146.0,165.339,6.4,0.7506,0.0
tm105278,Inuyasha Movie 2 : The Castle Beyond Looking Glass,MOVIE,formidable foe vanquished inuyasha comrades begin returning everyday lives peace fleeting another adversary emerges kaguya selfproclaimed princess moon legend hatches plot plunge world eternal night full moon inuyasha kagome miroku sango shippou must reunite confront new menace,2002,PG-13,100,"['fantasy', 'action', 'animation', 'romance', 'comedy']",['JP'],0.0,tt0366621,7.3,2148.0,30.957,7.6,-0.6249,0.0
ts20014,Sailor Moon Crystal,SHOW,usagi tsukino chosen guardian justice sent quest locate silver crystal dark kingdom invades earth,2014,TV-14,24,"['animation', 'scifi', 'fantasy', 'romance', 'action', 'comedy', 'drama', 'family']",['JP'],4.0,tt3124992,7.8,2148.0,47.398,8.2,0.5267,0.0
ts45948,Monty Python 's Fliegender Zirkus,SHOW,monty pythons fliegender zirkus consisted two 45minute monty python german television comedy specials produced wdr west german television two episodes first broadcast january december 1972 shot entirely film mostly location bavaria first episode recorded german second recorded english dubbed german,1972,TV-MA,43,['comedy'],[],1.0,tt0202477,8.1,2151.0,1.487,7.0,0.3612,0.0
ts308838,Bad Sport,SHOW,true crime sports come together docuseries global controversies scandals explored reports involved,2021,TV-MA,68,"['crime', 'documentation', 'sport']",[],1.0,tt15402912,7.3,2151.0,3.382,7.3,-0.5994,-0.5423
ts222049,Who Killed Malcolm X ?,SHOW,activist abdurrahman muhammad begins investigation perplexing details surrounding assassination civil rights leader malcolm x,2019,TV-MA,43,"['crime', 'history', 'documentation']",['US'],1.0,tt10948316,7.6,2152.0,2.1,7.5,-0.5994,-0.6705
ts296201,Elize Matsunaga : Once Upon Crime,SHOW,crime shocked brazil elize matsunaga shot dismembered rich husband featuring first interview docuseries dives deep case,2021,TV-MA,49,"['crime', 'documentation']",['BR'],1.0,tt14856998,5.9,2152.0,5.124,6.4,-0.296,-0.5423
ts317497,The Neighbor,SHOW,javier going bad patch hardly make end month business tshirts demotivational slogans quite getting attention relationship lola shacking least thing needed alien fall transfer powers dying,2019,TV-MA,29,"['comedy', 'action']",['ES'],2.0,tt9731222,6.5,2152.0,11.332,6.5,-0.5423,0.0
ts84328,The Bureau Magical Things,SHOW,ordinary teenager kyra touches mysterious book transformed trilingparthuman partfairy partelf addition acquiring amazing magical powers kyra discovers secret world magic around,2018,TV-G,24,"['scifi', 'family', 'fantasy', 'drama']",['AU'],2.0,tt7153034,6.7,2152.0,20.189,7.5,0.5859,0.0
ts77518,Teasing Master Takagi-san,SHOW,blush lose living principle middle schooler nishikata gets constantly made fun seat neighbor takagisan pride shattered pieces vows turn tables get back day attempts tease day day find victim takagisans ridicule sooner later able make takagisan blush embarrassment even end,2018,TV-PG,24,"['animation', 'romance', 'comedy']",['JP'],3.0,tt7808344,7.7,2153.0,49.106,8.274,-0.8555,-0.0772
ts41260,"Hello , My Twenties !",SHOW,different personalities life goals taste men five female college students become housemates shared residence called belle epoque,2016,TV-14,63,"['comedy', 'drama', 'romance']",['KR'],2.0,tt5858892,8.3,2161.0,14.835,7.3,0.34,0.0
tm374454,Indian Horse,MOVIE,saul great native hockey player overcomes racism 1970s ultimately becomes tempted alcoholism,2018,PG-13,96,"['drama', 'sport']",['CA'],0.0,tt5672286,7.2,2171.0,6.194,7.3,0.0,0.0
ts311791,The Raincoat Killer : Chasing Predator Korea,SHOW,early 2000s yoo youngchul hammered victims death cast fear across seoul docuseries recounts hunt prolific killer,2021,TV-MA,48,"['documentation', 'crime', 'history']",['KR'],1.0,tt15484900,6.4,2172.0,18.734,6.5,-0.9287,-0.6486
ts41995,Zumbo 's Just Desserts,SHOW,australias willy wonka adriano zumbo acclaimed british chef rachel khoo go search australias sweetest home cooks amateur dessert makers around country put sweet baking skills test ultimate dessert king queen crowned,2016,TV-14,50,['reality'],['AU'],2.0,tt7239256,6.9,2177.0,5.174,6.1,0.4588,0.0
ts185885,Oktoberfest : Beer & Blood,SHOW,1900 rich newcomer shady past arrives munich determined crash local oktoberfest brewery daughter falls love heir rival brewery violent chain events unleashed threaten families futures,2020,TV-MA,48,"['drama', 'history', 'thriller']",['DE'],1.0,tt10244612,6.8,2177.0,6.856,7.0,0.25,0.0
ts90063,Put Your Head My Shoulder,SHOW,si tu mos graduation nearing confused future plans ordinary days suddenly shaken genius physics student gu wei yi appears life two accidentally end living together chaos begins,2019,TV-Y7,41,"['drama', 'comedy', 'romance']",['CN'],1.0,tt10265158,8.0,2191.0,29.769,8.4,-0.8271,0.0
tm434830,The Grizzlies,MOVIE,small arctic town struggling highest suicide rate north america group inuit students lives transformed introduced sport lacrosse,2019,R,106,"['drama', 'sport']",['CA'],0.0,tt6365796,7.4,2194.0,4.171,7.6,-0.8074,0.0
ts78206,Welcome Waikiki,SHOW,kang donggoo dreams becoming movie director cynical due bad luck cheon joonki wanted follow fathers footsteps become actor minor actor bongdoosik came seoul become scenario writer things easy 3 men run guest house waikiki itaewon south korea guest house facing bankruptcy mysterious baby single mother appear waikiki,2018,TV-MA,64,"['drama', 'comedy', 'reality']",['KR'],3.0,tt7890304,8.3,2195.0,26.059,8.6,0.3612,0.4588
tm351181,Turkish Dance School,MOVIE,selim young doctor search 100th patient finish thesis comes across beautiful young girl aysel tried commit suicide possible cure dance become main focus coincidence find attending competitions guidance sengl dance school,2017,PG-13,106,"['comedy', 'drama']",['TR'],0.0,tt7533878,5.6,2202.0,4.629,5.5,0.1531,0.0
ts306335,"Boo , Bitch",SHOW,two senior bffs make lastditch attempt seen one becomes ghost shell need really live best life,2022,TV-14,25,"['scifi', 'comedy']",['US'],1.0,tt14097144,5.7,2203.0,481.983,6.5,0.4902,-0.5859
tm831061,Magamuni,MOVIE,two longseparated brothers end lifethreatening situations lives intersect happens next,2019,PG-13,157,"['drama', 'thriller', 'crime']",['IN'],0.0,tt10370932,7.8,2207.0,1.418,6.9,0.0,0.0
tm34846,Bleach Movie : Fade Black,MOVIE,mysterious reiatsu spiritual particle explosion occurs center seireitei soul society causing destroyed exact time major change overwhelms kuchiki rukia leaves losing something important inside urahara kisuke sends kurosaki ichigo soul society investigate disturbance upon reaching seireitei ichigo attacked ally shinigamis,2008,PG-13,94,"['fantasy', 'action', 'drama', 'animation']",['JP'],0.0,tt1339302,7.1,2207.0,40.732,7.0,-0.8625,0.0
ts56670,Hot Girls Wanted : Turned On,SHOW,porn gone mainstream question handle exploration intersection sex technology told stories people whose lives defined current explosion internet pornwhether theyre creating consuming,2017,TV-MA,47,['documentation'],['US'],1.0,tt6333104,6.6,2210.0,13.181,7.1,0.4767,0.0
tm446574,Love Jacked,MOVIE,maya headstrong 28yearold artistic ambitions strong contrast father ed wants dutiful daughter run family store ed shocked maya takes assertions independence step decides travel africa inspiration returns fianc quite seems,2018,PG-13,100,"['comedy', 'romance']","['ZA', 'US', 'CA']",0.0,tt4329242,5.8,2215.0,6.833,6.1,0.6597,0.6369
ts224907,Backstreet Rookie,SHOW,tells unpredictable 24hour love story fourdimensional innocent girl jung saet byeol troublemaker adorkable caring male store manager choi dae hyun context convenience store met accidentally 4 years ago back saet byeol asked dae hyun buy cigarettes saet byeol comes convenience store dae hyun runs parttime job hilarious romantic story starts,2020,TV-14,62,"['drama', 'comedy', 'romance', 'action']",['KR'],1.0,tt12516712,7.4,2216.0,29.819,7.5,0.8689,0.0
ts252505,Are You Afraid Dark ?,SHOW,season horror anthology series follows different group kids members midnight society discover terrifying curses creatures,2019,TV-PG,42,"['thriller', 'horror', 'family', 'drama', 'fantasy']",['US'],3.0,tt10473306,7.0,2216.0,63.359,7.5,-0.8126,0.0
ts287294,"Money , Explained",SHOW,spend borrow save lets talk money many minefields credit cards casino scammers student loans,2021,TV-14,23,['documentation'],['US'],1.0,tt14492910,6.9,2223.0,14.952,7.6,0.7003,0.0
tm138902,Inuyasha Movie 3 : Swords Honorable Ruler,MOVIE,inuyasha brother sesshomaru inherited sword father death however father third sword named sounga sealed away seven hundreds years death sounga awakens threatens mankinds existence children great dog demon stop unimaginable power,2003,PG-13,99,"['animation', 'fantasy', 'action', 'thriller']",['JP'],0.0,tt0396659,7.6,2226.0,43.092,7.8,-0.8176,0.5423
tm1111595,A California Christmas : City Lights,MOVIE,follows callie joseph one year fell love running dairy farm winery romance threatened business family obligations call joseph back city,2021,PG-13,105,"['comedy', 'drama', 'romance']",['US'],0.0,tt13701962,5.5,2231.0,19.813,6.6,0.7003,0.0
ts85822,Selection Day,SHOW,two teen cricket prodigies struggle overbearing father system stacked realize ambitions identities,2018,TV-14,25,"['drama', 'comedy', 'sport']",['IN'],1.0,tt8004628,7.3,2234.0,5.002,7.6,-0.3182,0.0
tm1150872,Aziz Ansari : Nightclub Comedian,MOVIE,another year lockdowns aziz takes stage skewer pandemic life quarantines vaccine cards celebrity sidegigs smartphones,2022,R,29,['comedy'],['US'],0.0,tt17005888,7.0,2235.0,3.061,6.7,0.0,0.3818
ts89048,My First First Love,SHOW,due various personal reasons group yun taeos friends move house experience love friendship everything,2019,TV-PG,48,['drama'],['KR'],2.0,tt8995604,7.5,2246.0,25.264,8.3,0.8807,0.6369
ts236769,"Coronavirus , Explained",SHOW,2020 world changed topical series examines coronavirus pandemic efforts combat ways manage mental health toll,2020,TV-PG,23,['documentation'],['US'],1.0,tt12189310,7.6,2254.0,5.929,7.4,-0.34,0.0
ts290643,Super Crooks,SHOW,johnny bolt recruits group ragtag supervillains one last heist target ruthless superpowered crime boss go wrong,2021,TV-MA,30,"['action', 'crime', 'fantasy', 'scifi', 'drama', 'animation']",['JP'],1.0,tt14272628,7.1,2254.0,6.317,7.2,-0.765,0.5994
ts35596,Bella Bulldogs,SHOW,head cheerleaders life takes unexpected twist riflelike throwing arm takes sidelines becoming middle schools starting quarterback bella dawson confident caring talented teenager suddenly finds fulfilling lifelong dream also navigate world teammates troy sawyer newt without losing two best friends pepper sophie cheer squad,2015,TV-G,23,"['comedy', 'family', 'sport']",['US'],2.0,tt3596178,4.9,2255.0,12.273,7.9,0.9525,0.0
ts23752,Midnight Diner,SHOW,set small restaurant corner shopping district unusual eatery open midnight standard menu consists single choice however customers still come amusing chatter proprietors willingness cook dish request drama depicts lives restaurants patrons including yakuza unsuccessful actor group office ladies newspaper delivery boy stripper,2009,TV-MA,27,"['drama', 'comedy']",['JP'],5.0,tt1882928,8.6,2256.0,7.356,7.9,0.296,0.0
tm372917,Pope Francis : A Man His Word,MOVIE,pope francis responds questions around world discussing topics including ecology immigration consumerism social justice,2018,PG,96,"['documentation', 'european']","['IT', 'CH', 'VA', 'FR', 'DE']",0.0,tt6915100,6.4,2260.0,8.256,7.3,0.5267,0.0
tm211424,Dharam Sankat Mein,MOVIE,film revolves around hindu man paresh rawal goes identity crisis discovers adopted son hindu family born muslim family journey starts finding real father,2015,PG-13,129,"['comedy', 'drama', 'family', 'fantasy', 'thriller']",['IN'],0.0,tt4354740,6.3,2262.0,3.51,7.0,-0.6249,0.0
ts222864,Falling Into Your Smile,SHOW,student tong yao makes two vows never relationship someone field make chinese league legends tong yao earns spot first formal female player chinas professional league catches attention elite team captain facing doubts inconveniences meets challenge persistence teammates support much effort become vows stand world stage make six years regret avoid romantic entanglement within esports world adapted novel youre beautiful smile qing mei,2021,TV-14,44,"['drama', 'comedy', 'romance']",['CN'],1.0,tt11290960,8.4,2267.0,39.102,9.0,0.802,0.2263
tm926580,A Family,MOVIE,story yakuza family 1999 2019 kenji yamamotos father died using stimulant drug life fell desperation kenji yamamoto joined crime syndicate meets gangs boss hiroshi shibasaki hiroshi shibasaki reaches kenji yamamoto developed relationship like father son time passes kenji yamamoto family,2021,R,136,"['crime', 'drama']",['JP'],0.0,tt13356884,7.0,2268.0,4.822,7.2,-0.8126,0.0
tm270999,The Resurrection Gavin Stone,MOVIE,gavin stone washedup former child star forced community service local megachurch pretends christian land part jesus annual passion play discover important role life far hollywood,2017,PG,91,"['drama', 'comedy', 'family', 'romance']",['US'],0.0,tt4902904,6.2,2269.0,3.2,6.3,0.4215,0.0
tm298779,Lu Over Wall,MOVIE,small fishing village gloomy middle school student named kai meets mermaid named lu,2017,PG,117,"['animation', 'family', 'fantasy', 'action', 'comedy', 'music']",['JP'],0.0,tt6452332,6.8,2269.0,8.944,7.0,-0.1531,0.0
tm886086,Seized,MOVIE,hiding son taylor mexican coast nero hopes put violent special forces career behind neros home attacked taylor abducted mysterious mzamo orders nero slaughter members three rival crime syndicates fails taylor die bullets flying bodies dropping nero completes mission races find mzamos hideout seek revenge,2020,R,85,"['action', 'thriller']",['US'],0.0,tt7221772,5.3,2270.0,12.92,6.6,-0.9661,0.0
ts82228,Cells Work !,SHOW,story tale inside body according new study human body consists approximately 37 trillion cells cells hard work every day within world body oxygencarrying red blood cells bacteriafighting white blood cells get know unsung heroes drama unfolds inside oddly relatable interesting story life cells,2018,TV-14,23,"['comedy', 'animation', 'action', 'fantasy']",['JP'],2.0,tt8673610,7.5,2270.0,16.706,8.3,0.6808,0.0
ts341767,Kotaro Lives Alone,SHOW,lonely little boy moves ramshackle apartment building makes friends broke manga artist lives next door,2022,TV-14,27,"['animation', 'drama', 'comedy']",['JP'],1.0,tt15490038,8.4,2281.0,13.897,6.9,-0.296,-0.25
ts89130,If I Had n't Met You,SHOW,eduard husband father loses family tragic accident travels parallel universes seek better fate beloved wife,2018,TV-MA,52,"['thriller', 'drama', 'scifi', 'fantasy', 'romance']",['ES'],1.0,tt9817268,7.7,2283.0,4.495,6.9,-0.296,0.0
ts301625,Hold Tight,SHOW,young man goes missing soon friend dies life tightknit affluent warsaw suburb slowly unravels exposing secrets lies,2022,TV-MA,47,"['crime', 'drama', 'thriller']",['PL'],1.0,tt15019128,6.1,2288.0,6.901,7.2,-0.4588,0.0
ts57811,Fate/Apocrypha,SHOW,theft greater grail fuyuki city leads splintered timeline great holy grail war waged unprecedented scale,2017,TV-14,24,"['scifi', 'action', 'animation', 'drama', 'fantasy']",['JP'],1.0,tt6424454,6.6,2299.0,17.023,7.7,0.4019,0.0
ts236725,Lenox Hill,SHOW,birth brain surgery docuseries provides intimate look lifesaving work four doctors lenox hill hospital nyc,2020,TV-MA,48,['documentation'],['US'],1.0,tt12190580,8.6,2311.0,6.268,6.8,0.0,0.0
ts296129,Elite Short Stories : Guzmán Caye Rebe,SHOW,rebe hosts intimate house warming party friends situation takes dramatic turn help drugs unexpected visitors,2021,TV-MA,12,"['drama', 'crime', 'thriller']",['ES'],1.0,tt14668192,7.4,2319.0,19.939,8.2,0.8442,0.0
ts21664,One One,SHOW,sportscaster becomes fulltime dad exwife decides accept job country teenage daughter breanna moves,2001,TV-14,20,['comedy'],['US'],5.0,tt0284770,7.0,2323.0,6.204,7.9,0.3818,0.0
ts51367,Trailer Park Boys : Out Park : Europe,SHOW,lot liquor whores mustard bologna maybe cigarettes dope mostly liquor whores cigarettes balogna well mustard dope,2016,TV-MA,28,"['action', 'drama', 'comedy', 'crime']",['CA'],2.0,tt5937754,7.0,2324.0,5.537,6.2,-0.7845,0.0
ts89832,Abyss,SHOW,meeting untimely demise separate incidents cha min go seyeon discover theyve come back life new bodies dont recognize,2019,TV-14,63,"['scifi', 'crime', 'fantasy', 'romance', 'comedy']",['KR'],1.0,tt10055734,7.1,2324.0,15.15,8.3,0.0,0.0
ts269157,Room 2806 : The Accusation,SHOW,docuseries follows 2011 sexual assault case involving french politician dominique strausskahn,2020,TV-MA,49,"['documentation', 'crime']",['FR'],1.0,tt13540900,7.0,2327.0,2.939,7.3,-0.5859,-0.25
ts53399,Eternal Love,SHOW,three hundred years ago bai qian stood zhu xian terrace turned around jumped without regret ye hua stood bronze mirror witness eyes death three hundred years later east sea dragon palace two meet unexpectedly another lifetime another world suffering betrayal bai qian longer feels anything yet cant seem comprehend ye huas actions three lives three worlds fated love,2017,TV-14,45,"['scifi', 'drama', 'fantasy', 'romance', 'family']",['CN'],1.0,tt6488862,8.3,2339.0,20.099,7.8,-0.6449,0.6369
ts190452,Stolen Away,SHOW,man gets caught colombian customs drugs goal end prison contact kidnapped daughter years ago,2020,TV-14,48,"['thriller', 'action', 'crime', 'drama']",['ES'],1.0,tt10064124,7.1,2344.0,14.787,7.1,-0.5106,-0.4939
ts287729,Alma Matters : Inside IIT Dream,SHOW,nation middleclass iit dream involves clearing worlds toughest public exam guaranteed lifelong success life exam though hustle one nobody trains result eternal tumult,2021,TV-MA,49,"['documentation', 'drama']",['IN'],1.0,tt14512938,8.3,2346.0,1.493,9.0,0.6597,0.2732
tm1165219,Ali Wong : Don Wong,MOVIE,comedian writer actress ali wong returns netflix third original comedy special wong time valentines day ali reveals wildest fantasies challenges monogamy really feels single people filmed count basie theater new jersey,2022,R,59,['comedy'],['US'],0.0,tt17542000,6.5,2352.0,6.125,6.9,0.8555,0.0
tm172883,Game,MOVIE,four strangers invited reclusive kabir malhotra private island samos greece dont know dont know next morning wish never come,2011,PG,135,"['thriller', 'action', 'crime', 'drama', 'european']",['IN'],0.0,tt1772872,5.2,2353.0,4.612,5.2,0.4019,0.0
ts54050,Ultimate Beastmaster,SHOW,intense obstacle course series elite athletes us countries compete cash prizes individual glory national pride,2017,TV-PG,59,"['action', 'reality']",['US'],3.0,tt5607970,7.3,2359.0,5.525,6.0,0.7717,0.0
ts268890,Lovestruck City,SHOW,heart stolen freespirited woman beachside romance passionate architect sets reunite streets seoul,2020,TV-14,30,"['drama', 'romance']",['KR'],1.0,tt13394544,7.6,2372.0,18.949,7.763,0.5859,0.0
ts20918,The Parkers,SHOW,parkers american sitcom aired upn august 30 1999 may 10 2004 spinoff upns moesha parkers features motherdaughter team nikki kim parker parkers signature heeyyy greeting became popular early 2000s,1999,TV-PG,19,['comedy'],['US'],5.0,tt0200353,6.8,2377.0,5.745,8.1,0.6597,0.0
ts225102,Record Youth,SHOW,cutthroat world life youre born decides success three aspiring youths determined change perception fight dreams,2020,TV-14,73,"['drama', 'romance']",['KR'],1.0,tt12850322,7.2,2381.0,16.785,8.3,0.7351,0.0
ts239188,Kitz,SHOW,year tragic death brother lisi enters decadent world munich clique ski resort soon kicks avalanche reveals truth behind facade full glamor money hedonism,2021,TV-MA,44,"['drama', 'thriller']","['AT', 'DE']",1.0,tt12104930,5.7,2392.0,5.661,7.4,-0.3612,0.0
ts78707,The Joel McHale Show Joel McHale,SHOW,trending news pop culture social media original videos come together host joel mchales weekly comedy commentary show,2018,TV-MA,25,['comedy'],['US'],2.0,tt7895706,7.1,2396.0,6.858,6.4,0.5859,0.0
ts82843,The Curious Creations Christine McConnell,SHOW,wickedly talented baker artist christine mcconnell fills home haunting confections creepy crafts wildly inappropriate creatures,2018,TV-PG,27,"['comedy', 'reality', 'horror']",['US'],1.0,tt8773080,7.7,2397.0,3.175,7.3,-0.2263,0.5994
ts103329,Ghost Shell : SAC_2045,SHOW,global financial crisis world engulfed aidriven sustainable war section 9 counter new forms cyber threats,2020,TV-14,25,"['scifi', 'action', 'animation', 'crime', 'drama', 'thriller']",['JP'],2.0,tt9466298,6.2,2397.0,11.482,6.5,-0.8957,-0.3182
ts28516,Okupas,SHOW,year 2000 ricardo pollo walter chiqui occupied house buenos aires neighborhood congreso four young people forge strong friendship leads go different stories crime drugs social marginalization,2000,TV-MA,40,"['drama', 'crime']",['AR'],1.0,tt0289649,9.0,2399.0,8.565,8.8,0.4019,0.0
ts330402,Is It Cake ?,SHOW,skilled cake artists create mouthwatering replicas handbags sewing machines mindbending baking contest inspired popular meme,2022,TV-PG,39,['reality'],['US'],1.0,tt18314214,5.7,2411.0,3.846,7.6,0.7964,0.0
tm93612,Bleach Movie : Hell Verse,MOVIE,hell place beings committed mortal sins lifetime sent realm even soul reapers forbidden interfere group vicious sinners plot escape eternal prison discover substitute soul reaper ichigo kurosaki key freedom,2010,PG-13,94,"['fantasy', 'animation', 'action']",['JP'],0.0,tt1785394,7.4,2416.0,53.143,7.4,-0.8481,-0.6808
ts218176,The Big Show Show,SHOW,big shows teenage daughter comes live wife two daughters quickly becomes outnumbered outsmarted despite 7 feet tall weighing 400 pounds longer center attention,2020,TV-PG,26,"['comedy', 'family']",['US'],1.0,tt10726356,6.3,2426.0,8.046,7.5,0.0,0.0
ts282291,Generation 56K,SHOW,told two points view couple begins dating era 56k modem navigates relationship next two decades,2021,TV-14,30,"['drama', 'romance', 'comedy']",['IT'],1.0,tt13524842,7.4,2427.0,5.375,7.3,0.0,0.0
ts242820,Floor Lava,SHOW,teams compete navigate rooms flooded lava leaping chairs hanging curtains swinging chandeliers,2020,TV-Y7,31,['reality'],['US'],2.0,tt12370124,5.3,2429.0,9.617,7.8,0.0,0.0
ts53693,The Worst Witch,SHOW,join mildred hubble cbbcs adaptation worst witch books written jill murphy,2017,TV-Y7,28,"['scifi', 'family', 'fantasy', 'european']",['GB'],4.0,tt5721172,7.2,2437.0,49.402,7.7,-0.6597,-0.765
ts87471,Darwin 's Game,SHOW,sudou kaname ordinary high school student receives invitation email try mysterious app called darwins game kaname upon launching app drawn game players fight one another using superpowers called sigils without knowing reason kaname survive furious battles powerful players attack,2020,TV-14,25,"['action', 'scifi', 'animation', 'thriller', 'drama']",['JP'],1.0,tt11405390,7.2,2440.0,14.208,7.86,-0.8481,0.0
ts34737,La Reina del Sur,SHOW,years blood sweat tears woman humble origin ends becoming drug trafficking legend means,2011,TV-MA,41,"['drama', 'crime', 'action', 'thriller']",['MX'],2.0,tt1704637,8.0,2445.0,108.286,7.693,-0.2263,0.0
tm1082515,Untold : Caitlyn Jenner,MOVIE,caitlyn jenners unlikely path olympic glory inspirational challenging road embracing true self proved even meaningful,2021,R,69,"['documentation', 'sport']",['US'],0.0,tt15101946,6.4,2456.0,4.431,6.6,0.91,0.0
tm89386,Hitler : A Career,MOVIE,keen chronicle unlikely rise power adolf hitler 18891945 dissection third reich 19331945 also analysis mass psychology desperate crowd deceived shepherded slaughterhouse,1977,PG,150,"['history', 'documentation', 'european']",['DE'],0.0,tt0191182,7.5,2460.0,4.305,7.3,-0.4019,0.0
ts255809,Carmel : Who Killed Maria Marta ?,SHOW,documentary series circumstances surrounding death mara marta garca belsunce one controversial criminal cases argentina,2020,TV-14,58,"['documentation', 'crime']",['AR'],1.0,tt13244092,7.0,2463.0,33.319,7.5,-0.8442,-0.6705
tm983668,Misha Wolves,MOVIE,womans holocaust memoir takes world storm fallout publisherturneddetective reveals story audacious deception created hide darker truth,2021,PG-13,90,"['documentation', 'drama']","['BE', 'GB', 'DE']",0.0,tt13648220,6.7,2474.0,12.641,7.2,0.1531,0.0
ts87224,Always Witch,SHOW,young 17thcentury witch time travels future save man loves first must adjust presentday cartagena defeat dark rival,2019,TV-14,38,"['scifi', 'drama', 'fantasy']",['CO'],2.0,tt8001250,6.2,2474.0,18.361,7.1,0.34,-0.3612
ts42260,Chelsea Does,SHOW,comedienne writer chelsea handler discusses topics marriage racism silicon valley drugs filmed four parts,2016,TV-MA,70,['documentation'],['US'],1.0,tt5275894,7.3,2476.0,3.273,6.5,-0.5423,0.0
tm374313,The Forgiven,MOVIE,end apartheid archbishop desmond tutu meets brutal murderer seeking redemption,2018,R,115,['thriller'],"['GB', 'ZA']",0.0,tt2249081,5.9,2479.0,6.197,6.1,-0.8658,0.3818
tm445456,Pihu,MOVIE,social thriller starring two yearold baby girl living home adults going complicated phase toddler occasionally trapped accidental situations,2018,G,91,"['thriller', 'drama', 'family']",['IN'],0.0,tt8458202,6.7,2482.0,6.676,7.7,-0.4076,0.0
ts191121,Reality Z,SHOW,zombie apocalypse imprisons participants producers reality show called olimpo house gods studio becomes shelter seek salvation rio de janeiro chaos hopelessness begin rule,2020,TV-MA,31,"['comedy', 'horror', 'scifi']",['BR'],1.0,tt10241238,5.6,2487.0,11.161,6.8,-0.8316,0.0
tm1091155,Untold : Breaking Point,MOVIE,pressure continue winning tradition american tennis mardy fish faced mental health challenges changed life court,2021,R,79,"['documentation', 'sport']",['US'],0.0,tt15101938,7.6,2490.0,5.385,8.0,0.3612,0.0
ts311915,Rebelde,SHOW,head back elite way school new generation students hope win battle bands,2022,TV-MA,40,"['drama', 'romance', 'family', 'comedy', 'music']",['MX'],2.0,tt14153686,6.2,2492.0,138.589,7.455,0.6249,0.0
tm143510,Harishchandrachi Factory,MOVIE,movie depicts efforts struggle dadasaheb falke creating first motion picture india raja harishchandra,2009,G,96,"['comedy', 'drama', 'history']",['IN'],0.0,tt1524539,8.4,2498.0,2.115,7.0,-0.0258,0.0
ts223238,My Holo Love,SHOW,go nan owner creator research company must hide existence world involvement hacker major case ten years ago presumed dead people knew existence stepsister companies ceo han yeon assistant manager glasses company keeps distance people due inability recognize peoples faces,2020,TV-14,53,"['drama', 'scifi', 'romance']",['KR'],1.0,tt11058644,7.6,2511.0,24.845,8.6,-0.8271,0.6369
tm1027712,This Little Love Mine,MOVIE,laura price successful san francisco lawyer cusp promotion far cry childhood growing tropical island best friends chip gem firms biggest client chips grandfather asks laura travel island deliver contract make chip heir leaves behind practice fianc owen convince childhood friend sign contract make billionaire,2021,G,91,"['romance', 'comedy']",['AU'],0.0,tt12546872,5.3,2514.0,12.97,6.2,0.9313,0.6003
ts16045,Are You The One ?,SHOW,ambitious dating experiment ever attempted group gorgeous single women guys put extensive scientific matchmaking process find perfect match,2014,TV-14,41,['reality'],['US'],8.0,tt3484274,6.4,2528.0,9.479,5.9,0.8957,0.0
ts283676,Last Chance U : Basketball,SHOW,hit hardwood east los angeles coach strong convictions leads young men hope fulfill major college potential,2021,TV-MA,57,"['documentation', 'sport']",['US'],1.0,tt13087512,8.3,2531.0,9.485,7.7,0.8442,0.25
ts251621,World 's Most Wanted,SHOW,heinous criminals avoided capture despite massive rewards global investigations docuseries profiles worlds wanted,2020,TV-14,47,"['documentation', 'crime']",['US'],1.0,tt12753698,7.1,2532.0,3.723,8.0,-0.825,0.0
tm892081,Eric Andre : Legalize Everything,MOVIE,comedian eric andre presents first netflix original standup special taking stage new orleans andre breaks boundaries comedy critiques war drugs war sex war fart jokes,2020,R,51,['comedy'],['US'],0.0,tt12327104,6.1,2535.0,2.704,6.3,-0.3818,0.0
ts33590,The Haunted Hathaways,SHOW,michelle hathaway relocates new orleans open bakery daughters taylor frankie quickly learn life big easy different unbeknownst new home already occupied ghost family comprised jazz musician father ray preston sons miles louie agreeing live one roof come care rely one another driving crazy like normal family would though leery first hathaways soon discover much fun life living ghosts,2013,TV-G,24,"['comedy', 'family', 'fantasy']",['US'],2.0,tt2535732,5.0,2538.0,17.079,7.1,0.8625,-0.4767
tm244274,Lowriders,MOVIE,young street artist east los angeles caught fathers obsession lowrider car culture exfelon brother need selfexpression,2017,PG-13,99,"['crime', 'drama', 'action']",['US'],0.0,tt1366338,5.6,2542.0,9.863,6.7,-0.3818,0.0258
ts304058,Ganglands,SHOW,mehdi qualified robber liana apprentice thief get involved turf war drug dealers collaborate order save loved ones,2021,TV-MA,46,"['action', 'crime', 'drama', 'thriller']",['FR'],1.0,tt13278100,7.0,2553.0,39.002,7.3,-0.5859,0.0
tm300027,Thi Mai,MOVIE,losing daughter accident carmen loses incentive keep going receives unexpected letter adoption agency daughter finally granted vietnamese girl asked adoption whose name thi mai,2018,G,99,"['comedy', 'family', 'european']",['ES'],0.0,tt6126346,6.0,2558.0,9.169,6.2,-0.5423,0.0
ts238242,The Great Heist,SHOW,based 1994 robbery us33 million colombias central bank turned country upside,2020,TV-MA,42,"['crime', 'drama', 'thriller']",['CO'],1.0,tt12624844,7.3,2561.0,22.871,7.3,0.0,0.6249
tm281182,Gabriel Iglesias : I 'm Sorry What I Said When I Was Hungry,MOVIE,hawaiianshirt enthusiast gabriel fluffy iglesias finds laughs racist gift baskets priusdriving cops allfemale taco trucks,2016,PG-13,87,"['comedy', 'documentation']",['US'],0.0,tt6302122,7.4,2566.0,3.047,7.2,0.5574,-0.0772
ts84833,Diablero,SHOW,young priest enlists help demon hunter paranormal expert search kidnapped girl underworld mexico city,2018,TV-MA,38,"['scifi', 'horror', 'thriller', 'family', 'drama', 'fantasy']",['MX'],2.0,tt7414954,6.7,2568.0,19.915,7.5,0.4019,0.0
ts256311,High-Rise Invasion,SHOW,highschool girl yuri suddenly finds rooftop highrise building shes trapped bizarre world surrounded skyscrapers masked man cracked open mans head axe eyes finding way survive bizarre world find beloved brother escape becomes top priority beset danger mysterious masks possess inhuman strength cruelty survivors turned cruel desparate insanity highrise world,2021,TV-MA,26,"['thriller', 'action', 'animation', 'horror', 'scifi']",['JP'],1.0,tt13357164,6.6,2575.0,37.817,8.4,-0.9349,0.0
ts20535,The Garfield Show,SHOW,favorite lazy fat cat garfield odie jon rest gang back funny misadventures whether hes scarfing lasagna tricking nermal kitten garfield guaranteed crack remember hates mondays,2009,TV-G,17,"['animation', 'comedy', 'family', 'european']",['US'],5.0,tt1470837,5.4,2578.0,25.677,5.2,0.1531,0.0
ts41253,Love O2O,SHOW,makes man fall love woman first sight appearance aura wealth campus prince gaming expert student xiao nai first saw bei wei wei made fall love extraordinary beauty slim slender fingers flying across keyboard calm composed manner embarrassing time gaming expert bei wei wei time place computer methodically commanding guild war perfect glorious victory despite disadvantage completely unaware cupid nearby soon basketball player swimmer allaround excellent student game company president xiao nai uses tactics offline take beautys heart therefore romance slowly bloomed drama adapted novel gu man,2016,TV-14,45,"['drama', 'romance']",['CN'],1.0,tt6055498,7.9,2585.0,27.228,6.1,0.9853,0.6369
tm110160,Avvai Shanmugi,MOVIE,divorced husband desperately misses daughter order takes job fatherinlaws house catch job female governess,1996,PG-13,160,"['drama', 'comedy']",['IN'],0.0,tt0139872,7.9,2586.0,2.828,7.5,-0.5423,0.0
tm184511,Inkaar,MOVIE,leading ad agency battle top job rahul verma advertising ceo maya luthra ambitious protge takes ugly turn maya files sexual harassment complaint rahul,2013,R,133,"['drama', 'romance', 'thriller']",['IN'],0.0,tt2094854,6.1,2586.0,2.882,5.6,-0.7717,0.0
ts287722,The Upshaws,SHOW,bennie upshaw head black working class family indianapolis charming wellintentioned mechanic lifelong mess trying best step care family tolerate sardonic sisterinlaw without blueprint success,2021,TV-14,27,"['family', 'comedy']",['US'],2.0,tt10945036,6.8,2589.0,5.205,8.7,0.7719,0.0
tm49405,Inuyasha Movie : Affections Touching Across Time,MOVIE,inuyasha halfdemon trapped legendary tree set free kagome girl traveled 500 years time time face menomaru chinese demon whose father known hyoga came 300 years ago invade japan stopped inuyashas father inuyasha kagome along sango miroku shippou kaede myoga try stop menomaru becoming powerful demon ever,2001,PG-13,99,"['action', 'animation', 'fantasy']",['JP'],0.0,tt0322645,7.2,2593.0,36.262,7.6,-0.1027,0.3612
tm366383,Deliha 2,MOVIE,zeliha back crazy candid ever still gets sorts trouble seeking love first film zeliha career sequel dreams becoming cook starts working luxury restaurant zelihas dreams finally come true real world break heart leave disappointment heartwarming characters entertaining story gupse zay writer films deliha grmce deliha 2 leave audiences laughter film also marks zays directorial debut,2018,G,106,['comedy'],['TR'],0.0,tt7871636,4.7,2594.0,5.949,5.9,0.9153,0.0
tm434553,Cut Throat City,MOVIE,four boyhood friends return new orleans lower ninth ward hurricane katrina find home decimated prospects work swept away turning local gangster employment crew hired pull daring casino heist right heart city,2020,R,123,"['thriller', 'drama', 'action', 'crime']",['US'],0.0,tt3547306,4.8,2594.0,10.445,6.6,0.6808,-0.2732
ts218888,BNA,SHOW,morphed raccoon beastman michiru seeks refuge answers aid wolf beastman shirou inside special zone animacity,2020,TV-14,24,"['scifi', 'action', 'animation', 'fantasy']",['JP'],1.0,tt12013558,7.2,2605.0,18.263,8.4,0.4019,0.0
ts89231,You vs. Wild,SHOW,interactive series youll make key decisions help bear grylls survive thrive complete missions harshest environments earth,2019,TV-PG,19,"['reality', 'action']",['US'],2.0,tt10044952,6.6,2606.0,3.864,6.7,-0.296,0.0
ts222599,Queer Eye : We 're Japan !,SHOW,team queer eye take gorgeous uplifting makeover skills land rising sun,2019,TV-14,50,['reality'],['US'],1.0,tt10971532,8.2,2608.0,1.716,7.2,0.6124,0.0
ts226617,The Innocence Files,SHOW,personal stories behind eight cases wrongful conviction innocence project organizations within innocence network worked highlight overturn,2020,TV-MA,64,"['documentation', 'crime', 'drama']",['US'],1.0,tt11958922,8.0,2622.0,3.368,7.4,0.765,0.3818
tm148597,Monty Python : Live ( Mostly ),MOVIE,celebrate last night pythons big screen john cleese eric idle terry gilliam terry jones michael palin,2014,R,138,"['documentation', 'comedy', 'music']",['GB'],0.0,tt3872778,7.6,2623.0,3.875,7.1,0.5719,0.0
ts216746,The Secret Skinwalker Ranch,SHOW,team experts scientists undertakes exhaustive research skinwalker ranch infamous location paranormal activity ufo sightings,2020,TV-PG,42,"['horror', 'reality', 'thriller', 'documentation']",['US'],3.0,tt10589968,6.0,2625.0,30.911,8.5,-0.128,0.0
ts131579,Thieves Wood,SHOW,18thcentury flanders soldierturnedbandit becomes local hero leads oppressed downtrodden revolt corrupt aristocracy,2018,TV-MA,48,"['history', 'drama', 'action', 'thriller', 'comedy', 'documentation']",['BE'],1.0,tt5766086,6.8,2629.0,12.035,6.4,0.128,-0.5106
ts88485,Green Eggs Ham,SHOW,guyami inventor friend samiam go crosscountry trip would test limits friendship learn try new things find adventure brings,2019,TV-Y7,28,"['animation', 'comedy', 'action', 'family', 'drama', 'fantasy', 'romance']",['US'],2.0,tt4651448,8.1,2631.0,13.878,8.6,0.8126,0.0
ts306187,Family Reunion,SHOW,mckellan family moves seattle georgia closer extended family transition like catfish water,2019,TV-PG,29,"['comedy', 'family']",['US'],5.0,tt9153270,6.4,2632.0,18.784,8.6,0.3612,0.0
ts268102,Juvenile Justice,SHOW,tough judge balances aversion minor offenders firm beliefs justice punishment tackles complex cases inside juvenile court,2022,TV-MA,61,"['drama', 'crime']",['KR'],1.0,tt15553922,8.0,2633.0,63.286,8.2,-0.6908,0.5267
tm75544,Dhan Dhana Dhan Goal,MOVIE,bankrupt soccer team must win championship break apart,2007,PG,167,"['drama', 'sport', 'thriller']",['IN'],0.0,tt1120897,5.0,2635.0,5.282,5.3,0.4767,0.0
ts20883,"Nicky , Ricky , Dicky & Dawn",SHOW,story 10yearold girl dawn haley whose sibling rivalry three brothers heightened fact quadruplets,2014,TV-G,23,"['family', 'comedy']",['US'],4.0,tt3596176,5.1,2642.0,27.683,7.3,0.0,0.0
tm300440,The Mansion,MOVIE,band students comes celebrate new year old manor house isolated everything soon arrival strange events disrupt atmosphere party turns squarely nightmare,2017,PG-13,100,"['comedy', 'horror', 'european']",['FR'],0.0,tt7029854,4.6,2645.0,10.321,4.9,0.5106,0.0
tm77863,Honeymoon Travels Pvt . Ltd .,MOVIE,six newlymarried diverse honeymooning couples face marital bliss discord finding significant others life happygolucky quirky drama,2007,PG-13,118,"['comedy', 'drama', 'romance']",['IN'],0.0,tt0808306,6.1,2648.0,5.216,5.3,0.4215,0.0
tm167241,Ragini MMS,MOVIE,relax fun farmhouse couple experience horror hands unknown entity,2011,PG-13,93,"['drama', 'horror', 'thriller']",['IN'],0.0,tt1890513,5.1,2654.0,2.033,3.8,0.3612,0.0
tm53395,FRED 3 : Camp Fred,MOVIE,schools fred figglehorns dream water slides horseback riding monkey butlers summer turns nightmare gruel poisonous berries mom signs unsanitary camp,2012,PG,81,"['comedy', 'family']",['US'],0.0,tt2395219,2.0,2654.0,5.926,5.6,-0.4019,0.0
ts104840,Skylines,SHOW,frankfurt young talented hiphop producer germany signs record label finds worlds music organized crime collide,2019,TV-MA,57,"['crime', 'drama', 'music', 'documentation', 'reality']",['DE'],1.0,tt9184970,7.5,2658.0,3.678,7.1,-0.128,0.0
ts42014,60 Days In,SHOW,unprecedented look life behind bars indianas clark county jail seven innocent volunteers sent live among general population 60 days without officers fellow inmates staff knowing secret,2016,TV-14,46,"['documentation', 'reality']",['US'],7.0,tt10112398,7.6,2676.0,8.446,6.8,0.34,0.0
ts42127,The Windsors,SHOW,comedy soap opera reimagining lives british royal family never seen,2016,TV-MA,27,['comedy'],['GB'],3.0,tt5692740,7.1,2677.0,4.763,7.3,0.3612,0.0
ts92405,Hasmukh,SHOW,timid smalltown comedians longawaited big break takes dark turn realizes committing murder way keep onstage mojo,2020,TV-MA,32,"['comedy', 'crime', 'drama']",['IN'],1.0,tt9359294,5.3,2680.0,2.372,7.0,-0.6369,0.0
tm348010,Killing Hasselhoff,MOVIE,man high stakes celebrity death pool quickly loses everything business bank account home fianc snaps realizes way get life back track hell murder celebrity hell kill hasselhoff,2017,R,80,['comedy'],['US'],0.0,tt2967226,4.4,2682.0,5.635,4.6,-0.9794,-0.6597
ts343430,The 7 Lives Lea,SHOW,finding young mans remains la wakes 90s body swaps seven times tries solve mystery death prevent,2022,TV-MA,45,"['drama', 'thriller', 'fantasy', 'crime']",['FR'],1.0,tt14140886,7.5,2684.0,12.437,7.1,-0.4588,0.0
ts296059,Elite Short Stories : Carla Samuel,SHOW,samuel attempts big romantic gesture airport order persuade carla board flight london,2021,TV-MA,14,"['drama', 'romance']",['ES'],1.0,tt14675560,6.9,2685.0,43.992,7.6,0.4019,0.0
tm938227,Dolly Parton 's Christmas Square,MOVIE,rich nasty woman returns hometown evict everyone discovers true meaning christmas thanks local townsfolk actual angel features 14 original songs music lyrics dolly parton,2020,PG,98,"['comedy', 'music', 'family']",['US'],0.0,tt10627548,5.2,2686.0,4.223,5.9,0.7906,0.0
ts55627,Time : The Kalief Browder Story,SHOW,story teenager wrongfully charged theft jailed rikers island prison 1000 days,2017,TV-MA,43,['documentation'],['US'],1.0,tt6133034,8.4,2687.0,3.445,7.9,-0.8074,0.0
ts190462,Gentefied,SHOW,morales cousins scramble save grandfathers taco shopand pursue dreamsas gentrification shakes la neighborhood,2020,TV-MA,30,"['comedy', 'drama']",['US'],2.0,tt10037034,7.3,2697.0,3.205,7.8,0.4939,0.0
ts299874,Cocaine Cowboys : The Kings Miami,SHOW,two childhood friends go high school dropouts powerful drug kingpins miami true story crime sage spanned decades,2021,TV-MA,57,"['documentation', 'crime', 'history']",[],1.0,tt15049206,7.1,2699.0,4.242,7.8,0.6369,0.0
tm406831,Modest Heroes,MOVIE,two tiny aquatic humanoids search missing father boy battles lethal allergy eggs invisible salaryman tries become hero,2018,PG,18,"['fantasy', 'animation', 'drama', 'family', 'comedy']",['JP'],0.0,tt8223844,6.6,2705.0,58.217,6.7,-0.0516,0.5106
ts84135,The Inmate,SHOW,former us marine lzaro mendoza enters maximum security prison mexico la rotunda false identity accused alleged triple murder dante pardo mission infiltrate dangerous band inmates guards operate inside outside prison prime suspects kidnapping teenage daughter us judge john morris inside la rotunda lzaro find carried kidnapping whereabouts girl,2018,TV-MA,45,"['drama', 'crime', 'thriller']",['MX'],1.0,tt8452308,6.9,2714.0,25.554,7.0,-0.9485,0.0
tm897732,Bigfoot Family,MOVIE,bigfoot adams father wants use fame good cause protecting large wildlife reserve alaska sounds like perfect opportunity bigfoot mysteriously disappears without trace adam animal friends brave anything find save nature reserve,2020,G,97,"['animation', 'family']","['BE', 'FR']",0.0,tt19363230,5.8,2723.0,12.91,7.1,0.9686,0.0
tm358609,Sara 's Notebook,MOVIE,laura spent years looking sister sara went missing depths jungle congo neither ngo works embassy news whereabouts photo appears sara mining town apparently sara held captive hawk fearsome rebel leader controls mafias behind prized mineral coltan,2018,R,115,"['thriller', 'drama', 'european']",['ES'],0.0,tt6599742,5.9,2725.0,9.543,6.1,-0.2732,0.0
ts214861,Prank Encounters,SHOW,takes two complete strangers think theyre starting first day new job business usual paths collide parttime jobs turn fulltime nightmares,2019,TV-MA,23,"['reality', 'comedy', 'horror', 'scifi']",['US'],2.0,tt10487072,5.2,2728.0,15.251,7.3,-0.0772,0.0
tm148041,What 's Your Raashee ?,MOVIE,whats raashee yogesh patel young man hurry yogesh must find dream girl within 10 days save family utter ruin finding dream girl tough enough finding hurry even tougher,2009,PG-13,192,"['comedy', 'drama', 'romance']",['IN'],0.0,tt1242530,4.8,2732.0,1.912,4.9,0.3818,0.0
ts226468,Summertime,SHOW,modern love story set summer italys adriatic coast undeniable attraction brings together ale summer come different worlds holidays unforgettable journey take far met,2020,TV-MA,43,"['drama', 'comedy', 'romance']",['IT'],3.0,tt11269886,6.0,2732.0,54.788,6.9,0.8689,0.0
ts88234,Man Like Mobeen,SHOW,man like mobeen fourpart series welcomes life mobeen deen 28 yearold small heath birmingham mobeen wants follow faith lead good life make sure younger sister fulfils potential juggle criminal past reputation always chasing,2017,TV-MA,22,['comedy'],['GB'],3.0,tt7639280,8.0,2737.0,1.977,6.7,0.8316,0.3612
tm366143,Maktub,MOVIE,steve chuma two criminals sole survivors terrorist attack restaurant jerusalem decide change ways become flesh blood angels go journey wish fulfilment people write requests paper put sacred stones wailing wall,2017,PG-13,100,"['drama', 'comedy']",['IL'],0.0,tt7252000,7.3,2743.0,3.088,7.2,-0.8689,0.0
tm275437,Coin Heist,MOVIE,crisis threatens destroy high school four teens hatch daring plan raise 10 million step one breaking us mint,2017,PG,97,"['family', 'crime', 'drama', 'romance', 'thriller']",['US'],0.0,tt5740806,4.7,2743.0,9.366,5.4,-0.8271,0.0
ts58068,Inside World 's Toughest Prisons,SHOW,crime journalist paul connolly goes behind bars worlds notorious toughest prisons immersing maximum security facilities around world live prisoner encounters inmates locked crimes meets men women right side law tasked keeping criminals behind bars,2016,TV-MA,48,"['crime', 'documentation']",['GB'],5.0,tt6322264,7.1,2747.0,5.099,7.5,-0.91,-0.0772
ts89347,Street Food,SHOW,embark global cultural journey street food discover stories people create flavorful dishes,2019,TV-G,31,['documentation'],['US'],2.0,tt10050778,7.9,2760.0,4.101,7.9,0.2732,0.0
ts223456,Pandemic : How Prevent Outbreak,SHOW,docuseries meet heroes front lines battle influenza learn efforts stop next global outbreak,2020,TV-14,48,['documentation'],['US'],1.0,tt11497904,6.3,2762.0,6.633,6.9,-0.128,0.0258
tm356742,Trolls Holiday,MOVIE,eternally optimistic poppy queen trolls learns bergens longer holidays calendar enlists help branch rest gang delightfully quirky mission fix something bergens dont think broken,2017,PG,26,"['fantasy', 'comedy', 'family', 'romance', 'animation']",[],0.0,tt6645614,6.1,2764.0,21.838,6.7,0.9162,0.4019
tm152843,Swearnet : The Movie,MOVIE,fed censored posttrailer park boys lives work starsworldrenowned swearists mike smith robb wells john paul tremblay decide start uncensored network internet,2014,R,112,['comedy'],['CA'],0.0,tt2380564,6.0,2769.0,4.778,5.4,0.1027,0.0
ts39093,EastSiders,SHOW,happens world ends show explores aftermath infidelity gay couple silver lake ca,2012,TV-MA,23,"['comedy', 'drama']",['US'],4.0,tt2558816,6.8,2783.0,5.685,6.9,0.0,0.0
ts288744,The Sound Magic,SHOW,enigmatic magician living abandoned amusement park introduces magic life high schooler struggling harsh realities,2022,TV-14,69,"['scifi', 'drama', 'fantasy', 'music']",['KR'],1.0,tt14460684,7.7,2783.0,117.687,7.5,-0.7351,0.0
ts38230,The Method,SHOW,graduation main character yesenia dreams work ing rodion meglin mysterious secretive man lone investigator little known methods yesenia turns trainee begins realize essence method meglin maniac feels instinctively allowed eliminate look others save lives heroine never meant work alone go alone facing horrible crimes last decade,2015,TV-MA,51,"['crime', 'drama', 'thriller']",['RU'],2.0,tt5155576,7.4,2784.0,6.577,7.8,0.5236,0.0
ts272939,The Lost Pirate Kingdom,SHOW,reallife pirates caribbean violently plunder worlds riches form surprisingly egalitarian republic documentary series,2021,TV-MA,43,"['documentation', 'drama', 'history']",['US'],1.0,tt14057360,6.6,2804.0,6.297,7.7,0.2023,-0.3182
ts55581,The Bride Habaek,SHOW,yoon ah pragmatic neuropsychiatrist carries tremendous financial burden run practice family tasked serving ha baek reincarnated water god many generations ah forced ha baek starts develop feelings ah competition heart hoo ye ceo resort company clashes ah piece land falls love relationship mortal female god future,2017,TV-14,67,"['drama', 'comedy', 'fantasy', 'romance']",['KR'],1.0,tt6385752,6.9,2819.0,60.517,7.3,0.743,0.0
tm466832,Dragon Quest : Your Story,MOVIE,luca follows fathers footsteps rescue mother evil ladja finding heavenly hero wields zenithian sword hope,2019,PG,102,"['action', 'fantasy', 'animation', 'family', 'comedy']",['JP'],0.0,tt10127562,6.5,2831.0,13.817,6.8,0.8555,0.0
ts89315,Huge France,SHOW,famous comedian gad elmaleh moves la reconnect son must learn live without celebrity perks hes accustomed france,2019,TV-MA,31,['comedy'],['FR'],1.0,tt8009602,6.7,2832.0,1.672,5.4,0.3818,0.3182
ts87369,Rust Valley Restorers,SHOW,crew car lovers garage rocky mountains transforms abandoned heaps rust collectible classics,2018,TV-14,50,['documentation'],['CA'],4.0,tt9498102,7.7,2848.0,12.127,8.1,0.1027,0.0
ts43119,Real Rob,SHOW,centers around comedian rob schneiders real life living hollywood,2015,TV-14,31,['comedy'],['US'],2.0,tt3741346,6.3,2857.0,6.43,6.2,-0.25,-0.5574
ts310081,Two Summers,SHOW,group friends get together thirty years one group members died tragic accident holiday supposed relaxing vacation changes rapidly nightmare friends blackmailed footage terrible week three decades ago,2022,TV-PG,46,"['thriller', 'drama']",['BE'],1.0,tt13018574,6.8,2867.0,39.696,6.75,-0.1779,0.0
tm500565,Friendsgiving,MOVIE,molly abbey along crew close friends acquaintances host dysfunctional comical chaotic thanksgiving dinner,2020,R,95,"['comedy', 'drama']",['US'],0.0,tt8431078,4.4,2875.0,6.446,4.6,-0.0258,0.0
ts312200,I Am Georgina,SHOW,join georgina rodrguez mom influencer businesswoman cristiano ronaldos partner emotional indepth portrait daily life,2022,TV-14,41,['reality'],['ES'],1.0,tt15494864,3.9,2879.0,43.523,7.3,0.4215,0.0
tm31564,Linewatch,MOVIE,academy award winner cuba gooding jr border patrol officer new mexico desert secret past catch old gang leader tracks forces smuggle drugs across border must choose life swore leave behind saving family cost,2008,R,85,"['thriller', 'crime', 'drama']",['US'],0.0,tt1047832,5.4,2884.0,3.972,5.2,0.6705,0.0
tm888243,Pray Away,MOVIE,1970s five men struggling gay evangelical church started bible study help leave homosexual lifestyle quickly received 25000 letters people asking help formalized exodus international largest controversial conversion therapy organization world leaders struggled secret samesex attractions never went away years christian superstars religious right many men women come lgbtq disavowing movement helped start focusing dramatic journeys former conversion therapy leaders current members survivor pray away chronicles ex gay movements rise power persistent influence profound harm causes,2021,PG-13,101,['documentation'],['US'],0.0,tt11224358,6.5,2888.0,10.176,7.0,0.3182,0.3182
tm142630,Ragini MMS 2,MOVIE,sleazy film directors decision shoot latest erotic horror movie notorious haunted house angers vengeful spirit past inhabitant,2014,PG-13,120,['horror'],['IN'],0.0,tt2609218,3.9,2903.0,3.17,4.3,-0.9287,0.0
ts86949,The A List,SHOW,romance rivalry radical mystery collide group teens attend remote island sleepaway camp suspenseful supernatural drama,2018,TV-PG,27,"['drama', 'thriller', 'family', 'crime']",['GB'],2.0,tt9185110,5.3,2904.0,11.645,6.804,0.5106,0.0
tm172353,Bbuddah Hoga Terra Baap,MOVIE,series bomb blasts mumbai acp karan malhotra announces bring culprits responsible within short period time well attempts convince college sweetheart tanya p nath marry sets interrogating several suspects much underworld gangster kabir compelled hire assassin away potential killer viju uptight older exconvict well former gangster runs pub paris willing kill karan sets gruesome task comes across old flame kamini well estranged wife sita encounters may well turning point life may convince leave bombs bandooks behind spend rest life praying watching bhakti channel,2011,PG-13,117,"['thriller', 'action', 'comedy', 'crime']",['IN'],0.0,tt1869296,5.6,2908.0,2.229,5.2,0.0772,0.0
ts287149,Hype House,SHOW,humble beginnings overnight fame stories popular personalities social media come fall love tackle new chapters lives,2022,TV-14,32,['reality'],['US'],1.0,tt15257704,2.1,2915.0,3.204,5.8,0.872,0.0
ts84129,No Good Nick,SHOW,family finds lives turned upside young streetsmart grifter shows doorstep claiming distant relative,2019,TV-PG,29,"['comedy', 'family', 'drama']",['US'],2.0,tt9039142,5.9,2920.0,11.386,7.1,0.0,0.1779
ts90980,It 's Bruno !,SHOW,oldschool brooklyn native devotes days caring adorable dog bruno making sure neighbors show pooch proper respect,2019,TV-MA,3,"['comedy', 'animation']",['US'],1.0,tt10186846,7.4,2922.0,3.208,6.9,0.9246,0.0
ts23753,Major Dad,SHOW,major dad american sitcom created richard c okie john g stephens developed earl pomerantz originally ran 1989 1993 cbs starring gerald mcraney major john macgillis shanna reed wife polly cast also includes beverly archer matt mulhern jon cypher marisa ryan nicole dubuc chelsea hertford,1989,TV-PG,24,"['comedy', 'family']",['US'],4.0,tt0096643,6.5,2922.0,9.849,6.5,0.25,0.0
ts85837,SKY Castle,SHOW,drama revolves around lives housewives living luxurious residential area called sky castle suburban seoul wealthy doctors professors live wives determined make husbands successful raise children like princes princesses top students,2018,TV-MA,68,['drama'],['KR'],1.0,tt9151274,8.6,2925.0,11.683,8.3,0.9001,0.0
ts88312,The Eddy,SHOW,owner paris jazz club gets tangled dangerous criminals fights protect business band teenage daughter,2020,TV-MA,58,"['drama', 'music']","['FR', 'US']",1.0,tt7322210,7.1,2926.0,8.046,6.6,-0.7845,0.0
tm912190,Cargo,MOVIE,prahastha lonely astronaut works spaceship every morning spaceship comes close earth cargos delivered arrival bay cargos people died earth learn prahastha works post death transition services large pioneering bureaucratic company stores transitions recycles dead people rebirth today many years young popular astronaut yuvishka trained cutting edge technology join spaceship assistant,2019,PG-13,113,"['fantasy', 'scifi', 'drama']",['IN'],0.0,tt8992946,5.6,2929.0,3.503,5.6,-0.8957,0.0
tm474548,Good Sam,MOVIE,news reporter looks anonymously leaving large cash gifts random doorsteps new york,2019,PG,90,"['romance', 'drama', 'comedy']",['US'],0.0,tt9032888,5.7,2951.0,8.029,6.0,0.0,0.4404
tm328175,Budapest,MOVIE,two best friends stuck boring jobs become bachelor party planners budapest,2018,R,102,"['comedy', 'european']",['FR'],0.0,tt7027092,5.4,2952.0,7.816,5.6,0.7717,0.0
ts307925,On Verge,SHOW,four women chef single mom heiress job seeker dig love work generous side midlife crises prepandemic la,2021,TV-MA,32,"['comedy', 'drama']",['FR'],1.0,tt5540990,6.4,2961.0,8.188,5.2,0.8176,0.0
ts20281,Sofia First,SHOW,set storybook world enchancia story princess sofia adventurous little girl learning adjust royal life mom marries king becomes princess overnight,2013,TV-Y,24,"['animation', 'family', 'fantasy']",['US'],4.0,tt2136138,6.8,2978.0,44.688,7.2,0.34,0.0
tm95507,Chance Pe Dance,MOVIE,sameer archetypal struggler leaves dad delhi comes mumbai chasing dreams becoming star bollywood manage survive bleak grueling rounds endless auditions broken promises missed chances,2010,G,121,"['drama', 'music', 'romance', 'comedy']",['IN'],0.0,tt1392744,4.8,2979.0,3.357,5.3,-0.0772,0.25
ts89583,Trailer Park Boys : The Animated Series,SHOW,nova scotias favorite miscreants always super sketchy carrying season 12 finale boys become complete cartoons,2019,TV-MA,25,"['animation', 'comedy']",['CA'],2.0,tt9814900,7.5,2983.0,12.449,7.3,0.7845,0.0
ts242244,Japan Sinks : 2020,SHOW,based sakyo komatsus 1973 bestseller scifi novel japan sinks story set right 2020 tokyo summer olympics follows fate four members muto family including protagonist girl ayumu younger brother gou,2020,TV-MA,26,"['action', 'scifi', 'animation', 'drama']",['JP'],1.0,tt12031040,6.4,2992.0,11.82,7.3,0.3182,0.0
ts110635,Luna Nera,SHOW,group women suspected witchcraft 17th century italy,2020,TV-MA,45,"['drama', 'fantasy', 'thriller', 'scifi']",['IT'],1.0,tt8403622,5.9,2996.0,17.252,7.7,-0.2263,0.0
ts271321,Beyond Evil,SHOW,serial murder case takes place small peaceful city case serial murder case took place 20 years ago changed lee dongsiks life two detectives work catch killer,2021,TV-MA,66,"['crime', 'thriller', 'drama']",['KR'],1.0,tt13634872,8.1,3010.0,16.207,8.4,-0.91,-0.6597
ts319303,He 's Expecting,SHOW,successful ad executive whos got figured becomes pregnant hes forced confront social inequities hed never considered,2022,TV-PG,26,"['drama', 'comedy', 'romance', 'fantasy']",['JP'],1.0,tt14719276,2.0,3019.0,11.314,4.0,0.0258,0.0
ts297846,An astrological guide broken hearts,SHOW,midthirties still single certainly choice alice working small television network job limited upward mobility despite often competent person room add insult injury exboyfriend carlo getting married become father werent enough small television production company works new charming mysterious creative director davide arrives put everyone test alices life begins change meets tio actor networks flagship soap opera selfprofessed astrological guru soon become personal astrological guide broken hearts,2021,TV-14,34,"['romance', 'comedy']",['IT'],2.0,tt14759406,7.1,3034.0,8.058,7.0,-0.374,-0.4767
ts100116,Blown Away,SHOW,reality show featuring glass blowers around world competing best one artist dismissed episodechallenge,2019,TV-PG,26,"['reality', 'comedy', 'history', 'documentation']",['CA'],3.0,tt9908860,7.1,3034.0,23.841,7.2,0.6369,0.0
ts352579,As Crow Flies,SHOW,young fan maneuvers way seasoned anchors newsroom soon confronts dark side ambition envy desire seen,2022,TV-MA,46,"['drama', 'comedy']",['TR'],1.0,tt13323566,6.3,3039.0,7.481,7.9,0.25,0.0
ts86946,Osmosis,SHOW,paris near future dating app matches singles soul mates mining brain data decoding true love comes price,2019,TV-MA,42,"['drama', 'scifi', 'romance']",['FR'],1.0,tt7043380,5.7,3041.0,8.783,5.9,0.7906,0.0
tm38454,Jeff Dunham 's Very Special Christmas Special,MOVIE,multiplatinum selling comedian performs first holidaythemed standup special friends,2008,PG-13,85,"['comedy', 'documentation']",['US'],0.0,tt1295909,7.4,3042.0,2.581,6.9,0.8126,0.7172
ts271025,Bling Empire,SHOW,follow las wildly wealthy asian asian american fun seekers go fabulous parties glamour drama reality series,2021,TV-MA,37,['reality'],['US'],2.0,tt13660962,5.8,3052.0,7.476,8.2,0.936,0.0
tm9898,Muthu,MOVIE,lavish maharaja lived sisterinlaw stepbrother rajasekhar helping people incessantly sisterinlaw son maharaja bequeaths major portion property juncture new baby born maharajahis wife dies soon brother rajasekhar cheats maharaja fears sons property might taken back given maharajas son cheating comes light maharaja hands property baby sisterinlaw,1995,G,165,"['comedy', 'drama', 'action', 'romance']",['IN'],0.0,tt0140399,7.6,3056.0,3.576,6.9,-0.7906,0.0
ts255418,Bad Boy Billionaires : India,SHOW,investigative docuseries explores greed fraud corruption built ultimately brought indias infamous tycoons,2020,TV-14,59,"['crime', 'documentation']",['XX'],1.0,tt12923630,7.9,3057.0,1.974,8.3,-0.7579,-0.5423
tm849131,I Am Vengeance : Retaliation,MOVIE,former specialforces soldier given opportunity bring man betrayed team final mission eastern europe several years ago justice,2020,R,90,['action'],['GB'],0.0,tt8972556,3.4,3075.0,10.168,6.1,0.296,0.0
ts251094,Indian Matchmaking,SHOW,matchmaker sima taparia guides clients us india arranged marriage process offering inside look custom modern era,2020,TV-14,36,"['reality', 'documentation', 'romance']","['US', 'IN']",2.0,tt12580168,6.2,3085.0,3.863,8.8,0.0,0.0
ts83561,Immortals,SHOW,driven revenge humanturnedvampire mia sets vanquish dmitry ruthless vampire leader seeks artifact grants immortality,2018,TV-MA,47,"['scifi', 'action', 'drama', 'fantasy', 'thriller', 'music']",['TR'],1.0,tt8063174,5.4,3087.0,13.712,6.5,-0.5719,0.0
ts225708,Six Windows Desert,SHOW,theatre play aftermath plane crash collection shorts saudi filmmakers depicts nuances saudi arabian culture,2020,TV-14,21,"['drama', 'scifi', 'comedy', 'history']",['SA'],1.0,tt11874042,4.3,3104.0,1.176,10.0,-0.0772,0.0
ts346959,Meltdown : Three Mile Island,SHOW,insiders recount events controversies lingering effects accident three mile island nuclear power plant pennsylvania,2022,TV-14,44,"['documentation', 'history']",['US'],1.0,tt19758756,6.9,3115.0,2.873,6.4,-0.4767,0.0
ts56125,Ingobernable,SHOW,first lady mexico big plans improve conditions country starts lose faith husband president diego nava finds crossroad need find way deal great challenge,2017,TV-MA,39,"['war', 'crime', 'drama', 'thriller']",['MX'],3.0,tt6495756,7.0,3116.0,13.874,6.5,0.8126,0.0
ts88262,Traitors,SHOW,1945 london feef seduced rogue american spy spying country task uncover russian agent heart british government,2019,TV-MA,51,"['war', 'drama', 'thriller', 'history']",['GB'],1.0,tt7371896,6.6,3130.0,4.526,6.8,-0.3612,0.0
ts86814,Murder Mountain,SHOW,humboldt county california big business legal marijuana brings visitors around world never seen,2018,TV-MA,43,"['crime', 'documentation']",['US'],1.0,tt9078908,6.8,3134.0,2.589,6.9,0.128,-0.6908
ts81526,November 13 : Attack Paris,SHOW,survivors first responders share personal stories anguish kindness bravery unfolded amid paris terror attacks nov 13 2015,2018,TV-MA,54,['documentation'],['FR'],1.0,tt8194716,8.3,3137.0,4.169,8.2,-0.4215,-0.4767
ts21684,Heartbreak High,SHOW,ins outs classroom lives group students attend fictional hartley high school sydney,1994,TV-MA,45,"['drama', 'romance', 'comedy']",['AU'],7.0,tt5582224,7.8,3139.0,7.222,7.3,0.0,-0.5719
ts25028,Wheel Fortune,SHOW,game show sees contestants solve word puzzles similar used hangman win cash prizes determined spinning giant carnival wheel,1983,TV-G,26,['family'],['US'],39.0,tt0072584,6.7,3145.0,5.935,6.8,0.875,0.0
ts53367,Little Witch Academia,SHOW,little girl atsuko akko kagari saw magic show performed witch named shiny chariot day wanted like enrolling luna nova magical academy magical background become witch like idol shiny chariot,2017,TV-PG,25,"['scifi', 'animation', 'comedy', 'action', 'drama', 'family', 'fantasy']",['JP'],1.0,tt6352180,7.9,3147.0,13.06,8.3,0.0,-0.2975
tm282910,Fireworks,MOVIE,moshimo japan annual fireworks festival take place group schoolboys arguing whether round flat viewed different angles set find,2017,PG-13,90,"['drama', 'fantasy', 'documentation', 'animation', 'romance', 'scifi', 'family']",['JP'],0.0,tt6317962,5.6,3147.0,56.866,6.5,0.0516,0.0
ts216474,The Trial,SHOW,group characters implicated murder angelica walk razors edge searching truth waiting verdict establish way another new course lives,2019,TV-MA,50,"['crime', 'thriller', 'drama']",['IT'],1.0,tt10549212,7.2,3151.0,7.175,7.5,-0.4215,0.0
ts82584,Rise Teenage Mutant Ninja Turtles,SHOW,rise teenage mutant ninja turtles get allnew look new weapons awesome new powers join legendary heroes raph leo donnie mikey brothers discover hidden city beneath new york learn amazing mystic ninja skills battle absurd mutants always find time slice favorite pizza cowabunga,2018,TV-Y7,17,"['action', 'comedy', 'drama', 'scifi', 'family', 'fantasy', 'animation']",['US'],2.0,tt6601082,4.9,3153.0,17.577,6.4,0.8979,0.0
ts320302,Neymar : The Perfect Chaos,SHOW,beloved worldwide also lightning rod criticism neymar shares highs lows personal life brilliant football career,2022,TV-MA,55,"['documentation', 'sport']","['BR', 'US']",1.0,tt16428640,6.6,3158.0,31.57,7.316,0.6808,0.0
ts38717,Good Morning Call,SHOW,high school girl finally gets apartment share popular boy school one know theyre living together,2016,TV-14,48,"['comedy', 'drama', 'romance']",['JP'],2.0,tt5520732,7.5,3161.0,15.259,7.3,0.6124,0.4404
tm98475,We Are Family,MOVIE,maya perfect mother life revolves around three children aleya ankush anjali thinks nothing much world despite divorced husband aman maya ensured everything runs smoothly house watch continue remain happy family unit however aman introduces girlfriend shreya career oriented woman lot learn childrens family situation immediately takes unexpected turn incident changes lives drastically bringing two women roof find putting test unusual situation two mothers make home,2010,PG,115,"['drama', 'family', 'comedy']",['IN'],0.0,tt1428459,5.6,3166.0,2.767,5.9,0.8126,0.0
ts23835,Masha Bear,SHOW,masha energetic threeyearold cant seem keep trouble bear warm fatherly figure best guide friend keep harm often ending unintended victim misadventures,2009,TV-Y,7,"['family', 'action', 'animation', 'comedy']",['RU'],5.0,tt1884856,7.5,3169.0,38.171,6.9,0.8342,0.0
tm211571,Niyazi Gül Dörtnala,MOVIE,niyazi veterinarian lookout special elixir animals doesnt yet know mobster estranged love also lookout elixir,2015,PG,106,"['comedy', 'drama', 'action']",['TR'],0.0,tt5016660,4.5,3170.0,2.395,4.2,0.7845,0.0
ts237096,Trial Media,SHOW,true crime docuseries dramatic trials time examined emphasis media may impacted verdicts,2020,TV-MA,62,"['crime', 'documentation']",['US'],1.0,tt11963042,7.1,3172.0,2.792,7.3,-0.1027,0.0
tm154375,Main Aurr Mrs Khanna,MOVIE,three people different aspirations life caught tangle emotions dont know way theres husband wife love eroding life theres single happygolucky dude falls love wife,2009,PG,115,"['drama', 'romance', 'comedy']",['IN'],0.0,tt1174041,3.4,3173.0,2.81,3.9,0.8555,0.0
ts89876,Lunatics,SHOW,mockumentary series follows peculiar lives six eccentric sometimes obscene misfits march beat,2019,TV-MA,36,['comedy'],['US'],1.0,tt8164794,6.5,3179.0,3.871,6.2,-0.4939,-0.3818
ts57210,Valor,SHOW,boundaries military discipline human desire tested us army base houses elite unit helicopter pilots trained perform clandestine international domestic missions drama unfolds present well flashbacks failed mission involving one first female pilots unit ultimately uncovering layers personal governmentmilitary secrets leading seasonlong plan rescue group mia soldiers,2017,TV-14,42,['drama'],['US'],1.0,tt6503244,5.8,3184.0,5.658,6.5,0.3818,0.0
tm427143,Edge Fear,MOVIE,stabbed heart ruthless home invaders man left dead weak outnumbered knife sticking chest attempts impossible save wife murderers bleeds death,2018,R,91,"['action', 'thriller', 'crime']",['US'],0.0,tt7149916,4.4,3187.0,8.766,4.7,-0.9442,-0.4939
ts84779,Haunted,SHOW,real people sit friends family share terrifying true stories past recreated chilling reenactments,2018,TV-MA,25,"['documentation', 'horror', 'reality']",['US'],3.0,tt9077192,4.6,3193.0,19.435,7.0,0.5106,-0.4767
tm7073,Knight Rider 2000,MOVIE,future guns banned criminals frozen duration sentences recent spate killings involving handguns brings michael knight back fight justice insists help kitt artificiallyintelligent car decades ago problem kitt deactivated,1991,G,91,"['action', 'scifi']",['US'],0.0,tt0102227,4.5,3207.0,7.945,5.1,-0.8807,0.0
ts223589,"Sex , Explained",SHOW,biology attraction history birth control explore ins outs sex entertaining enlightening series,2020,TV-MA,22,['documentation'],['US'],1.0,tt11390530,6.9,3215.0,63.817,6.6,0.8481,0.0
tm321596,The Long Dumb Road,MOVIE,two guys serendipitously meet time find personal crossroads decide embark unplanned road trip across american southwest,2018,R,90,['comedy'],['US'],0.0,tt4712076,6.1,3220.0,3.823,5.6,0.0,-0.5106
tm471878,Fatima,MOVIE,1917 outside parish ftima portugal 10yearold girl two younger cousins witness multiple visitations virgin mary tells prayer suffering bring end world war secularist government officials church leaders try force children recant story word sighting spreads across country inspiring religious pilgrims flock site hopes witnessing miracle,2020,PG-13,113,"['drama', 'war']","['PT', 'US']",0.0,tt2197936,6.5,3232.0,8.184,7.2,0.34,0.0
ts282131,Attenborough 's Life Colour,SHOW,exploring vital role colour plays daily lives many species,2021,TV-PG,51,['documentation'],['GB'],1.0,tt11053426,8.2,3238.0,6.232,7.7,0.4939,0.0
tm313118,"Love , Surreal Odd",MOVIE,group people meets party form four different relationships experiencing similar phases love,2017,G,95,"['comedy', 'romance']",['TR'],0.0,tt6555772,5.6,3240.0,2.354,5.2,0.7845,0.4404
tm422491,Speed Kills,MOVIE,speedboat racing champion multimillionaire ben aronoff leads double life lands trouble law drug lords,2018,R,102,"['thriller', 'crime', 'drama', 'action']","['US', 'PR']",0.0,tt6749318,4.2,3244.0,14.407,5.6,0.296,-0.5423
ts314594,Catching Killers,SHOW,investigators behind infamous serial killer cases reveal harrowing chilling details extraordinary efforts true crime series,2021,TV-MA,41,"['crime', 'documentation']",['US'],2.0,tt15723914,7.1,3250.0,12.506,7.0,-0.7269,-0.6486
ts86927,Touch Your Heart,SHOW,hoping make comeback bad scandal actress agrees research new role taking job secretary prickly attorney,2019,TV-MA,63,"['drama', 'comedy', 'romance']",['KR'],1.0,tt9466990,7.6,3252.0,22.161,8.419,-0.5719,0.0
tm442805,My Travel Buddy 2,MOVIE,sequel yol arkadasim 2017 onur seref become housemates colleagues within year seref successful managing song career onur,2018,PG-13,111,"['family', 'comedy']",['TR'],0.0,tt8748256,5.8,3256.0,3.506,6.0,0.5859,0.0
tm242646,Toro,MOVIE,toro spanish bull young con man right hand romano powerful mob boss torremolinos mlaga andalusia south spain toro decides leave romano get life free crime last sting fails resulting one brothers dead sent jail five years later romano realizes lpez toros older brother robbing money tourism business orders kidnap diana lpezs little daughter one get back money without options lpez visits toro touristic driver third grade prison close get parole wants free marry girlfriend estrella toro accepts help lpez meet romano looking solution toro ends attacking romanos men fleeing diana trying escape romanos revenge romano starts ruthless searching three meanwhile toro counts hours back prison according third grade,2016,R,105,"['drama', 'crime', 'thriller', 'action', 'european']","['FR', 'ES']",0.0,tt4213806,5.9,3256.0,8.146,6.0,-0.6369,0.0
tm52176,Welcome Sajjanpur,MOVIE,mahadev shreyas talpade unemployed graduate bachelor arts satna college forced make living writing letters uneducated people village real ambition become novel writer humble occupation mahadev potential impact numerous lives movie satirical warmhearted portrait life rural india,2008,PG,134,"['comedy', 'drama']",['IN'],0.0,tt1221139,6.9,3259.0,1.823,5.6,0.2732,0.4588
ts93981,Monarca,SHOW,20 years ana mara returns mexico vies control familys tequila empire threatens crumble corruption secrets,2019,TV-MA,44,['drama'],['MX'],2.0,tt8655736,7.8,3264.0,31.761,7.6,-0.3818,0.0
ts38304,Servant People,SHOW,modest humble teacher vasily caught camera raging miserable situation country pupil posts video youtube becomes viral sensation everybody loves vasilys outrage people start gathering money presidential campaign wins servant people follows vasilys new life president interest changing life wants stay live flat parents borrow money friends end month take bike work work powerful man country,2015,TV-MA,29,['comedy'],['UA'],3.0,tt6235122,7.3,3266.0,19.089,7.2,0.7506,0.0
ts42156,Degrassi : Next Class,SHOW,follow group high school freshmen sophomores juniors seniors degrassi community school fictional school toronto ontario encounter typical issues challenges common teenagers life,2016,TV-PG,24,"['drama', 'romance']",['CA'],6.0,tt5320160,6.8,3285.0,12.075,7.0,0.0772,0.0
ts36046,BUNK 'D,SHOW,siblings emma ravi zuri ross leave extravagant new york city penthouse return camp kikiwaka rustic summer camp maine parents met teenagers,2015,TV-G,24,"['comedy', 'drama', 'family']",['US'],6.0,tt4591680,5.3,3287.0,50.043,7.2,-0.0516,0.0
ts226602,How Fix Drug Scandal,SHOW,fourpart docuseries revolves around amherst massachusetts drug lab chemist sonja farak became addicted narcotics supposed testing covering tracks farak falsified thousands results opened door overturning hundreds wrongful convictions,2020,TV-MA,53,"['documentation', 'crime']",['US'],1.0,tt11958942,7.0,3298.0,4.32,7.4,-0.3818,-0.4404
tm1077013,Memories Murderer : The Nilsen Tapes,MOVIE,serial killer dennis nilsen narrates life horrific crimes via series chilling audiotapes recorded jail cell,2021,R,84,"['documentation', 'crime']",['GB'],0.0,tt15085784,6.3,3301.0,5.426,6.2,-0.8689,-0.6808
tm246485,U Turn,MOVIE,journalist intents write article traffic rule breakers gets dragged whirlpool murder cases deception,2016,R,121,"['horror', 'thriller', 'crime', 'drama']",['IN'],0.0,tt5559394,7.5,3310.0,2.982,6.8,-0.8316,0.0
tm95238,The Boy Who Cried Werewolf,MOVIE,californian family inherits castle romania especially exciting son obsessed monsters disappointed,2010,G,97,"['fantasy', 'horror', 'family', 'comedy']","['US', 'CA']",0.0,tt1451423,5.9,3315.0,17.774,6.4,-0.1458,-0.3818
tm1125844,The Whole Truth,MOVIE,two siblings stumble strange hole wall grandparents house horrifying incidents reveal sinister secrets family,2021,R,125,"['drama', 'horror', 'thriller']",['TH'],0.0,tt15850662,5.1,3323.0,149.152,6.3,-0.8555,0.3182
tm861718,Villain,MOVIE,10 years eddie franks prison trying stay straight narrow drugmule brother sean ideas rival gangster brothers demand sean repay debt causing eddie get tangled crossfire ends using life savings calling favours mobster friends try help,2020,R,97,"['crime', 'drama', 'thriller', 'action']",['GB'],0.0,tt9820352,5.9,3324.0,4.029,5.9,0.4939,-0.5574
tm150521,Accident,MOVIE,selfstyled accident choreographer brain professional hitman kills victims trapping well crafted accidents look like unfortunate mishaps teams next assignment goes disastrously wrong brain begins suspect someone else planned accident,2009,R,89,"['action', 'drama', 'thriller']",['HK'],0.0,tt1202514,6.6,3327.0,5.165,6.6,-0.9517,-0.4767
ts223948,The Goop Lab,SHOW,leading curiosity keeping real gwyneth paltrow goop team look psychedelics energy work challenging wellness topics,2020,TV-MA,33,"['documentation', 'reality']",[],1.0,tt11561206,2.5,3333.0,2.106,3.2,0.6808,0.0
tm467848,NiNoKuni,MOVIE,adapted video game series name ninokuni follows high school peers yuu haru must travel two separate yet parallel worlds help save childhood friend kotona whose life danger magical quest complicated love three teens tasked making ultimate choice,2019,PG-13,106,"['family', 'fantasy', 'romance', 'animation', 'action']",['JP'],0.0,tt9760504,6.1,3338.0,19.73,6.7,0.872,0.0
ts83251,Magic Humans,SHOW,baffling people street orchestrating elaborate tricks justin willman blends goodnatured magic grownup laughs,2018,TV-14,23,"['reality', 'comedy']",['US'],3.0,tt8425308,7.1,3346.0,6.964,6.7,0.4019,0.0
tm238587,Shepherds Butchers,MOVIE,lawyer takes case prison guard south africa traumatized executions hes witnessed,2017,R,106,"['drama', 'crime']","['US', 'DE', 'ZA']",0.0,tt4627352,6.8,3357.0,6.814,6.5,-0.7184,0.0
ts5145,The Challenge,SHOW,challenge pits numerous cast members past seasons reality shows dividing two separate teams according different criteria gender show first appeared whether theyre veterans rookies show etc two teams compete numerous missions order win prizes advance overall game,1998,TV-14,40,"['reality', 'comedy', 'drama', 'scifi']",['US'],37.0,tt6274074,7.8,3362.0,18.075,7.7,0.7964,0.0772
tm225693,Keith Richards : Under Influence,MOVIE,portrait keith richards takes us journey discover genesis sound songwriter guitarist performer,2015,PG,82,"['documentation', 'music']",['US'],0.0,tt4900018,7.1,3383.0,5.383,6.7,0.0,0.0
ts75718,Neo Yokio,SHOW,joined faithful mechabutler kaz kaan pursues love fashion supernatural forces amid neo yokios sinister high society,2017,TV-MA,23,"['action', 'scifi', 'comedy', 'fantasy', 'animation']",['US'],2.0,tt7343832,5.9,3385.0,4.138,5.5,0.4939,0.0
ts22426,The Irregular Magic High School,SHOW,world magic fairy tale existed one hundred years siblings tatsuya miyuki shiba prepare begin studies elite private magic university affiliated high school magic high school short entering different levels academic spectrum two turn peaceful campus chaotic one,2014,TV-14,23,"['action', 'scifi', 'animation', 'drama', 'fantasy', 'romance']",['JP'],2.0,tt3874528,7.1,3386.0,46.794,7.9,0.0,0.0
ts306203,Monsters Inside : The 24 Faces Billy Milligan,SHOW,late 1970s accused serial rapist claims multiple personalities control behavior setting legal odyssey captivates america,2021,TV-MA,61,"['documentation', 'crime']",[],1.0,tt15287836,6.2,3397.0,16.88,7.2,-0.765,0.0
ts55936,My Secret Romance,SHOW,sharing night jin wook yoo mi departs never see three years later achieves goal becoming nutritionist,2017,TV-14,52,"['comedy', 'romance']",['KR'],1.0,tt6300100,7.1,3409.0,25.999,8.0,0.4215,0.5574
tm973536,Kevin Hart : Zero F * * ks Given,MOVIE,kevin hart serves laughs brick oven pizza comfort home dishes male group chats sex 40 life covid19,2020,R,69,['comedy'],['US'],0.0,tt13433082,6.0,3422.0,5.211,7.0,0.6908,0.0
tm1883,Animal Crackers,MOVIE,family must use magical box animal crackers save rundown circus taken evil uncle horatio p huntington,2017,PG,105,"['animation', 'action', 'comedy', 'family', 'fantasy']","['CN', 'US', 'ES']",0.0,tt4155534,5.8,3422.0,32.235,6.3,-0.296,0.0
ts273318,Country Comfort,SHOW,upandcoming young country singer accepts job nanny musical family finds bond shes always missed,2021,TV-PG,24,"['drama', 'family', 'music', 'action', 'comedy']",['US'],1.0,tt11717394,6.8,3432.0,4.962,7.8,0.0258,0.3612
tm1185687,Silverton Siege,MOVIE,failed sabotage mission trio antiapartheid freedom fighters ends tense bank hostage situation based true story,2022,PG-13,100,"['action', 'crime', 'drama', 'thriller']",['ZA'],0.0,tt18563148,6.2,3434.0,230.111,6.5,-0.3182,0.0
tm855600,The Stand In,MOVIE,ordered serve year rehab actress candy hires onset standin take place unassuming woman flips script steals identity career boyfriend hilarious comedy trading places,2020,R,97,"['comedy', 'drama']",['US'],0.0,tt7970348,4.7,3439.0,7.135,5.6,0.2263,0.0
ts321277,Daniel Sloss : Live Shows,SHOW,comedian daniel sloss ready find funny dark topics deeply personal truly irreverent,2018,TV-MA,60,['comedy'],['US'],1.0,tt8858472,8.5,3443.0,1.694,8.2,0.8801,0.0
ts225787,Unabomber : In His Own Words,SHOW,anchored rare interview docuseries details ted kaczynskis path young intellectual one feared people us history,2020,TV-MA,44,"['crime', 'documentation']",['US'],1.0,tt11833494,7.2,3446.0,4.465,7.4,0.0258,0.0
tm1063013,The Father Who Moves Mountains,MOVIE,mircea former intelligence officer finds son gone missing mountains travels find days searches mircea put rescue team together leading conflict local squad,2021,PG-13,108,"['thriller', 'drama']","['SE', 'RO']",0.0,tt8886670,5.5,3472.0,19.955,6.0,0.4404,0.0
ts88471,Girls Ipanema,SHOW,1950s housewife goes rio de janeiro meet husband learn hes deserted decides stay open bossa nova club,2019,TV-MA,46,"['drama', 'romance']",['BR'],2.0,tt8001788,7.8,3483.0,10.758,7.2,0.0,0.0
tm327540,Gnome Alone,MOVIE,chloe discovers new homes garden gnomes seem must decide pursuit desired high school life taking fight troggs,2017,PG,85,"['family', 'action', 'animation', 'comedy', 'fantasy', 'music', 'thriller', 'drama']","['CA', 'GB', 'US']",0.0,tt5851786,5.6,3488.0,15.668,6.2,-0.128,-0.25
ts218802,The Family,SHOW,enigmatic conservative christian group known family wields enormous influence washington dc pursuit global ambitions,2019,TV-14,50,"['documentation', 'sport', 'reality']",['US'],1.0,tt11056808,6.4,3491.0,6.904,6.9,0.0,0.0
tm886283,Legacy Lies,MOVIE,exmi6 agent thrown back world espionage high stakes uncover shocking truth operations conducted unknown secret services,2020,R,101,"['thriller', 'action']","['NL', 'PL', 'UA', 'GB', 'US']",0.0,tt6834916,5.0,3493.0,10.179,5.6,-0.1027,-0.4215
ts103360,The Barrier,SHOW,2045 spain like rest western world driven dictatorial regime lack natural resources life countryside impossible city fence divides peoples powerful rest,2020,TV-MA,53,"['scifi', 'fantasy', 'thriller', 'action', 'drama', 'war']",['ES'],1.0,tt9460858,6.8,3506.0,21.052,7.1,0.6705,-0.128
ts283284,Navarasa,SHOW,amusement awe nine human emotions indian aesthetic theory explored anthology series,2021,TV-MA,34,['drama'],['IN'],1.0,tt13357946,5.8,3522.0,3.418,6.6,0.3612,0.0
tm233121,Dedemin Fişi,MOVIE,estranged family members reunite determine whether pull family patriarch life support,2016,PG,100,"['comedy', 'family']",['TR'],0.0,tt5191238,5.5,3524.0,3.847,5.8,0.4019,0.0
tm843768,John Mulaney & The Sack Lunch Bunch,MOVIE,john mulaney kid pals tackle existential topics ages catchy songs comedy sketches special guests nostalgic variety special,2019,PG,70,"['comedy', 'family']",['US'],0.0,tt11318624,7.4,3532.0,5.581,7.1,0.7845,0.0
ts79045,Ugly Delicious,SHOW,star chef david chang leads friends mouthwatering crosscultural hunt worlds satisfying grub flavor none bs,2018,TV-MA,51,['documentation'],['US'],2.0,tt7907916,7.8,3539.0,4.452,7.4,0.7269,0.1027
ts987,Danger Mouse,SHOW,danger mouse worlds greatest secret agent sidekick penfold work foil evil schemes baron greenback,1981,TV-Y,14,"['animation', 'comedy', 'family', 'scifi', 'european']",['GB'],10.0,tt0081848,7.4,3545.0,8.55,7.5,-0.5574,-0.5267
ts86726,Tidying Up Marie Kondo,SHOW,series inspiring home makeovers worldrenowned tidying expert marie kondo helps clients clear clutter choose joy,2019,TV-PG,40,['reality'],['US'],1.0,tt8115560,6.6,3568.0,4.47,6.8,0.8957,0.0
tm326773,Sunday 's Illness,MOVIE,annabel successful businesswoman wealthy husband reception villa meets woman member catering staff hired evening woman none daughter chiara left thirty years ago chiara eight years old time approaches mother unusual request spend ten days together,2018,PG-13,113,"['drama', 'european']",['ES'],0.0,tt6053948,6.9,3570.0,6.859,6.7,0.743,-0.4019
tm327622,S.W.A.T . : Under Siege,MOVIE,dea swat cartel takedown ends shootout swat agent travis hall seizes mysterious prisoner taking custody long swat compound siege waveafterwave assault teams attempting recover prisoner known scorpion tattoo blazed across back travis discovers prisoner secret ops double agent planted within cartel expert swat team keep scorpion billion dollar secrets safe,2017,R,89,"['action', 'crime', 'thriller']",['US'],0.0,tt6014472,4.5,3572.0,28.251,5.8,-0.9081,0.0
ts37944,A Very Secret Service,SHOW,height cold war 1960 andr merlaux joins french secret service contends enemies foreign bureaucratic,2015,TV-MA,27,"['comedy', 'european']",['FR'],2.0,tt4367560,7.7,3574.0,9.227,7.5,-0.7964,0.0
tm123789,The Young Messiah,MOVIE,tells story jesus christ age seven family depart egypt return home nazareth told childhood perspective follows young jesus grows religious identity,2016,PG-13,120,"['history', 'drama', 'fantasy']",['US'],0.0,tt1002563,5.6,3576.0,22.159,6.3,0.0,0.0
tm848996,Tigertail,MOVIE,man reflects lost love youth longago journey taiwan america begins reconnect estranged daughter,2020,PG,91,['drama'],['US'],0.0,tt8902948,6.6,3589.0,6.618,6.9,0.4404,0.0
ts268508,Alien Worlds,SHOW,applying laws life earth rest galaxy series blends science fact fiction imagine alien life planets,2020,TV-PG,44,"['documentation', 'scifi', 'animation']",['GB'],1.0,tt13464340,6.5,3596.0,12.757,6.8,0.0,0.0
ts35793,Forged Fire,SHOW,competitors recreate weapons historical periods ranging japanese katanas medieval broadswords ancient throwing blades entry judged artistry well functionality accuracy,2015,TV-PG,42,['reality'],['US'],9.0,tt4680444,8.3,3632.0,24.602,8.1,-0.2023,-0.34
tm322200,Superlopez,MOVIE,juan lpez must balance office job heroic feats save love life native planet chitn,2018,G,108,"['comedy', 'scifi', 'action', 'european']",['ES'],0.0,tt4110388,5.4,3635.0,10.953,5.3,0.9001,0.0
ts213820,Next Fashion,SHOW,18 budding fashion designers compete 250000 prize opportunity launch clothing line netaporter,2020,TV-14,50,['reality'],['US'],1.0,tt10394770,7.3,3646.0,4.72,8.0,0.7269,0.0
tm96037,Naruto Shippuden Movie : The Lost Tower,MOVIE,assigned mission capture mukade missingnin naruto uzumaki sets glorious historic ruins ouran pursues corners rouge ninja mukades goal revealed dormant leyline within ruins unleashes power leyline causing light envelop naruto sending past 20 years series began naruto awakens comes contact fourth hokage minato namikaze,2010,PG-13,85,"['animation', 'action', 'fantasy']",['JP'],0.0,tt1703048,6.8,3650.0,97.631,7.0,-0.1531,-0.3182
ts77563,Mystery Science Theater 3000,SHOW,cult hit returns captured mad scientists new host jonah survives blitz cheesy b movies riffing funny robot pals,2017,TV-14,86,"['scifi', 'comedy', 'drama', 'horror', 'thriller']",['US'],2.0,tt6782014,8.1,3656.0,3.279,8.0,-0.0772,0.0
tm841825,My Little Pony : A New Generation,MOVIE,equestrias divided brighteyed hero believes earth ponies pegasi unicorns pals hoof heart shes determined prove,2021,PG,91,"['music', 'action', 'animation', 'family', 'fantasy', 'comedy', 'drama', 'scifi']","['IE', 'US', 'CA']",0.0,tt10101702,6.8,3657.0,88.17,8.0,0.7184,0.0
tm408781,Teefa Trouble,MOVIE,teefa goes poland get anya pakistan marry butt gangsters son lands trouble anyas gangster father polish police,2018,PG-13,155,"['drama', 'comedy', 'action', 'crime', 'romance']",['PK'],0.0,tt8043306,7.0,3659.0,3.176,7.6,-0.4019,-0.4019
ts21979,Spotless,SHOW,london life jean troubled crime scene cleaner turned upside outlaw brother martin crash lands world entangling deadly dynamics organized crime,2015,TV-MA,58,"['crime', 'comedy', 'drama', 'european']",['FR'],1.0,tt3834000,7.7,3663.0,6.213,7.0,-0.872,0.0
ts76603,Erased,SHOW,finding mom killed satorus timetraveling ability takes back 18 years chance prevent death three classmates,2017,TV-14,28,"['drama', 'thriller', 'crime', 'fantasy', 'scifi']",['JP'],1.0,tt7573686,7.8,3671.0,9.747,7.4,-0.7184,0.0
ts254537,"Good Morning , Verônica",SHOW,hunting datingsite predator underused cop discovers husband wife horrific secret web conspiracy hiding,2020,TV-MA,45,"['crime', 'drama', 'thriller']",['BR'],2.0,tt12987918,7.5,3673.0,13.922,7.4,-0.875,0.4404
tm320670,White Fang,MOVIE,loyal wolfdogs curiosity leads adventure lifetime serving series three distinctly different masters,2018,PG,87,"['animation', 'family', 'drama', 'western', 'european']","['LU', 'US', 'FR']",0.0,tt5222768,6.9,3682.0,20.071,7.3,0.6597,0.0
ts79926,James Acaster : Repertoire,SHOW,offbeat comic james acaster covers strange mundane everything collection four wideranging standup specials,2018,TV-14,52,['comedy'],['GB'],1.0,tt7818686,8.4,3686.0,2.462,8.4,-0.2023,0.0
tm244923,My Mother 's Wound,MOVIE,upon turning eightteen salih leaves orphanage find lost family begins working serbian farm suddenly unexpected moment found home ever able let go ghosts past happy new life tension escalates disquieting secrets surface gripping tale family love identity mothers wound follows salih searches trail hope amongst wartorn lives,2016,PG-13,120,"['drama', 'thriller', 'war']",['TR'],0.0,tt5684860,7.3,3692.0,4.392,6.9,0.802,0.0
ts38770,Lady Dynamite,SHOW,singlecamera halfhour comedy based maria bamford accepted life sometimes surreal story woman loses finds st,2016,TV-MA,30,"['drama', 'comedy']",['US'],2.0,tt4789300,7.3,3693.0,6.236,7.4,0.3182,0.1779
tm237143,Shrek Musical,MOVIE,shrek musical musical music jeanine tesori book lyrics david lindsayabaire based 2001 dreamworks animations film shrek william steigs 1990 book shrek nominated 8 tony awards including best musical,2013,PG-13,130,"['music', 'comedy', 'fantasy', 'family']",['US'],0.0,tt3070936,6.9,3695.0,14.341,7.2,0.802,0.0
tm1158704,Tyler Perry 's A Madea Homecoming,MOVIE,madeas back hallelujer shes putting nonsense family drama erupts greatgrandsons college graduation celebration,2022,R,105,"['comedy', 'drama', 'romance']",['US'],0.0,tt14813966,5.6,3697.0,68.483,6.7,-0.4019,0.0
tm147494,Naruto Shippuden Movie : The Will Fire,MOVIE,ninjas bloodline limits begin disappearing countries blame points toward fire nation tsunades order kakashi sacrificed prevent war inheriting charms left kakashi naruto fights friends foes prevent death changing minds whove inherited fire,2009,PG-13,95,"['action', 'comedy', 'drama', 'fantasy', 'animation']",['JP'],0.0,tt1481363,7.0,3702.0,101.203,7.3,-0.926,-0.34
ts268758,Mismatched,SHOW,disastrous setup families two teens strike tentative friendship summer program deeper feelings arent far behind,2020,TV-MA,33,"['comedy', 'drama', 'romance']",['IN'],1.0,tt12719250,5.5,3712.0,3.402,6.8,-0.3612,0.0
ts79219,Flint Town,SHOW,twoyear period filmmakers embedded cops flint michigan reveal department grappling volatile issues untenable conditions,2018,TV-MA,42,"['documentation', 'crime', 'action']",['US'],1.0,tt8004578,7.8,3713.0,2.166,7.5,0.0,0.0
ts77799,Rotten,SHOW,docuseries travels deep heart food supply chain reveal unsavory truths expose hidden forces shape eat,2018,TV-MA,56,['documentation'],['US'],2.0,tt7763662,7.2,3716.0,6.812,7.4,-0.1779,-0.5106
tm233484,Duck Duck Goose,MOVIE,hes grounded injury highflying bachelor saddled two wideeyed orphans come facetoface dangers beauty outside world,2018,PG,82,"['comedy', 'animation', 'family', 'action']",['CN'],0.0,tt4940416,5.7,3721.0,12.075,6.2,-0.296,0.0
ts312071,The Way Househusband,SHOW,tatsu notorious feared yakuza leader nicknamed immortal dragon withdraws criminal syndicate becomes housekeeper help wife miku series features variety comedic settings typically showing tatsus domestic activities intimidating inequality looks well multiple encounters former colleagues rivals japanese criminal syndicate,2021,TV-MA,18,"['animation', 'comedy', 'action', 'crime', 'drama', 'romance']",['JP'],1.0,tt13357124,7.3,3724.0,20.159,8.591,-0.8074,0.0
ts79234,The Boss Baby : Back Business,SHOW,little help brother accomplice tim boss baby tries balance family life job baby corp headquarters,2018,TV-G,23,"['action', 'fantasy', 'animation', 'comedy', 'family']",['US'],4.0,tt7741824,6.4,3736.0,82.194,7.0,0.3415,0.0
ts36836,Zach Stone Is Gon na Be Famous,SHOW,zach hires camera crew film throughout daily life part quest become overnight celebrity even though possesses real talent zachs attempts become celebrity chef ringtone recording artist purposefully going missing hell try avenue get noticed stop nothing reaches fame,2013,TV-PG,20,['comedy'],['US'],1.0,tt1748277,8.3,3744.0,3.795,8.5,-0.8296,0.0
ts20939,Moesha,SHOW,moesha american sitcom series aired upn network january 23 1996 may 14 2001 series stars rb singer brandy norwood moesha mitchell high school student living family leimert park neighborhood south central los angeles originally ordered pilot cbs networks 19951996 television season rejected picked upn aired midseason replacement went become biggest success nascent network one greatest hits course networks entire run,1996,TV-PG,21,"['drama', 'comedy', 'family']",['US'],6.0,tt0115275,5.8,3747.0,10.901,7.0,0.6808,0.0
tm880059,All Day Night,MOVIE,young man committed homicide deals repercussions action,2020,R,121,['drama'],['US'],0.0,tt3993886,5.9,3752.0,7.586,6.2,0.2732,0.0
tm169053,Shor City,MOVIE,various residents careercriminals face challenges crimeladen mumbai,2011,PG,107,"['drama', 'crime']",['IN'],0.0,tt1916728,7.2,3753.0,4.11,6.4,0.0772,0.0
ts108042,Maya Three,SHOW,mesoamerican warrior princess embarks quest recruit three legendary fighters help save world gods humankind,2021,TV-Y7,131,"['comedy', 'drama', 'family', 'fantasy', 'animation', 'action']",['MX'],1.0,tt8787772,8.1,3780.0,51.341,7.8,0.6908,0.0
tm145216,Dabbe 5 : Curse Jinn,MOVIE,dilek housewife suddenly starts feel presence something abnormal specific room house though husband omer refuses agree situation become worse find ancient paranormal creature called jinn cursed dilek seek way cure instead find shocking event dileks early life,2014,R,132,['horror'],['TR'],0.0,tt3886722,5.9,3788.0,4.004,5.3,-0.5106,-0.5423
tm941382,Stand Me Doraemon 2,MOVIE,beloved shizuka finally married nobitas childhood dream supposed come true wedding day reason nobita doesnt show one popular episodes original story transcends time space leads nobitas future doraemon nobitas great adventure begins order fulfill grandmothers wish see bride first sight story tears bonds set past present future,2020,PG,96,"['scifi', 'animation', 'comedy', 'drama', 'family', 'fantasy']",['JP'],0.0,tt13428402,7.5,3791.0,17.83,7.6,0.9529,0.0
tm914535,2 Hearts,MOVIE,illness strikes two people polar opposites life death bring together surprising ways,2020,PG-13,100,"['drama', 'romance']",['US'],0.0,tt5616176,6.2,3801.0,16.578,7.7,-0.7906,0.0
ts38731,Rebellion,SHOW,group young men women dublin 1916 embroiled fight independence easter rising story begins outbreak world war expectations short glorious campaign dashed social stability eroded irish nationalism comes fore tumultuous events follow seen eyes group friends dublin belfast london play vital conflicting roles narrative irelands independence,2016,TV-14,51,"['war', 'drama', 'history', 'european']","['IE', 'GB']",2.0,tt4699982,7.1,3802.0,13.651,7.1,0.4019,-0.128
ts104499,Trese,SHOW,set manila mythical creatures philippine folklore live hiding amongst humans alexandra trese finds going head head criminal underworld comprised malevolent supernatural beings,2021,TV-MA,29,"['horror', 'scifi', 'thriller', 'action', 'crime', 'fantasy', 'animation']",['PH'],1.0,tt9310336,7.0,3803.0,20.878,7.4,-0.6808,0.0
ts265991,The Cook Castamar,SHOW,set early 18thcentury madrid plot follows love story agoraphobic cook widowed nobleman,2021,TV-MA,55,['drama'],['ES'],1.0,tt12626014,7.4,3807.0,11.161,7.1,0.2732,0.0
ts89075,Her Private Life,SHOW,art curators life unravels tries keep pastime diehard kpop fan secret gallerys new director,2019,TV-14,75,"['comedy', 'drama', 'romance']",['KR'],2.0,tt9899340,7.7,3826.0,14.707,7.933,0.3182,0.0
tm366973,Tom Segura : Disgraceful,MOVIE,tom segura gives voice sordid thoughts youd never say loud blunt musings porn parking lot power struggles parenthood,2018,PG-13,74,"['comedy', 'documentation']",['US'],0.0,tt7379330,7.5,3851.0,4.896,7.0,-0.3612,0.0
tm927037,The Water Man,MOVIE,hoping save sick mother boy named gunner friend jo venture remote wild horse forest search mythical figure possesses secret immortality go missing gunners father amos must immerse sons world find,2020,PG,92,"['action', 'thriller', 'drama', 'family', 'fantasy']",['US'],0.0,tt4779326,5.4,3880.0,13.201,6.2,0.5719,0.0
ts104483,Typewriter,SHOW,three young friends goa plan search old villa ghosts new family moves homes buried past resurfaces chilling ways,2019,TV-MA,50,"['thriller', 'horror', 'drama']",['IN'],1.0,tt9310372,6.5,3887.0,7.08,6.6,0.4588,0.0
ts57148,Champions,SHOW,vince charismatic gym owner ambition lives younger brother michael gorgeous idiot simple life women working put hold teenage son vince dropped doorstep priya one old high school flings,2018,TV-PG,21,['comedy'],['US'],1.0,tt6470396,6.0,3890.0,4.61,5.5,0.1779,0.5267
ts75620,Black,SHOW,grim reaper detective woman foresees death get ensnared matters life death dark mysteries twenty years past,2017,TV-MA,78,"['scifi', 'drama', 'action', 'thriller', 'horror', 'crime', 'fantasy', 'romance']",['KR'],2.0,tt7298976,7.9,3891.0,39.083,8.0,-0.9081,0.0
ts57464,Life Sentence,SHOW,stella finds terminal cancer cured shes going learn live choices shes made decided live like dying,2018,TV-14,42,"['comedy', 'drama']",['US'],1.0,tt6088922,6.4,3899.0,7.925,6.5,-0.4404,0.0772
ts11397,Adventures Sonic Hedgehog,SHOW,follow adventures sonic hedgehog sidekick tails attempt stop dr robotnik array robots taking planet mobius,1993,TV-Y7,22,"['scifi', 'animation', 'action', 'comedy', 'family', 'fantasy', 'western']",['US'],4.0,tt0222518,6.2,3902.0,13.313,6.3,0.0516,0.34
ts229335,Anxious People,SHOW,failed bank robber locks home along real estate agent two ikea addicts pregnant woman suicidal millionaire rabbit,2021,TV-MA,29,"['crime', 'drama', 'comedy']",['SE'],1.0,tt11168604,6.8,3913.0,3.126,6.4,-0.9081,-0.25
tm143299,Ungli,MOVIE,corrupt judicial system lets drunken driver scottfree four gym friends become vigilantes avenge death trainer,2014,PG-13,114,"['thriller', 'crime', 'drama']",['IN'],0.0,tt2392447,5.8,3914.0,2.757,5.8,-0.2023,0.0
ts78246,Kiss Me First,SHOW,escape reality 17yearold leila turns secret virtual paradise real journey begins digital eden turns dark,2018,TV-MA,47,"['scifi', 'thriller', 'drama']",['GB'],1.0,tt5730690,6.2,3919.0,5.447,6.9,0.7096,0.4215
tm34746,Luv Shuv Tey Chicken Khurana,MOVIE,ontherun london mafia omi returns ancestral village place hed flown grandads money grander london dreams omi able hide failures chasing love lost recipe infamous dish chicken khurana,2012,PG,140,['comedy'],['IN'],0.0,tt2186933,6.6,3925.0,2.564,6.3,0.5574,0.0
tm74031,Kyaa Super Kool Hain Hum,MOVIE,aspiring actor struggling dj team pursue ladies love diamond rightfully belongs oversexed dog,2012,R,137,"['drama', 'comedy']",['IN'],0.0,tt2027138,5.0,3926.0,3.166,5.1,0.5859,0.5994
ts41258,Cinderella Four Knights,SHOW,eun hawon college student bright girl wants veterinarian home lonely isolated family members eun hawon lives father stepmother stepsister mother died car accident one day helps mysterious old man old man suggests live mansion pursue dream becoming veterinarian since moves mansion lives three cousins kang jiwoon kang hyunmin kang seowoo bodyguard lee yoonsung,2016,TV-PG,61,"['drama', 'family', 'comedy', 'romance']",['KR'],1.0,tt5764414,7.4,3943.0,34.735,7.3,-0.6124,0.0
tm1150727,Kapil Sharma : I 'm Not Done Yet,MOVIE,liquid courage behind tweets sobering realities making mumbai kapils pouring heart heavy glug humor,2022,R,54,['comedy'],['IN'],0.0,tt16867200,6.9,3950.0,2.109,7.8,0.5423,0.0
tm326089,Mubarakan,MOVIE,singleton kartar singh left responsibility raising two orphaned nephews asks brother punjab raise charan sister london raise karan twins cross continents leave behind trail confusion,2017,PG-13,156,"['drama', 'comedy', 'romance']",['IN'],0.0,tt6272828,5.6,3961.0,3.731,6.2,-0.34,0.0
ts251067,The Baby-Sitters Club,SHOW,contemporary take beloved book series five best friends launch babysitting business thats big fun adventure,2020,TV-G,27,"['comedy', 'drama', 'family']",['US'],2.0,tt8690518,7.3,3966.0,29.598,8.0,0.9451,0.0
tm823355,Inside Man : Most Wanted,MOVIE,nypd hostage negotiator teams federal agent rescue dozens tourists held hostage 10hour seige us federal reserve,2019,R,106,"['action', 'thriller', 'crime']",['US'],0.0,tt7832848,5.6,3967.0,19.139,6.6,0.5106,0.0
ts320426,Crime Scene : The Times Square Killer,SHOW,1970s nyc torso killer preys women fulfill grotesque fantasies eluding police docuseries dive crimes darkest places,2021,TV-MA,49,"['thriller', 'documentation', 'crime', 'history']",['US'],1.0,tt16027926,6.5,3974.0,5.848,7.125,-0.6808,-0.8316
ts82892,I Am Killer,SHOW,death row inmates convicted capital murder give firsthand account crimes documentary series,2018,TV-MA,50,"['documentation', 'crime']",['GB'],3.0,tt8300324,7.4,3977.0,5.641,7.2,-0.8625,-0.6486
tm1185374,The Mystery Marilyn Monroe : The Unheard Tapes,MOVIE,documentary explores mystery surrounding death movie icon marilyn monroe previously unheard interviews inner circle,2022,R,101,['documentation'],['US'],0.0,tt19034332,6.2,3978.0,89.61,6.3,-0.5994,0.0
tm1201262,Love & Gelato,MOVIE,lina graduate high school sights set future mit mom gets sick encourages lina follow footsteps summer lifetime rome using moms old diary guide explores romantic magical city might find love gelato course,2022,PG-13,111,"['romance', 'comedy', 'drama']",['IT'],0.0,tt15521050,5.1,3980.0,146.021,5.35,0.7579,0.6369
tm1022103,Outlaws,MOVIE,introverted girona student nacho meets two delinquents citys chinatown gets caught summer onslaught burglaries hold ups change life,2021,R,125,"['crime', 'action', 'thriller']",['ES'],0.0,tt11892272,6.9,3985.0,67.192,7.0,0.0,0.0
ts21599,Ink Master,SHOW,hosted rock legend dave navarro judged icons tattoo world chris nez oliver peck group countrys creative skilled tattoo artists compete hundred thousand dollars title ink master stakes couldnt higher living canvasses donating skin permanently marked adrenalized competition elimination,2012,TV-14,42,['reality'],['US'],13.0,tt1865740,7.4,3998.0,13.078,7.9,0.4404,0.0
tm30289,Jeff Dunham : Arguing Myself,MOVIE,recorded live performance ventriloquist jeff dunham portrays comedian whose revival oldfashioned art made ventriloquism relevant modern societal concerns starring six main characters bubba jay nascarobsessed hick peanut flamboyant gay monkey dunhams puppets dirty inoffensive senses humor mock american dream,2006,PG-13,76,"['comedy', 'documentation']",['US'],0.0,tt0806102,8.0,4000.0,5.406,6.6,0.0,-0.4588
ts27586,Magi,SHOW,story flow fate battle keep world right path aladdin boy set explore world trapped room life best friend flute djinn named ugo soon enough aladdin discovers magi magician chooses kings born choose kings follow righteous path battling want destroy fate follow adventures meets others 1001 arabian nights like ali baba sinbad fights keep balance world check,2012,TV-14,24,"['scifi', 'action', 'animation', 'comedy', 'fantasy']",['JP'],3.0,tt2425098,7.8,4006.0,28.161,8.6,-0.1779,0.0
ts34066,Mako : Island Secrets,SHOW,reallife mermaids sirena nixie lyla part mermaid pod lives waters mako island young members pod job protect moon pool guard trespassers night full moon mischievous mermaid girls neglect duties sixteenyearold landdweller zac enters moon pool forms special connection mako zac given fishlike tail amazing powers mermaid pod forced leave mako leaving behind three mermaid girls cast pod know theres one way allowed rejoin pod must get legs venture onto land take back zacs powers risk outcasts forever,2013,TV-G,25,"['scifi', 'action', 'family', 'fantasy', 'romance', 'comedy', 'drama']",['AU'],4.0,tt2548214,6.7,4015.0,41.013,7.6,0.2023,0.0
ts80059,Trump : An American Dream,SHOW,friends associates critics reveal truly american story donald trump brash businessman defied odds become us president,2017,TV-14,55,"['documentation', 'european']",['GB'],1.0,tt7596008,7.2,4021.0,3.412,6.9,0.5859,0.25
ts82296,My ID Gangnam Beauty,SHOW,romantic comedy chronicles life mirae always believed life would better born beautiful goes knife comes looking like beautiful woman always dreamed becoming feels ready take world first time falls madly love seok perfect man except seok hates people get plastic surgery,2018,TV-MA,57,"['drama', 'comedy', 'romance']",['KR'],1.0,tt8585954,7.4,4021.0,30.627,7.615,0.9726,0.5859
ts81414,Meteor Garden,SHOW,ordinary girl admitted prestigious school country encounters f4 exclusive group comprised four wealthiest handsomest boys school dao ming si hua ze lei xi men mei zuo,2018,TV-14,45,"['drama', 'romance']",['CN'],1.0,tt8690890,7.9,4033.0,52.891,8.5,0.8271,0.0
tm1167440,My Best Friend Anne Frank,MOVIE,based reallife friendship anne frank hannah goslar nazioccupied amsterdam harrowing reunion concentration camp,2021,PG-13,103,['drama'],['NL'],0.0,tt10360772,6.2,4035.0,14.03,6.6,0.4404,0.8126
tm148976,The Battered Bastards Baseball,MOVIE,hollywood veteran bing russell creates independent baseball team countryalarming baseball establishment sparking meteoric rise 1970s portland mavericks,2014,R,80,"['documentation', 'sport']",['US'],0.0,tt3445270,8.0,4043.0,6.367,7.6,0.2732,-0.6124
ts42022,El marginal,SHOW,excop entered prison convicted false identity order infiltrate within group prisoners kidnapped teenage daughter important national judge,2016,TV-MA,54,"['drama', 'crime', 'thriller', 'action']",['AR'],5.0,tt5820976,8.1,4047.0,94.391,8.2,-0.7003,0.0
tm24576,Naruto : Guardians Crescent Moon Kingdom,MOVIE,naruto uzumaki kakashi hatake sakura haruno rock lee assigned protect prince land moon michiru world trip escorts hired quit due treated poorly land moon wealthy nation michiru tends buy whatever wants materialistic worldview hikaru also acts much manner,2006,PG-13,95,"['action', 'animation']",['JP'],0.0,tt1071815,6.4,4050.0,58.559,7.0,0.6249,0.0
ts225716,Family Business,SHOW,learning france legalize pot downonhisluck entrepreneur family race turn butcher shop marijuana caf,2019,TV-MA,33,"['comedy', 'family']",['FR'],3.0,tt10423460,7.4,4051.0,12.624,7.3,0.0,0.0
tm294696,Bygones Be Bygones,MOVIE,mothers plan find bachelor son match derails new prospect turns sinister schemes unfold,2017,PG-13,103,['comedy'],['TR'],0.0,tt6318200,6.2,4054.0,1.827,5.4,-0.6124,0.0
ts226588,100 Humans : Life 's Questions . Answered .,SHOW,one hundred hardy souls diverse backgrounds participate playful experiments exploring age sex happiness aspects human,2020,TV-14,37,"['documentation', 'reality']",['US'],1.0,tt11823088,5.7,4055.0,3.447,6.4,0.8481,0.0
ts296825,Gone Good,SHOW,ten years ago lost two loved ones fiance disappears must uncover buried secrets lose everything based harlan cobens novel,2021,TV-MA,49,"['drama', 'thriller', 'crime']",['FR'],1.0,tt14252964,6.3,4083.0,4.375,6.0,-0.0516,0.4404
tm80059,Naruto Shippuden Movie,MOVIE,demons almost destroyed world revived someone prevent world destroyed demon sealed one shrine maiden shion country demons two powers one sealing demons predicting deaths humans time narutos mission guard shion predicts narutos death way escape get away shion would leave unguarded demon whose goal kill shion thus meaning end world naruto decides challenge prediction death,2007,PG-13,94,"['animation', 'action', 'fantasy', 'family']",['JP'],0.0,tt0988982,6.7,4090.0,316.471,7.2,-0.9546,0.0
ts75002,Borderliner,SHOW,protect family police detective nikolai covers murder case coinvestigator anniken suspects foul play trapped dangerous game duty blurring line right wrong,2017,TV-MA,49,"['drama', 'documentation', 'crime', 'thriller', 'history', 'war']",['NO'],1.0,tt0332902,6.7,4096.0,7.204,6.4,-0.9136,0.0
ts237104,History 101,SHOW,infographics archival footage deliver bitesize history lessons scientific breakthroughs social movements worldchanging discoveries,2020,TV-PG,22,"['documentation', 'history']",['GB'],2.0,tt11958648,6.8,4100.0,7.172,7.0,0.0,0.0
tm440996,Trevor Noah : Son Patricia,MOVIE,trevor noah gets behind daily show desk takes stage standup special touches racism immigration camping,2018,R,63,['comedy'],['US'],0.0,tt9170648,7.3,4101.0,6.861,7.0,-0.34,0.0
ts216407,Age Samurai : Battle Japan,SHOW,exploration warring kingdoms feudal japan several powerful warlords fought become absolute ruler,2021,TV-MA,43,"['documentation', 'action', 'drama', 'history', 'war']",['US'],1.0,tt10551256,7.4,4119.0,31.152,7.1,-0.3182,-0.3818
tm1134087,Borrego,MOVIE,young botanist relocates small desert town study invasive plant species research comes aid downed plane find taken captive inexperienced drug mule forces lead trek across sweltering desert drop local sheriff drawn hunt rebellious daughter sets find missing botanist pursued local drug receiver,2022,R,102,"['crime', 'thriller']",['US'],0.0,tt12676006,5.7,4122.0,222.814,6.1,-0.6705,0.0
tm1185367,White Hot : The Rise & Fall Abercrombie & Fitch,MOVIE,cool kids wearing documentary explores afs pop culture reign late 90s early 2000s thrived exclusion,2022,R,88,['documentation'],['US'],0.0,tt19034522,5.7,4124.0,5.038,5.9,0.0258,0.0
ts253813,Glória,SHOW,small town portugal becomes engulfed web political intrigue young engineer recruited kgb spy historical thriller,2021,TV-MA,44,"['drama', 'history', 'thriller']",['PT'],1.0,tt13064634,7.9,4126.0,5.98,7.0,0.1027,0.0
ts306322,The Unlikely Murderer,SHOW,assassination prime minister olof palme 1986 stig engstrm managed elude justice right death combination audacity luck perplexed police force,2021,TV-MA,46,"['drama', 'crime']",['SE'],1.0,tt13735930,7.0,4129.0,4.575,7.3,-0.5719,-0.6808
ts187443,The Minions Midas,SHOW,los favoritos de midas based 1901 short story jack london sixpart series follows victor rich businessman blackmailed strange way mysterious organization,2020,TV-MA,53,"['crime', 'drama', 'thriller']",['ES'],1.0,tt10147520,6.6,4134.0,17.311,7.0,0.4215,0.0
ts57300,Marlon,SHOW,loving immature father committed coparenting two kids verytogether exwife misguided fatherly advice unstoppable largerthanlife personality unpredictable internet superstardom might get way sometimes marlon family really always come first even hes biggest kid,2017,TV-PG,21,['comedy'],['US'],2.0,tt5722376,6.9,4136.0,11.367,6.6,0.6369,0.0
ts296743,Welcome Eden,SHOW,happy question zoa four attractive young people active social networks invited exclusive party history secret island organized brand new drink begins exciting journey soon become journey lifetime paradise really seems welcome eden,2022,TV-MA,41,"['action', 'scifi', 'drama', 'thriller']","['ES', 'KN']",1.0,tt13457822,5.4,4145.0,198.535,7.3,0.9725,0.4588
tm1000147,Zone 414,MOVIE,near future colony stateoftheart robots private investigator hired colonys creator bring missing daughter home,2021,R,98,"['scifi', 'thriller']",['GB'],0.0,tt8545482,4.9,4146.0,121.562,5.4,-0.296,0.0
ts128895,Midnight Diner : Tokyo Stories,SHOW,anthology human relationship stories connected open wee hours diner characters frequent resolutions often facilitated ownerchef,2016,TV-14,25,['drama'],['JP'],2.0,tt6150576,8.4,4149.0,11.357,7.7,0.0,0.0
tm372061,Sudani Nigeria,MOVIE,soccer club manager brings one injured foreign players home recuperate form unlikely bond despite cultural differences,2018,PG,123,"['comedy', 'drama', 'sport']",['IN'],0.0,tt7581572,8.2,4159.0,2.372,7.1,-0.4019,0.0
ts37804,W/ Bob & David,SHOW,dishonorably discharged navy seals bob david back serving country way best making sketch comedy four halfhours brand new comedy featuring new characters new scenes importantly new wigs,2015,TV-MA,35,['comedy'],['US'],1.0,tt4574708,7.4,4160.0,4.117,6.8,0.8885,0.0
tm816992,Double World,MOVIE,seeing neighboring country become powerful warlord organizes competition reveal best warriors young man eager bring honour clan,2020,PG-13,110,"['fantasy', 'action']","['CN', 'HK']",0.0,tt10508838,6.1,4160.0,14.66,6.7,0.9217,0.0
ts258415,Elves,SHOW,christmas vacation turns nightmare teenager family discover ancient menace stalks island getaway,2021,TV-14,24,"['thriller', 'family', 'drama', 'fantasy', 'horror', 'scifi']",['DK'],1.0,tt13231962,5.5,4165.0,45.71,7.0,-0.4939,0.0
ts84335,1983,SHOW,twenty years devastating terrorist attack 1983 halted course polands liberation subsequent downfall soviet union idealistic law student kajetan disgraced police investigator anatol stumble upon conspiracy kept iron curtain standing poland living repressive police state,2018,TV-MA,57,"['drama', 'thriller', 'crime']",['PL'],1.0,tt7371666,6.7,4169.0,9.601,6.5,-0.959,0.0
tm932595,A Babysitter 's Guide Monster Hunting,MOVIE,recruited secret society babysitters high schooler battles boogeyman monsters nab boy shes watching halloween,2020,PG,94,"['fantasy', 'family', 'comedy']",['US'],0.0,tt4844150,5.4,4172.0,39.595,6.2,-0.3818,0.0
tm1164962,Restless,MOVIE,going extremes cover accident corrupt cops life spirals control starts receiving threats mysterious witness,2022,R,95,"['thriller', 'action', 'crime']","['BE', 'FR']",0.0,tt14465894,5.8,4174.0,217.363,6.0,-0.7096,-0.2732
tm1030283,Why Did You Kill Me ?,MOVIE,line justice revenge blurs devastated family uses social media track people killed 24yearold crystal theobald,2021,R,83,"['crime', 'documentation']",['US'],0.0,tt14318430,5.6,4175.0,14.666,6.2,-0.8591,-0.6908
ts85732,The Final Table,SHOW,team chefs vie impress worlds toughest palates whip iconic dishes different nations fastpaced competition,2018,TV-PG,53,['reality'],['US'],1.0,tt7619858,7.6,4176.0,3.634,7.0,0.3818,0.0
tm455059,We Die Young,MOVIE,lucas 14yearold boy inducted gang life washington dc determined 10yearold brother wont follow path afghanistan war veteran comes neighborhood opportunity arises,2019,R,93,"['thriller', 'drama', 'action', 'crime', 'european']","['BG', 'US']",0.0,tt7903530,5.2,4181.0,17.605,6.9,0.0772,-0.5994
ts269395,God 's Favorite Idiot,SHOW,clark thompson midlevel techsupport employee finds love coworker amily luck exactly time becomes unwitting messenger god also theres rollerskating lake fire impending apocalypse,2022,TV-MA,27,"['comedy', 'fantasy']",['US'],1.0,tt13861620,5.7,4196.0,7.322,7.0,0.7845,0.2023
tm425138,Godzilla : The Planet Eater,MOVIE,means defeating godzilla earth mankind watches king ghidorah clad golden light descends planet heavens earth shake war moves higher dimension,2018,PG,91,"['scifi', 'fantasy', 'horror', 'animation', 'action']",['JP'],0.0,tt8478602,5.0,4196.0,34.899,6.5,-0.6705,0.0
ts85175,Girl Nowhere,SHOW,mysterious clever girl named nanno transfers different schools exposing lies misdeeds students faculty every turn,2018,TV-MA,44,"['drama', 'thriller', 'crime', 'fantasy', 'horror']",['TH'],2.0,tt8824648,7.6,4201.0,45.88,8.5,-0.2263,0.0
ts88699,Northern Rescue,SHOW,death wife sarah john west packs three children moves hectic urban life small northern hometown take command local searchandrescue service family struggles new surroundings new friends accepting sarahs death,2019,TV-14,44,"['drama', 'family']",['CA'],1.0,tt8462412,6.9,4202.0,9.477,7.0,-0.6808,0.5106
ts100359,Medical Police,SHOW,two american physicians paulo brazil discover civilizationthreatening virus recruited government agents race time around world find cure uncover dark conspiracy,2020,TV-MA,24,['comedy'],['US'],1.0,tt9850952,5.9,4203.0,9.85,6.7,-0.5267,0.0
tm52083,West Beirut,MOVIE,april 1975 civil war breaks beirut partitioned along moslemchristian line tarek high school making super 8 movies friend omar first war lark school closed violence fascinating getting west east game mother wants leave father refuses tarek spends time may christian orphaned living building accident tarek goes infamous brothel wartorn olive quarter meeting legendary madam oum walid takes omar may using underwear white flag safe passage family tensions rise comes age war moves inexorably adventure tragedy,1998,PG-13,105,"['romance', 'drama', 'comedy', 'war', 'european']","['FR', 'NO', 'LB', 'BE']",0.0,tt0157183,7.6,4221.0,3.308,7.3,-0.9081,0.0
ts75263,Wormwood,SHOW,genrebending tale errol morris explores mysterious death us scientist entangled secret cold war program known mkultra,2017,TV-14,43,"['crime', 'documentation', 'drama', 'fantasy']",['US'],1.0,tt1149367,7.0,4239.0,1.898,6.2,-0.8316,0.0
tm406098,Battle,MOVIE,amalie girl everything good looks money boyfriend big talent dancing one day world falls apart moves everything knows enter mikael dancing streets amalie joins dancing streets dancing battles,2018,R,95,"['drama', 'romance', 'music', 'european']","['NO', 'SE', 'DK', 'NL']",0.0,tt6854672,5.9,4248.0,11.416,6.4,0.4767,-0.3818
tm414962,May Devil Take You,MOVIE,hoping find answers estranged fathers mysterious illness young woman visits old villa uncovers horrifying truth past,2018,R,110,"['thriller', 'horror']",['ID'],0.0,tt8765496,5.9,4249.0,13.478,6.2,-0.3182,-0.6597
tm991351,Pelé,MOVIE,backdrop turbulent era brazil documentary captures pels extraordinary path breakthrough talent national hero mixing rare archival footage exclusive interviews documentary celebrates legendary brazilian footballer personified football art,2021,PG-13,108,"['documentation', 'sport']",['GB'],0.0,tt13842562,7.0,4256.0,19.653,7.5,0.891,0.0
ts81542,The Hollow,SHOW,three teens join forces find way home waking strange realm filled magic portals perplexing puzzles vicious beasts,2018,TV-Y7,24,"['comedy', 'scifi', 'animation', 'drama', 'family']",['CA'],2.0,tt2372708,7.1,4266.0,10.299,7.1,-0.2732,0.0
ts105542,The Baker Beauty,SHOW,bluecollar baker strikes relationship international superstar us version israeli romantic comedy series baker beauty,2020,TV-14,32,"['comedy', 'drama', 'romance']",['US'],1.0,tt9164986,7.3,4270.0,8.545,8.1,0.7579,0.5859
tm1107063,Love Leashes,MOVIE,love never hurt good two coworkers enter contractual relationship partners consensual play pleasure pain,2022,R,118,"['comedy', 'romance']",['KR'],0.0,tt15553956,6.3,4273.0,56.793,6.7,0.8111,0.6369
ts22080,Oggy Cockroaches,SHOW,oggy anthropomorphic cat would prefer spend days watching television eating continuously pestered three roaches joey marky dee dee cockroaches slapstick mischief ranges plundering oggys refrigerator hijacking train boarded many situations oggy also helped jack violent shorttempered also annoyed cockroaches bob shorttempered bulldog also appears show oggys neighbor,1999,TV-Y7,9,"['animation', 'comedy', 'family', 'action', 'european']",['FR'],7.0,tt0213363,7.4,4281.0,40.189,7.5,-0.8402,0.0
tm950444,Skater Girl,MOVIE,teen rural india discovers lifechanging passion skateboarding faces rough road follows dream compete,2021,PG,107,"['drama', 'family', 'sport']","['US', 'IN']",0.0,tt6964940,6.6,4289.0,12.433,7.5,0.6124,0.0
tm266705,Giant,MOVIE,fought first carlist war martin returns family farm gipuzkoa find younger brother joaqun towers height convinced everyone want pay see tallest man earth siblings set long trip europe ambition money fame forever change familys fate story based true events,2017,PG-13,114,"['drama', 'history', 'european']",['ES'],0.0,tt5693136,6.6,4302.0,12.248,6.6,0.2732,0.0
tm370232,We Animals,MOVIE,manny joel jonah tear way childhood push volatile love parents manny joel grow versions father dreams escape jonah youngest embraces imagined world,2018,R,94,['drama'],['US'],0.0,tt7681824,6.9,4303.0,6.702,6.5,0.8225,0.0
tm158546,Raja Natwarlal,MOVIE,based story notorious reallife con man twisty bollywood thriller revolves around cunning fraudster raja natwarlal pulls series twobit scams mumbai way big swindle smalltime con man wants get big leagues take goliath world scams,2014,PG,141,"['thriller', 'crime']",['IN'],0.0,tt3483712,6.1,4311.0,2.473,6.6,-0.9517,0.0
tm440678,Revenger,MOVIE,hellbent avenging murder family former detective infiltrates remote island serves prison vicious death row criminals,2018,NC-17,102,"['action', 'crime', 'thriller']",['KR'],0.0,tt9426186,5.7,4311.0,18.767,5.3,-0.959,-0.4767
tm144557,Deliha,MOVIE,woman desperately seeking man love finally arrives overlooks,2014,PG-13,107,"['family', 'comedy', 'romance']",['TR'],0.0,tt4003066,4.5,4315.0,5.163,5.7,0.3818,0.0
ts79020,Hitler 's Circle Evil,SHOW,surviving power struggles betrayals plots hitlers inner circle nazi leaders seizes control germany designs disastrous future,2018,TV-14,52,"['documentation', 'history', 'war']",['GB'],1.0,tt6600720,8.0,4322.0,5.542,7.5,-0.6369,-0.6597
ts41485,Vanished 46,SHOW,genetics professor experiments treatment comatose sister blends medical shamanic cures unlocks shocking side effect,2016,TV-MA,63,"['drama', 'action', 'scifi', 'crime', 'thriller']",['TR'],1.0,tt5606154,8.2,4326.0,2.184,7.8,-0.4019,0.0
ts284702,This Is Robbery : The World 's Biggest Art Heist,SHOW,1990 two men dressed cops con way boston museum steal fortune art take deep dive daring notorious crime,2021,TV-MA,53,"['crime', 'documentation', 'history']",['US'],1.0,tt14223858,6.5,4328.0,5.515,6.9,-0.7964,0.0
tm927718,The Paper Tigers,MOVIE,three middle aged men polish martial arts skills avenge fallen master,2020,PG-13,110,"['comedy', 'action']",['US'],0.0,tt6060444,6.3,4341.0,4.665,6.9,-0.3612,0.0
tm372318,The World Is Yours,MOVIE,escape life crime paris drug dealer takes one last job involving spain unhinged gangsters longtime crush scheming mother,2018,R,94,"['comedy', 'crime', 'european']",['FR'],0.0,tt6892462,6.3,4342.0,8.637,6.8,-0.5267,0.0
tm885805,Debt Collectors,MOVIE,pair debt collectors thrust explosively dangerous situation chasing various lowlifes also evading vengeful kingpin,2020,R,97,"['action', 'comedy', 'crime']",['US'],0.0,tt10933680,5.8,4347.0,15.007,6.1,-0.8316,-0.3612
ts83232,The Mire,SHOW,town shocked brutal double murder courier hands case experienced journalist witold wanycz time learns mysterious suicide two teenagers together piotr young journalist start investigation,2018,TV-MA,54,"['drama', 'crime', 'thriller']",['PL'],2.0,tt8855592,7.0,4355.0,13.039,6.8,-0.9485,0.0
tm984155,The Devil Below,MOVIE,group four amateur adventurers specialize exploring remote forsaken places pay visit shookum hills town remote appalachian mountains abandoned decades ago due mysterious coal mine fire,2021,R,89,"['horror', 'thriller']",['US'],0.0,tt7646322,4.2,4366.0,7.841,5.1,-0.5994,-0.6597
tm63514,The Last Days,MOVIE,five jewish hungarians us citizens tell stories march 1944 nazis began exterminate hungarian jews months concentration camps visiting childhood homes 50 years later historian sonderkommando doctor experimented auschwitz prisoners us soldiers part liberation april 1945,1998,PG-13,87,"['drama', 'history', 'war', 'documentation']",['US'],0.0,tt0174852,7.9,4378.0,3.766,7.8,-0.5106,0.0
tm177687,Naruto : Legend Stone Gelel,MOVIE,naruto shikamaru sakura executing mission delivering lost pet certain village however right midst things troops led mysterious knight temujin attack violent battle three become separated temujin challenges naruto fight end fierce battle fall together high cliff,2005,PG-13,96,"['fantasy', 'action', 'comedy', 'drama', 'animation']",['JP'],0.0,tt0791188,6.4,4380.0,41.579,6.6,-0.9287,0.0
tm39606,Tere Naal Love Ho Gaya,MOVIE,quaint village haryana lives miny freespirited tomboy instantly wins heart bubbly personality father bhatti runs autorickshaw business adamant marry liking sunny male protagonist viren humble ambitious rickshaw driver working minys father bhatti insecure virens success sells rickshaws viren carefully stashed life savings attempt recover money bhatti viren storms minys engagement fury gives miny perfect opportunity escape marriage stages kidnap however kidnap goes wrong viren land virens family mansion eventually minys father arrives ransom asked takes back home back punjab married sunny,2012,PG,126,"['drama', 'comedy', 'romance']",['IN'],0.0,tt2130242,5.8,4381.0,3.262,6.2,0.9633,0.6369
tm494847,Made China,MOVIE,story failed gujarati businessman jumps unknown world china get life time business idea change life,2019,PG,128,"['comedy', 'drama', 'romance', 'thriller', 'crime', 'european']",['IN'],0.0,tt8983180,6.2,4382.0,4.416,6.5,-0.5106,0.0
tm918853,All Together Now,MOVIE,optimistic talented teen clings huge secret shes homeless living school bus tragedy strikes learn accept helping hand,2020,PG,92,['drama'],['US'],0.0,tt3155342,6.5,4388.0,7.402,6.8,0.7906,0.0
ts88296,Ares,SHOW,friend suffers bizarre accident rosa realizes secret student society theyve joined built demonic secrets dutch history,2020,TV-MA,29,"['thriller', 'horror', 'drama']",['NL'],1.0,tt8404520,5.7,4389.0,7.928,6.9,-0.6486,0.0
ts56933,The New Legends Monkey,SHOW,follow teenage girl trio fallen gods perilous journey attempt bring end demonic reign chaos restore balance world inspired 16th century chinese fable journey west,2018,TV-PG,26,"['scifi', 'action', 'comedy', 'fantasy']",['NZ'],2.0,tt6807662,6.4,4398.0,25.804,7.2,-0.2023,0.0
tm984204,The Seventh Day,MOVIE,renowned exorcist teams rookie priest first day training plunge deeper hell earth lines good evil blur demons emerge,2021,R,87,['horror'],['US'],0.0,tt11263022,4.5,4403.0,60.598,5.5,-0.7964,0.0
tm445153,Njan Prakashan,MOVIE,pining lavish life abroad lazy lovable guy next door crafts scam avoid career nursing find wealthy spouse secure visa,2018,G,125,"['comedy', 'drama']",['IN'],0.0,tt8286926,7.6,4405.0,2.145,6.8,0.128,0.0
tm147686,Kevin Hart : I 'm Grown Little Man,MOVIE,fresh heels appearing movies like superhero movie 40 yearold virgin fasttalking comedian kevin hart stars live standup performance makes fun everything everybody especially,2009,R,73,"['comedy', 'documentation']",['US'],0.0,tt1420554,7.5,4411.0,6.236,7.3,0.8658,0.0
tm324820,MFKZ,MOVIE,angelino one thousands deadbeats living dark meat city otherwise unremarkable scooter accident caused beautiful mysterious stranger transform life waking nightmare starts seeing monstrous forms prowling around city angelino losing mind could alien invasion really happening quietly,2018,R,95,"['scifi', 'comedy', 'thriller', 'animation', 'action', 'european']","['FR', 'JP']",0.0,tt4717402,6.7,4412.0,7.664,7.1,-0.2023,0.0
tm1179973,Trust No One : The Hunt Crypto King,MOVIE,young founder collapsing cryptocurrency exchange dies unexpectedly irate investors suspect theres death meets eye,2022,R,90,"['documentation', 'crime']",['GB'],0.0,tt15479902,6.3,4444.0,24.834,6.0,-0.9042,0.2732
tm413049,Animal World,MOVIE,drifting aimlessly life kaisi racked debts several million borrowed money friends lured promise writing kaisi leaves ailing mother childhood sweetheart qing board ship destiny attend gambling party controlled mysterious anderson players join game stars game lose opponent captures star everyone holding daggers behind backs plotting dirty means overcome opponents game quickly deteriorates slaughter kaisi must battle save skin,2018,R,125,"['thriller', 'fantasy', 'drama', 'action', 'scifi', 'comedy']",['CN'],0.0,tt9257932,6.4,4447.0,24.922,7.2,0.8555,0.0
ts20526,The Game,SHOW,boyfriend derwin davis chosen new thirdstring wide receiver san diego sabers melanie barnett decides attend local college derwin worries plays field melanie adjusts new lifestyle gets playbyplay account lives relationships among nfl wives girlfriends mommanagers use best game help men stay field arm,2006,TV-14,22,"['drama', 'comedy', 'romance', 'sport']",['US'],10.0,tt0772137,6.6,4449.0,12.124,8.4,0.7269,0.0
ts58152,Cathedral Sea,SHOW,14th century barcelona experiencing one prosperous moments city grown la ribera fishing district largest marian temple ever known built santa mara del mar construction runs parallel arnau estanyol serf land fleeing abuses feudal lords countryside take refuge barcelona,2018,TV-MA,57,"['drama', 'history']",['ES'],1.0,tt4944694,7.4,4450.0,13.03,7.1,-0.3182,0.0
ts291718,Pretty Smart,SHOW,selfproclaimed intellectual forced move carefree sister sisters lovably eccentric friends,2021,TV-14,24,"['comedy', 'drama', 'romance']",['US'],1.0,tt14369056,5.8,4451.0,8.866,6.9,0.7269,0.7096
tm414073,Backtrace,MOVIE,lone surviving thief violent armored car robbery sprung high security facility administered experimental drug,2018,R,92,"['crime', 'action', 'drama', 'thriller']","['CA', 'US']",0.0,tt3588588,3.8,4453.0,19.984,5.4,-0.7003,0.0
ts34740,My Babysitter 's Vampire,SHOW,ethan benny fledgling vampire sarah battle zombies demons supernatural beasties regularly threaten school,2011,TV-PG,22,"['scifi', 'action', 'comedy', 'fantasy', 'horror']","['CA', 'US']",2.0,tt1727434,6.9,4454.0,25.428,8.3,-0.6369,0.0
tm407295,Amateur,MOVIE,14yearold basketball phenom terron forte navigate underthetable world amateur athletics recruited elite ncaa prep school,2018,R,17,"['drama', 'sport']",['US'],0.0,tt5580392,5.9,4459.0,15.455,6.5,0.0,0.0
tm437221,Charlie Says,MOVIE,three young women sentenced death infamous manson murder case death penalty lifted sentence became life imprisonment one young graduate student sent teach witness transformations face reality horrific crimes,2019,R,104,"['drama', 'documentation', 'crime']",['US'],0.0,tt1759744,5.9,4474.0,11.349,5.9,-0.967,0.0
tm280060,Step Sisters,MOVIE,jamilah whole life figured shes president black sorority captain champion step dance crew student liaison college dean next move harvard law school shes got right hardpartying white girls sigma beta beta embarrass school jamilah ordered come rescue mission teach rhythmicallychallenged girls step dance win steptacular competitive dance competitions sbbs reputations charter line jamilahs dream attending harvard jeopardy outcast screwups unlikely teacher stumble one hilarious misstep another cultures clash romance blossoms sisterhood prevails everyone steps comfort zones,2018,PG-13,104,['comedy'],['US'],0.0,tt5267472,5.4,4496.0,9.814,6.5,0.9451,0.0
ts243036,Selena : The Series,SHOW,mexicanamerican tejano singer selena comes age realizes dreams family make tough choices hold love music,2020,TV-PG,38,"['drama', 'music']",['US'],2.0,tt9421868,6.9,4505.0,45.91,7.5,0.7506,0.0
ts21581,Girlfriends,SHOW,series revolves around friendship four africanamerican women different phases lives explore many trials tribulations women face today relationships family friends current issues interest women whether getting divorce finding career looking true love girlfriends delivers along comedy wit,2000,TV-PG,21,"['drama', 'comedy']",['US'],8.0,tt0247102,7.2,4528.0,12.163,7.7,0.9552,0.0
tm320489,Expedition Happiness,MOVIE,german couple dog travel across north america school bus searching state pure bliss,2017,G,95,"['documentation', 'european']",['DE'],0.0,tt6688136,5.9,4538.0,7.586,6.8,0.5719,0.5574
ts101060,Merry Happy Whatever,SHOW,strongwilled patriarch must balance demands complicated family stress christmas season youngest daughter comes home holidays new boyfriend,2019,TV-PG,26,['comedy'],['US'],1.0,tt9770286,6.4,4542.0,4.855,6.6,-0.0516,0.802
ts237513,Ju-On : Origins,SHOW,paranormal researcher searches obsessively cursed home something terrible happened mother child long ago,2020,TV-MA,29,"['drama', 'horror']",['JP'],1.0,tt12313914,6.1,4546.0,20.607,6.8,-0.5423,0.0
tm36164,Naruto Shippuden Movie : Bonds,MOVIE,mysterious group ninjas makes surprise attack konohagakure takes great damage nightmare another shinobi world war could become reality sasuke still missing nin konoha trying kill brother itachi appears second time front naruto unknown location prevent happening,2008,PG-13,90,"['fantasy', 'animation', 'action']",['JP'],0.0,tt1160524,6.8,4551.0,109.752,7.2,-0.8957,0.0
ts80600,Luis Miguel : The Series,SHOW,series dramatizes life story mexican superstar singer luis miguel captivated audiences latin america beyond decades,2018,TV-14,52,"['drama', 'history', 'music', 'romance']",['MX'],3.0,tt8045690,8.0,4556.0,40.288,8.0,0.3818,0.0
ts106126,The Bonfire Destiny,SHOW,devastating fire 1897 paris three women find lives upended betrayal deception romantic turmoil inspired real events,2019,TV-MA,50,"['drama', 'history']",['FR'],1.0,tt9050352,7.6,4560.0,10.26,7.4,-0.875,0.0
tm139564,The Outcasts,MOVIE,falling victim humiliating prank high school queen bee best friends worldclass geeks mindy jodi decide get revenge uniting outcasts school circle friends,2017,PG-13,95,['comedy'],['US'],0.0,tt2597760,5.4,4567.0,10.409,6.2,0.4019,0.0
tm957290,Umma,MOVIE,amanda daughter live quiet life american farm remains estranged mother arrive korea amanda becomes haunted fear turning mother,2022,PG-13,83,"['horror', 'drama']",['US'],0.0,tt13235822,4.6,4583.0,155.039,5.9,-0.743,0.0
tm1137051,Bubble,MOVIE,abandoned tokyo overrun bubbles gravitational abnormalities one gifted young man fateful meeting mysterious girl,2022,PG,101,"['scifi', 'fantasy', 'romance', 'sport', 'thriller', 'animation', 'action', 'drama']",['JP'],0.0,tt16360006,6.3,4597.0,550.643,7.497,-0.4588,0.0
tm221883,Gridlocked,MOVIE,former swat leader david hendrix hardpartying movie star brody walker must cut ridealong short police training facility attacked team mercenaries,2016,R,110,['action'],['CA'],0.0,tt2724532,5.8,4604.0,14.458,5.8,-0.6249,0.0
ts75749,Because This Is My First Life,SHOW,nam sehee single man early 30s chosen marry owns home owes lot mortgage yoon jiho single woman early 30s home envies given dating due financial struggles yoon jiho begins live nam sehees house become housemates,2017,TV-14,69,"['drama', 'comedy', 'romance']",['KR'],1.0,tt7278588,8.1,4656.0,17.121,8.6,-0.5106,0.0
tm983723,The Sparks Brothers,MOVIE,take musical odyssey five weird wonderful decades brothers ron russell mael celebrating inspiring legacy sparks favorite bands favorite band,2021,R,140,"['documentation', 'music', 'comedy', 'history']","['GB', 'US']",0.0,tt8610436,7.8,4663.0,6.784,7.3,0.9382,0.0
ts55645,Five Came Back,SHOW,extraordinary story hollywood changed world war ii world war ii changed hollywood interwoven experiences five legendary filmmakers went war serve country bring truth american people john ford william wyler john huston frank capra george stevens based mark harris bestselling book five came back story hollywood second world war,2017,TV-MA,65,"['war', 'documentation', 'history']",['US'],1.0,tt6587094,8.3,4671.0,5.86,7.7,-0.936,0.0
ts58175,She 's Got ta Have It,SHOW,nola darling struggles define divide time among friends job three lovers new take spike lees film 10 episodes,2017,TV-MA,35,['comedy'],['US'],2.0,tt3713588,6.7,4695.0,6.031,6.6,0.8316,0.0
ts76753,A Korean Odyssey,SHOW,selfserving mythical creatures bid invincibility backfires finds mercy woman see otherworldly beings,2017,TV-MA,75,"['comedy', 'thriller', 'fantasy', 'horror', 'romance']",['KR'],1.0,tt7099334,8.0,4695.0,29.703,8.2,0.3612,0.0
tm330869,Show Dogs,MOVIE,starring arnett chris ludacris bridges natasha lyonne jordin sparks gabriel iglesias shaquille oneal alan cumming stanley tucci show dogs family comedy unlikely pairing human detective arnett canine partner voice chris ludacris bridges go undercover worlds exclusive dog show solve biggest case yet,2018,PG,92,"['comedy', 'crime', 'family']","['US', 'GB']",0.0,tt5691024,3.8,4704.0,11.664,6.1,0.5859,0.0
ts32186,Sonic X,SHOW,sonic friends team 12 year old christopher collect chaos emeralds defeat evil dr eggman,2003,TV-Y7,21,"['family', 'animation', 'action', 'comedy', 'drama', 'thriller', 'fantasy', 'scifi']",['JP'],3.0,tt0367413,6.2,4709.0,37.945,7.5,-0.8402,0.0
tm884511,The Lost Husband,MOVIE,trying put life back together death husband libby children move estranged aunts goat farm central texas,2020,PG-13,109,"['romance', 'drama']",['US'],0.0,tt4257940,6.1,4739.0,7.282,7.0,-0.5994,-0.3182
ts79422,Nailed It !,SHOW,home bakers poor track record kitchen seek redemption cash series episode three contestants try hand recreating edible masterpieces projects dont always turn great whichever amateur baker comes closest successful dessert end episode takes home 10000 prize might want use baking lessons comic nicole byer renowned pastry chef jacques torres host part reality contest part hot mess,2018,TV-PG,33,"['reality', 'comedy']",['US'],6.0,tt6987788,7.4,4742.0,8.521,7.6,0.7356,0.0
tm873159,The Yin-Yang Master : Dream Eternity,MOVIE,qing ming yinyang master took masters last wish went captial tiandu city attend heaven ceremony,2020,PG-13,132,"['drama', 'fantasy', 'scifi', 'action']",['CN'],0.0,tt11454718,6.4,4751.0,30.086,7.5,0.7184,0.25
tm405738,Perdida,MOVIE,policewoman whose childhood friend disappeared patagonia years ago starts new search find answers soon finds life danger,2018,R,103,"['crime', 'drama', 'thriller']","['ES', 'AR']",0.0,tt7841496,5.6,4762.0,18.855,6.3,-0.2732,0.0
ts84056,Unauthorized Living,SHOW,galician shipper drug lord hiding alzheimers disease plans retire secondincommand plots steal empire heir,2018,TV-MA,75,['drama'],['ES'],2.0,tt6970700,7.4,4764.0,29.714,7.3,-0.6597,0.0
tm374845,The Seven Deadly Sins : Prisoners Sky,MOVIE,traveling search rare ingredient sky fish meliodas hawk arrive palace floats clouds people busy preparing ceremony meant protect home ferocious beast awakens every 3000 years ritual complete six knights blacka demon clan armyremoves seal beast threatening lives everyone sky palace,2018,PG-13,99,"['fantasy', 'animation', 'action']",['JP'],0.0,tt9089294,7.1,4768.0,29.994,7.6,-0.296,-0.743
tm365122,Benji,MOVIE,two school kids strike friendship orphaned puppy named benji danger befalls end kidnapped robbers heads benji scruffy sidekick come rescue,2018,PG,87,"['drama', 'crime', 'family']","['US', 'AE']",0.0,tt1799516,6.3,4774.0,17.811,7.0,0.3182,0.0
ts20458,Ninjago : Masters Spinjitzu,SHOW,fate world ninjago challenged great threats ninja kai jay cole zane lloyd nya save world,2012,TV-Y7,17,"['animation', 'comedy', 'family', 'scifi', 'action', 'fantasy', 'european']","['DK', 'US']",16.0,tt1871731,7.3,4798.0,67.932,7.8,0.6249,0.0
ts188991,Someone Has Die,SHOW,story begins young boy asked parents return spain meet fiance returns accompanied lazaro mysterious ballet dancer,2020,TV-MA,50,"['drama', 'thriller', 'crime']","['ES', 'MX']",1.0,tt10311932,6.3,4841.0,9.426,7.3,0.0,-0.5994
ts79157,B : The Beginning,SHOW,world powered advanced technology crime action unfold archipelagic nation cremona genius investigator keith flick rejoins royal police force serial killer b emerges mysterious youth koku may ally target,2018,TV-MA,25,"['scifi', 'horror', 'crime', 'thriller', 'action', 'fantasy', 'animation', 'drama']",['JP'],2.0,tt7944664,7.1,4844.0,18.671,7.8,-0.7783,0.0
ts77955,Somebody Feed Phil,SHOW,everybody loves raymond creator phil rosenthal travels globe take local cuisine culture bangkok lisbon mexico city,2018,TV-14,52,['documentation'],['US'],5.0,tt7752034,8.2,4850.0,9.24,7.4,0.5719,0.0
ts106015,Kengan Ashura,SHOW,timid old man summoned chairman become manager tokita ohma highly skilled gladiator cares fighting winning kengan matches,2019,TV-MA,25,"['animation', 'action', 'sport']",['JP'],2.0,tt9058134,8.0,4869.0,85.14,8.3,0.4877,0.0
ts269676,History Swear Words,SHOW,proudly profane series explores history impact notorious bad words english language,2021,TV-MA,21,"['documentation', 'comedy']",['US'],1.0,tt13617060,6.4,4877.0,5.6,7.0,-0.4215,-0.0516
ts188367,Bombay Begums,SHOW,boardrooms societys margins five ambitious women various walks life navigate dreams desires disappointments modern mumbai,2021,TV-MA,49,['drama'],['IN'],1.0,tt10238792,5.2,4884.0,2.475,8.3,0.4215,0.0
ts78507,Alexa & Katie,SHOW,lifelong best friends alexa katie eagerly anticipating start freshman year high school pals confront crisis leaves feeling like outsiders time seems matter fitting,2018,TV-Y7,25,"['comedy', 'drama']",['US'],4.0,tt6916746,7.4,4885.0,32.166,8.3,0.802,0.0
tm363231,Godzilla : City Edge Battle,MOVIE,humanitys desperate battle reclaim earth godzilla continues key defeating king monsters may mechagodzilla robotic weapon thought lost nearly 20000 years ago,2018,PG-13,105,"['animation', 'action', 'scifi']",['JP'],0.0,tt8015080,5.8,4896.0,19.716,6.5,-0.875,-0.3818
ts306090,GREAT PRETENDER,SHOW,supposedly japans greatest swindler makoto edamura gets bargained tries con laurent thierry real worldclass crook,2020,TV-MA,23,"['drama', 'action', 'animation', 'comedy', 'crime']",['JP'],1.0,tt11680468,7.9,4902.0,13.641,7.6,0.6369,0.6249
ts86912,Surviving R. Kelly,SHOW,celebrated one greatest rb singers time r kellys genre defining career playboy lifestyle riddled rumors abuse predatory behavior pedophilia despite damning evidence multiple witnesses date none accusations seemingly affected first time ever survivors people r kellys inner circle coming forward new allegations sexual mental physical abuse finally ready share full story shed light secret life public never seen,2019,TV-14,59,"['documentation', 'crime', 'music']",['US'],2.0,tt10713450,7.5,4906.0,3.97,7.8,0.7678,0.296
ts215046,Capitani,SHOW,luxembourg village everyone keeping secrets gruff police inspector luc capitani investigates suspicious death 15yearold girl,2019,TV-MA,29,"['crime', 'drama', 'thriller']",['LU'],2.0,tt10483610,6.6,4912.0,28.789,6.715,-0.7506,0.0
ts83763,Black Earth Rising,SHOW,child kate ashby rescued horrific aftermath rwandan genocide brought uk tragic shadow past proves impossible escape,2018,TV-MA,59,"['drama', 'crime', 'thriller']",['GB'],1.0,tt7660730,7.4,4917.0,5.831,7.1,-0.5994,0.0
ts269881,Record Ragnarok,SHOW,eradicating humankind world gods give one last chance prove worthy survival let ragnarok battles begin,2021,TV-MA,24,"['animation', 'action', 'scifi', 'drama', 'fantasy', 'thriller']",['JP'],2.0,tt13676344,6.2,4923.0,168.41,8.629,0.3182,0.0
ts257345,Wild Abandon,SHOW,haze midlife crisis architect begins living double life punk members family lead crisisridden lives,2022,TV-MA,51,"['drama', 'comedy']",['TR'],1.0,tt13317478,7.1,4976.0,2.448,7.6,-0.6249,-0.4404
tm993838,Long Story Short,MOVIE,teddy wakes morning wedding discover hes jumped forward year life first anniversary trapped endless cycle time jumps transported another year ahead every minutes faced race time life crumbles around,2021,R,90,"['fantasy', 'comedy', 'romance']",['AU'],0.0,tt10896634,6.5,4995.0,59.305,7.0,-0.5267,0.0
tm822246,The Forty-Year-Old Version,MOVIE,radha downonherluck ny playwright desperate breakthrough 40 reinventing rapper radhamusprime vacillates worlds hip hop theater order find true voice,2020,R,123,"['comedy', 'drama', 'music']",['US'],0.0,tt10642834,7.2,5003.0,11.646,6.9,0.128,0.0
ts84010,Pine Gap,SHOW,team talented australian american intelligence analysts work together ensure global stability one worlds important secretive joint intelligence facilities pine gap relationship australian american intelligence analysts working pine gap isnt always rosy,2018,TV-MA,56,"['drama', 'thriller']",['AU'],1.0,tt7371868,7.1,5007.0,10.479,7.3,0.9432,0.0
ts22286,Cardcaptor Sakura,SHOW,sakura kinomoto elementary school student discovers possesses magical powers accidentally freeing set magical cards book sealed years tasked retrieving cards order avoid unknown catastrophe befalling world,1998,TV-Y7,25,"['scifi', 'animation', 'action', 'comedy', 'drama', 'family', 'fantasy', 'romance']",['JP'],4.0,tt0221735,8.0,5008.0,35.757,8.7,-0.7096,0.0
ts21081,Pablo Escobar : The Drug Lord,SHOW,pablo man natural ability business early life pablo introduced business cocaine power yields young life crime lands pablo jail builds criminal empire pablo expands power politics long conflicts congressman drug lord collide pablo enemies executed united states activates war medellin cartel,2012,TV-14,44,"['crime', 'drama', 'thriller', 'history']",['CO'],1.0,tt2187850,8.4,5019.0,337.869,7.6,-0.872,0.0
tm1001108,Biggie : I Got Story Tell,MOVIE,christopher wallace aka notorious big remains one hiphops icons renowned distinctive flow autobiographical lyrics documentary celebrates life via rare behindthescenes footage testimonies closest friends family,2021,R,97,"['documentation', 'music']",['US'],0.0,tt14058484,6.8,5028.0,8.292,7.2,0.5994,0.0
ts37143,Alone,SHOW,hardcore survivalists put vancouver island wilderness without camera crews teams producers single mission stay alive long possible,2015,TV-MA,51,"['reality', 'documentation']",['US'],9.0,tt4803766,8.4,5037.0,26.93,7.0,0.3818,-0.25
tm10811,Heavy,MOVIE,victor cook works greasy barrestaurant owned mother dolly two waitress named delores heavy drinking regular leo things change callie beautiful college dropout shows new waitress steals victors heart victor shy anything selfconsciously overweight dream winning callie away,1995,R,105,"['drama', 'romance']",['US'],0.0,tt0113280,6.8,5047.0,3.308,6.8,0.3612,0.0
tm411503,Candy Jar,MOVIE,dueling high school debate champs odds everything forge ahead ambitious plans get colleges dreams,2018,PG-13,92,['comedy'],['US'],0.0,tt6744044,5.8,5048.0,11.51,6.2,0.8225,0.0
tm183805,Ghanchakkar,MOVIE,safe cracker claims lost memory two criminals come calling cut bank heist loot,2013,PG,137,"['thriller', 'comedy', 'crime']",['IN'],0.0,tt2246724,5.8,5052.0,4.012,5.5,-0.6369,0.0
ts226392,Sexify,SHOW,build innovative sex app win tech competition sexually inexperienced student friends must explore daunting world intimacy,2021,TV-MA,44,"['comedy', 'drama']",['PL'],1.0,tt14315542,6.5,5052.0,11.407,7.6,0.8689,0.0
tm203056,Husband Factor,MOVIE,traditional turkish woman tries find love forced family members get married,2015,PG-13,108,"['comedy', 'romance', 'drama', 'fantasy']",['TR'],0.0,tt4899096,6.2,5092.0,4.497,5.8,0.296,0.0
tm271070,The Warriors Gate,MOVIE,mysterious chest opens gateway time teen gamer jack transported ancient empire terrorized cruel barbarian king jack need gaming skills battles defeat barbarian protect beautiful princess somehow find way back home,2016,PG-13,108,"['action', 'family', 'fantasy', 'comedy', 'european']","['CN', 'FR', 'CA']",0.0,tt4652532,5.4,5098.0,15.133,6.7,-0.7906,0.0
ts223192,Hospital Playlist,SHOW,hospital playlist tells story five doctors friends since entered medical school 1999,2020,TV-14,93,"['drama', 'comedy']",['KR'],2.0,tt11769304,8.8,5099.0,27.612,8.983,0.4767,0.0
ts21715,Thomas & Friends,SHOW,thomas friends british childrens television series first broadcast itv network 4 september 1984 based railway series books reverend wilbert awdry son christopher awdry books deal adventures group anthropomorphised locomotives road vehicles live fictional island sodor books based stories wilbert told entertain son christopher recovery measles series one four many stories based events awdrys personal experience,1984,TV-Y,10,"['animation', 'family', 'comedy', 'fantasy', 'drama', 'action', 'music']",['GB'],24.0,tt0086815,6.5,5104.0,42.196,6.5,0.7783,0.4767
tm177044,Naruto Shippuden Movie : Blood Prison,MOVIE,capture attempted assassination raikage leader kumogakure well killing jnin kirigakure iwagakure naruto imprisoned hzukijou criminal containment facility known blood prison mui castle master uses ultimate imprisonment technique steal power prisoners naruto notices life targeted thus begins battle uncover truth behind mysterious murders prove narutos innocence,2011,PG-13,108,"['action', 'comedy', 'horror', 'thriller', 'animation', 'fantasy']",['JP'],0.0,tt1999167,7.1,5104.0,184.852,7.2,-0.9779,-0.5106
ts91039,The Chef Show,SHOW,writer director food enthusiast jon favreau chef roy choi explore food kitchen accomplished chefs celebrity friends,2019,TV-MA,31,['documentation'],['US'],2.0,tt10359446,8.2,5107.0,7.305,7.8,0.8176,0.0
tm101684,Romantik Komedi,MOVIE,esra didem zeynep ok yakn arkada olmalarna ramen birbirinden farkl hayatlar srdren farkl karakterlere sahip kiidir sessiz sakin olan esra deli dolu olan didem dominant karaktere sahip olan zeynep bu arkadatan istikrarl olarak ilikisini srdrebilmi olan zeynepin dn hem esrann hem de didemin hayatnda deiik sprizlere neden olacaktr istemedii bir ite yllardr alan esra bir cesaret rnei gstererek hayatn deitirmeye karar verir bunun iin ilk adm atar iinden istifa eder kt giden ilikisini sona erdirir uzun aramalarndan sonra zar zor bulduu reklam ajansna almaya balayana esray bir srpriz bekliyordur,2010,G,95,"['comedy', 'romance']",['TR'],0.0,tt1587263,5.3,5111.0,4.254,4.7,0.296,0.0
tm857051,Forensic,MOVIE,forensic analyst investigation officer chase hunt gruesome serial killer crack one famous cold cases history departments,2020,PG-13,134,"['crime', 'thriller']",['IN'],0.0,tt10187680,6.8,5124.0,5.848,6.6,-0.6486,0.0
ts42038,No Tomorrow,SHOW,riskaverse straightarrowed female procurement manager amazonlike distribution center falls love freespirited man lives life fullest believes apocalypse imminent embark quest together fulfill individual bucket lists comedic poignant results,2016,TV-14,47,"['comedy', 'drama', 'romance', 'thriller']",['US'],1.0,tt10936232,7.1,5137.0,7.687,6.3,0.8689,-0.296
tm328443,Illang : The Wolf Brigade,MOVIE,2029 elite police squad illang combats terrorist group opposing reunification two koreas another enemy may lurking nearby,2018,R,139,"['action', 'thriller', 'drama', 'scifi']",['KR'],0.0,tt3967878,5.9,5138.0,17.354,6.4,-0.8885,0.0
tm69997,Richard Pryor : Live Concert,MOVIE,richard pryor delivers monologues race sex family favorite targethimself live terrace theatre long beach california,1979,R,78,"['comedy', 'documentation']",['US'],0.0,tt0079807,8.1,5141.0,4.718,7.5,0.4588,0.0
ts271437,Money Heist ( Korean Remake ),SHOW,story genius strategists robbers different personalities abilities set korean peninsula confronting extraordinary variables carrying unprecedented hostage robbery,2022,TV-MA,70,"['action', 'drama', 'thriller', 'crime']",['KR'],1.0,tt13696452,5.2,5142.0,904.326,7.998,0.1027,0.0
ts287328,Yasuke,SHOW,wartorn feudal japan filled mechs magic greatest ronin never known yasuke struggles maintain peaceful existence past life violence local village becomes center social upheaval warring daimyo yasuke must take sword transport mysterious child target dark forces bloodthirsty warlords,2021,TV-MA,29,"['drama', 'action', 'scifi', 'animation', 'fantasy', 'thriller']",['US'],1.0,tt9310330,6.2,5150.0,8.838,7.81,0.1803,0.0
tm152724,Kurbaan,MOVIE,handsome young indian couple saif ali khan kareena kapoor moves suburbs claim stake american dream shocked discover theyve become enmeshed secretive terrorist plot tensions escalate bride begins wonder husband told everything knows,2009,R,161,"['thriller', 'action', 'drama', 'crime', 'romance', 'sport']",['IN'],0.0,tt1185442,5.7,5162.0,4.865,4.7,-0.6705,0.0
ts38764,Marseille,SHOW,longtime mayor marseille preparing hand reins protg sudden ruthless battle erupts control city,2016,TV-MA,42,"['drama', 'european']",['FR'],2.0,tt4003966,6.8,5163.0,8.888,6.6,0.1531,0.0
ts12701,Code Lyoko,SHOW,code lyoko centers four children travel virtual world lyoko battle sentient artificial intelligence named xana virtual human called aelita,2003,TV-G,24,"['action', 'animation', 'comedy', 'thriller', 'scifi', 'family', 'romance', 'fantasy']",['FR'],5.0,tt0417311,7.3,5165.0,9.597,7.7,0.128,0.0
tm167342,Satyagraha,MOVIE,satyagraha story son yearns father father grieves lost son young woman fights hard life forgotten love ambitious rabblerouser action kneejerk mantra story four discover one another come together raise hell shaking powers roots satyagraha also story influential powerhungry despot stop nothing destroy,2013,PG,152,"['drama', 'documentation']",['IN'],0.0,tt2275802,5.9,5171.0,2.663,6.2,-0.5927,0.0
tm347850,SPF-18,MOVIE,18yearold penny cooper spent years pining johnny sanders jr mysterious musician shows beach penny torn,2017,PG-13,75,"['romance', 'drama', 'sport']",['US'],0.0,tt7296862,3.2,5173.0,8.86,4.4,-0.25,0.0
ts116814,The Twelve,SHOW,twelve ordinary people called jury duty murder case traumatizing controversial woman stands trial killing blood,2019,TV-MA,48,"['thriller', 'drama']",['BE'],1.0,tt19354884,7.4,5174.0,9.883,7.0,-0.9349,0.0
ts256310,Pacific Rim : The Black,SHOW,kaiju ravage australia two siblings pilot jaeger search parents encountering new creatures seedy characters chance allies,2021,TV-14,24,"['scifi', 'animation', 'action']",['US'],2.0,tt9288848,7.0,5175.0,50.254,8.333,0.25,0.0
tm437608,Adam Sandler : 100 % Fresh,MOVIE,adam sandler takes comical musical musings back road comedy clubs concert halls one unsuspecting subway station,2018,R,73,"['comedy', 'music']",['US'],0.0,tt9036126,7.5,5178.0,12.969,7.3,0.3612,0.3182
tm360945,Soorma,MOVIE,soorma comeback story hockey legend sandeep singh biopic chronicles life times famed hockey player,2018,PG-13,131,"['drama', 'sport']",['IN'],0.0,tt7690638,7.3,5183.0,2.446,7.5,0.0,0.0
ts221363,Criminal : Germany,SHOW,interview room detectives go headtohead suspects try get trutheven means breaking rules risking,2019,TV-MA,44,"['drama', 'crime']",['DE'],1.0,tt10986056,7.6,5209.0,6.928,7.1,-0.5719,-0.5267
tm306631,Trevor Noah : Afraid Dark,MOVIE,trevor noah stars first netflix special,2017,PG-13,68,['comedy'],['US'],0.0,tt6562866,7.2,5213.0,4.794,7.1,0.4019,0.0
ts42119,Greenleaf,SHOW,unscrupulous world greenleaf family sprawling memphis megachurch scandalous secrets lies numerous faithful born church greenleaf family love care beneath surface lies den iniquitygreed adultery sibling rivalry conflicting valuesthat threatens tear apart core faith holds together,2016,TV-MA,42,['drama'],['US'],5.0,tt4971144,7.3,5227.0,18.424,7.4,-0.0516,0.0
ts288087,Sophie : A Murder West Cork,SHOW,shocking murder rural ireland sets increasingly convoluted quest justice spans decades cuts across national borders,2021,TV-14,55,"['documentation', 'crime', 'thriller', 'history']",['GB'],1.0,tt14681732,6.8,5234.0,6.016,6.5,-0.7351,-0.6908
ts25765,Vampire Knight,SHOW,yuki cross along best friend zero attempts keep peace humans vampires cross academy personal issues soon threaten situation,2008,TV-14,25,"['animation', 'drama', 'action', 'scifi', 'thriller', 'fantasy', 'horror', 'romance']",['JP'],2.0,tt1209393,7.3,5245.0,17.547,8.4,0.8519,0.0
ts161737,Dare Me,SHOW,lives several cheerleaders changed forever shocking crime rocks quiet suburban world,2019,TV-MA,43,"['thriller', 'crime', 'drama', 'reality']",['US'],1.0,tt2983222,6.6,5254.0,15.001,7.9,-0.6124,0.0
ts192196,Q-Force,SHOW,handsome secret agent team lgbtq superspies embark extraordinary adventures,2021,TV-MA,27,"['animation', 'action', 'comedy', 'crime', 'fantasy', 'scifi']",['US'],1.0,tt10140028,6.3,5294.0,10.637,7.2,0.6808,0.0
ts55231,Abstract : The Art Design,SHOW,step inside minds innovative designers variety disciplines learn design impacts every aspect life,2017,TV-14,45,['documentation'],['US'],2.0,tt6333098,8.4,5306.0,12.42,8.0,0.4404,0.0
ts236747,Middleditch & Schwartz,SHOW,comedy duo thomas middleditch ben schwartz turn small ideas epically funny stories series completely improvised comedy specials,2020,TV-MA,51,['comedy'],['US'],1.0,tt12027034,8.6,5310.0,2.329,8.0,0.7845,0.0
ts83455,Wanderlust,SHOW,therapist tries save marriage cycling accident causes reassess relationship,2018,TV-MA,57,['drama'],[],1.0,tt7608238,7.0,5312.0,5.968,6.5,0.0258,0.0
ts219561,"The Mind , Explained",SHOW,ever wonder whats happening inside head dreaming anxiety disorders discover brain works illuminating series,2019,TV-14,22,['documentation'],['US'],2.0,tt10810430,8.0,5312.0,9.751,7.8,-0.1779,0.0
ts75477,The Confession Tapes,SHOW,true crime documentary series investigates cases people convicted murder claim confessions coerced involuntary false,2017,TV-MA,45,"['documentation', 'crime']",['US'],2.0,tt15149776,7.5,5358.0,3.917,7.4,-0.836,0.0
tm885775,Unbreakable Kimmy Schmidt : Kimmy vs. Reverend,MOVIE,kimmys famous author shes marry prince first foil reverends evil plot move kimmy next,2020,PG-13,80,"['comedy', 'scifi', 'romance']",['US'],0.0,tt10324166,6.9,5376.0,8.317,6.4,-0.6597,0.0
ts84930,The Hook Up Plan,SHOW,misguided attempt build perpetually single elsas confidence friends hire male escort comedy series set paris,2018,TV-14,27,"['comedy', 'romance']",['FR'],3.0,tt9170638,7.1,5386.0,11.69,7.7,0.836,0.0
tm178513,Bombay Talkies,MOVIE,one hundred years hindi cinema celebrated four short stories showcasing power film,2013,PG-13,127,"['drama', 'romance']",['IN'],0.0,tt2797242,6.6,5402.0,4.389,6.5,0.5719,0.0
tm245148,Jim Jefferies : Freedumb,MOVIE,returning second netflix comedy special jim jefferies unleashes famously ferocious black humor packed house nashville tennessee,2016,R,86,"['comedy', 'documentation']",['US'],0.0,tt5849950,7.7,5420.0,4.802,7.3,0.7096,0.0
tm448122,Taylor Swift : Reputation Stadium Tour,MOVIE,taylor swift takes stage dallas reputation stadium tour celebrates monumental night music memories visual magic,2018,PG-13,125,"['music', 'documentation']",['US'],0.0,tt9426852,8.3,5435.0,14.519,8.2,0.6705,0.2023
ts20108,Henry Danger,SHOW,13yearold henry hart lands job danger sidekickintraining superhero captain man must learn navigate double life balancing challenges 8th grade crazy adventures reallife crime fighter,2014,TV-G,24,"['comedy', 'family', 'action', 'scifi', 'thriller', 'drama']",['US'],5.0,tt3596174,5.6,5450.0,103.628,8.3,-0.7184,-0.5267
tm315424,An Evening Beverly Luff Linn,MOVIE,lulu dangers unsatisfying marriage takes turn worse mysterious man past comes town perform event called evening beverly luff linn one magical night,2018,R,108,"['crime', 'comedy']","['GB', 'US']",0.0,tt6520524,5.8,5457.0,5.109,5.8,-0.743,0.0
tm149914,Jim Jefferies : Bare,MOVIE,smart crude inyourface australian comicactorequalopportunityoffender jim jefferies faint heart whether lampooning gun control auditioning disabled actors oversharing sexual experiences fxx legit star proves nothing bounds even less limits filmed boston run recent stand tour,2014,R,76,['comedy'],['US'],0.0,tt3958494,8.0,5461.0,6.947,7.5,-0.5267,0.0
ts286731,Komi Ca n't Communicate,SHOW,high school full unique characters tadano helps shy unsociable classmate komi reach goal making friends 100 people,2021,TV-14,24,"['drama', 'animation', 'comedy', 'romance']",['JP'],2.0,tt14626352,7.8,5462.0,132.754,8.253,0.5859,0.0
tm44615,Ferrari Ki Sawaari,MOVIE,little boy thinks nothing cricket father rusy thinks nothing little boy fulfill sons dream playing lords cricket ground honest upright rusy takes reckless step borrows gleaming red ferrari one hour trouble doesnt inform cars legendary owner wild breathless bumpy ride begins naive rusy must dodge bullets bouncers one unforgettable night play role perfect father ferrari ki sawaari funfilled story small guys big dreams dreams turn mad comedy errors fasten seatbelts joyride awaits,2012,G,140,"['family', 'comedy', 'drama', 'sport']",['IN'],0.0,tt2122340,6.4,5465.0,3.068,6.2,0.802,0.0
tm134235,One Piece : Strong World,MOVIE,20 years escape impel legendary pirate shiki golden lion reappears causing massive upheaval marines long seclusion able come scheme bring world government knees way execute plan shiki crosses paths straw hat pirates becomes impressed namis knowledge meteorology abducts forcedly enlist crew luffy gang end strange land populated monstrous beasts desperately search shiki nami,2009,PG-13,114,"['fantasy', 'action', 'animation']",['JP'],0.0,tt1485763,7.5,5467.0,39.946,7.5,0.1027,0.5106
tm451078,Pokemon Movie : Mewtwo Strikes Back - Evolution,MOVIE,accepting invitation mysterious trainer ash misty brock meet mewtwo artificially created pokmon wants battle,2019,PG,98,"['animation', 'action', 'fantasy', 'family']",['JP'],0.0,tt8856470,5.7,5475.0,146.188,6.7,0.25,-0.3612
ts75772,Jack Whitehall : Travels My Father,SHOW,comic jack whitehall invites stodgy unadventurous father travel odd locations events attempt strengthen bond,2017,TV-MA,48,"['reality', 'documentation', 'comedy', 'european']",['GB'],5.0,tt7453996,7.6,5482.0,5.014,7.4,0.0,0.0
tm897466,The Summit Gods,MOVIE,photojournalists obsessive quest truth first expedition mt everest leads search esteemed climber went missing,2021,PG,95,"['animation', 'thriller', 'drama', 'sport', 'history']","['LU', 'FR']",0.0,tt7014378,7.5,5485.0,8.906,7.9,0.2732,0.0
tm290831,Fun Mom Dinner,MOVIE,four women whose kids attend preschool class get together fun mom dinner night takes unexpected turn unlikely new friends realize common marriage motherhood,2017,R,81,['comedy'],['US'],0.0,tt5829040,5.3,5509.0,9.742,5.8,0.7506,0.5106
ts32218,The Thundermans,SHOW,meet thundermans typical suburban family happens astounding superpowers center action 14yearold thunderman twins share bathroom school annoying little siblings difference sister super student super sunny disposition super looks forward superhero someday twin brother super villain,2013,TV-G,24,"['action', 'scifi', 'family', 'comedy', 'drama']",['US'],4.0,tt2712516,5.6,5525.0,44.482,8.1,0.9524,0.0
ts271517,The Crew,SHOW,owner fictional nascar bobby spencer racing team steps passes team daughter catherine crew chief protect crew attempts modernize,2021,TV-14,27,['comedy'],['US'],1.0,tt10971022,6.5,5528.0,9.56,7.1,0.3818,0.0
ts91124,Love Alarm,SHOW,love alarm app tells someone within 10meter radius crush quickly becomes social phenomenon everyone talks uses test love popularity jojo one people yet download app however soon faces love triangle situation sunoh starts feelings hyeyoung huge crush,2019,TV-MA,52,"['scifi', 'drama', 'romance', 'comedy']",['KR'],2.0,tt9145880,6.8,5534.0,106.624,8.5,0.9371,0.4215
ts85170,Memories Alhambra,SHOW,looking cryptic creator innovative augmentedreality game investment firm executive meets woman runs hostel spain,2018,TV-MA,65,"['scifi', 'drama', 'action', 'thriller', 'romance']",['KR'],1.0,tt8236556,7.8,5537.0,12.047,7.9,0.4404,0.0
tm272854,Force 2,MOVIE,acp yashvardhan teams raw agent kk bring master mind terrorist shiv,2016,PG,123,"['action', 'crime', 'thriller']",['IN'],0.0,tt5156746,6.2,5550.0,5.209,6.6,-0.4939,0.0
tm405637,122,MOVIE,bloody night young man lover struggling get hospital escape survive,2019,R,95,"['horror', 'thriller']",['EG'],0.0,tt7867670,6.0,5563.0,3.717,6.0,-0.0516,0.0
ts321918,Human Resources,SHOW,lovebugs hormone monsters parade creatures juggle romance workplace drama human clients needs big mouth spinoff,2022,TV-MA,27,"['animation', 'comedy', 'romance']",['US'],1.0,tt11092142,7.2,5579.0,21.344,6.5,0.5574,0.0
ts77824,My Next Guest Needs No Introduction With David Letterman,SHOW,tv legend david letterman teams fascinating global figures indepth interviews curiosityfueled excursions monthly talk show,2018,TV-MA,50,[],['US'],4.0,tt7829834,7.8,5581.0,8.217,7.6,0.5423,-0.296
ts36547,Club de Cuervos,SHOW,patriarch prominent family dies heirs battle determine gain control beloved soccer team cuervos nuevo toledo,2015,TV-MA,46,"['drama', 'comedy']",['MX'],4.0,tt4680240,8.2,5586.0,25.34,8.4,0.7506,0.0
tm97982,Do Dooni Chaar,MOVIE,middleclass father india struggles series unexpected events upholding respect smiles,2010,PG,146,"['drama', 'crime', 'comedy']",['IN'],0.0,tt1714832,7.5,5594.0,1.559,6.4,0.5719,0.0
tm157085,Effie Gray,MOVIE,look mysterious relationship victorian art critic john ruskin teenage bride effie gray,2014,PG-13,104,"['drama', 'romance']",['GB'],0.0,tt1605798,6.0,5596.0,6.142,5.9,-0.2732,0.0
ts225718,La Révolution,SHOW,1787 france investigating series mysterious murders joseph guillotin future inventor world famous guillotine uncovers unknown virus blue blood disease quickly spreads amongst french aristocracy driving murder ordinary people soon leads rebellion,2020,TV-MA,46,"['drama', 'thriller', 'action', 'fantasy']",['FR'],1.0,tt13044528,6.6,5598.0,8.472,6.9,-0.8807,0.0
ts215012,Kipo Age Wonderbeasts,SHOW,girl explores possibilities postapocalyptic world,2020,TV-Y7,23,"['comedy', 'family', 'fantasy', 'scifi', 'animation', 'action']",['US'],3.0,tt10482560,8.3,5618.0,24.191,8.4,0.0,0.0
ts223450,Move Heaven,SHOW,finding life thats left behind trauma cleaner aspergers excon uncle deliver untold stories departed loved ones,2021,TV-MA,52,['drama'],['KR'],1.0,tt11052470,8.6,5634.0,15.536,7.8,0.4215,0.5106
tm27484,Kismat Konnection,MOVIE,raj malhotra luckless architect seeks success vain bumps social activist named priya raj finds priya lucky charm unfortunately protecting community center aims win contract demolishing brand new shopping mall,2008,G,153,"['romance', 'drama', 'comedy']",['IN'],0.0,tt1105733,5.3,5637.0,4.743,4.9,0.7579,0.0
ts232506,50M2,SHOW,betrayed boss hitman hides vacant tailor shop hes mistaken late owners son identity decides embrace,2021,TV-MA,49,"['comedy', 'drama', 'thriller', 'crime']",['TR'],1.0,tt11617848,6.9,5645.0,7.607,7.5,-0.7096,0.0
ts41289,Flowers,SHOW,dark comedy eccentric members flowers family maurice deborah barely together yet divorce live maurices batty mother maladjusted twin children,2016,TV-14,25,"['comedy', 'drama', 'european']",['GB'],2.0,tt5619658,8.1,5650.0,4.476,7.4,0.3612,0.0
ts77525,The Toys That Made Us,SHOW,minds behind historys iconic toy franchises discuss rise sometimes fall billiondollar creations,2017,TV-14,45,"['documentation', 'comedy', 'history']",['US'],3.0,tt7053920,8.0,5651.0,5.924,7.7,0.3818,0.0
tm1088320,Father Christmas Is Back,MOVIE,four sisters caroline joanna paulina vicky reunite christmas holiday yorkshire mansion however estranged father james joins first time since left family behind decades prior group attempts get holiday despite comedic misunderstandings also uncovering longburied secret tore family apart many years ago,2021,PG-13,104,['comedy'],['GB'],0.0,tt13103340,4.5,5658.0,30.921,4.7,0.484,0.0
tm425698,The Wedding Guest,MOVIE,jay man secret travels britain pakistan attend weddingarmed duct tape shotgun plan kidnap bridetobe jay hostage end run across border railway stations back alleys black markets new delhi,2019,R,96,['thriller'],"['IN', 'GB']",0.0,tt7645780,5.8,5678.0,6.608,5.7,0.0,0.0
tm106625,"LSD : Love , Sex aur Dhokha",MOVIE,video camcorder store security camera concealed cameras candidly expose lives three loosely linked tales,2010,PG-13,108,"['drama', 'comedy', 'crime', 'romance']",['IN'],0.0,tt1608777,7.2,5684.0,3.126,6.1,0.2023,0.6369
ts236501,Valeria,SHOW,writer creative marital crisis finds refuge support three best friends based novels elisabet benavent,2020,TV-MA,41,"['comedy', 'drama', 'romance']",['ES'],2.0,tt9731288,6.5,5701.0,24.53,7.5,0.8316,0.0
tm227044,Shaandaar,MOVIE,jagjinder joginder wedding planner brings together dysfunctional family businessman bipin arora making arrangements bipins daughters destination wedding london,2015,PG-13,144,"['comedy', 'romance', 'drama']",['IN'],0.0,tt4007558,3.6,5723.0,3.961,4.9,0.0,0.0
tm1129394,The Princess Switch 3 : Romancing Star,MOVIE,priceless relic stolen identical royals queen margaret princess stacy enlist help sketchy lookalike cousin fiona pembroke retrieve,2021,PG,106,"['comedy', 'romance', 'drama', 'family']",['US'],0.0,tt14731142,5.5,5728.0,39.432,6.9,-0.128,0.4588
ts81885,The Good Cop,SHOW,honest cop tony jr gets advice unscrupulous father retired nypd officer tony sr everything job love life,2018,TV-PG,46,"['drama', 'comedy', 'crime', 'documentation']",['US'],1.0,tt7183074,6.9,5732.0,8.714,6.4,0.8176,0.4404
ts76382,Carmen Sandiego,SHOW,master thief uses skills good carmen sandiego travels world foiling viles evil plans help savvy sidekicks,2019,TV-Y7,25,"['animation', 'action', 'thriller', 'family']",['US'],4.0,tt7042146,7.9,5744.0,16.916,8.1,-0.4939,0.0
ts302363,Twenty Five Twenty One,SHOW,dreams two young people crushed overwhelming financial crisis 1990s reunite ages 25 21 spirited pair finds friendship affection times adversity venture adulthood together,2022,TV-14,76,"['drama', 'romance']",['KR'],1.0,tt17513352,8.7,5746.0,57.97,8.6,0.1531,0.0
tm362072,Monster,MOVIE,story steve harmon 17yearold honor student whose world comes crashing around charged felony murder,2021,R,98,"['drama', 'crime']","['CA', 'US']",0.0,tt2850272,6.5,5770.0,14.441,6.5,-0.7783,0.0
tm1037704,Resort Love,MOVIE,aspiring pop star erica ends entertainment exfiancs wedding reluctantly taking gig luxurious island resort wake music career meltdown,2021,PG,101,"['romance', 'comedy']",['US'],0.0,tt12929990,5.7,5771.0,42.837,7.3,0.34,0.6369
ts41948,Hip Hop Evolution,SHOW,hiphop today global culture changed music dance fashion language even politics worldwide cultural movement begin trace hiphop back humble beginnings kids bronx crammed house parties rec rooms public parks hear music like theyd never heard,2016,TV-MA,45,"['documentation', 'music']",['CA'],4.0,tt4130418,8.4,5772.0,4.48,7.8,0.6369,0.0
ts343432,Yakamoz S-245,SHOW,disaster strikes earth marine biologist research mission submarine must fight advance process conspiracy,2022,TV-MA,48,"['scifi', 'drama', 'action', 'thriller']",['TR'],1.0,tt13317454,6.1,5789.0,13.009,7.2,-0.9118,0.0
ts79026,The Innocents,SHOW,teenage couple runs away together extraordinary gift possess unleashes powerful forces intent dividing forever,2018,TV-MA,46,"['scifi', 'drama', 'horror', 'romance', 'thriller']",['GB'],2.0,tt8021824,6.2,5804.0,20.691,6.1,0.6908,0.2732
tm922532,Freaks – You 're One Us,MOVIE,chance encounter mysterious character wendy young working class mother discovers super powers,2020,NC-17,93,"['fantasy', 'thriller', 'drama', 'action', 'scifi']",['DE'],0.0,tt12875782,5.4,5809.0,11.865,5.7,0.7096,-0.1027
tm511940,Lying Stealing,MOVIE,ivan steals art greek wants meets actress two jobs problems helps,2019,R,100,"['crime', 'drama', 'comedy']",['US'],0.0,tt7558302,5.4,5818.0,20.588,6.0,-0.5267,-0.7964
ts222988,Love Spectrum,SHOW,seven singles take first steps world dating uplifting fourpart documentary follows young adults autism spectrum explore unpredictable world love relationships,2019,TV-14,42,"['reality', 'romance', 'documentation']",['AU'],2.0,tt11904786,8.6,5846.0,5.852,7.9,0.6369,0.6369
tm1079334,"Bob Ross : Happy Accidents , Betrayal & Greed",MOVIE,bob ross brought joy millions worlds famous art instructor battle business empire cast shadow happy trees,2021,PG-13,92,['documentation'],"['US', 'NL']",0.0,tt14539744,6.9,5856.0,6.605,6.8,0.7096,-0.6249
ts90023,AlRawabi School Girls,SHOW,bullied outcasts prestigious al rawabi school girls plot series risky takedowns get back tormentors,2021,TV-14,48,['drama'],['JO'],2.0,tt10183912,7.3,5863.0,12.219,7.4,-0.7096,0.0
tm915043,The F * * k-It List,MOVIE,prank blows studious high school seniors life shares list certain things wishes hed done differently maybe still,2020,R,103,['comedy'],['US'],0.0,tt8145202,5.1,5866.0,12.194,6.2,0.5994,0.0
tm200454,Ok Kanmani,MOVIE,adhi tara livein relationship unwilling get married realize marriage natural progression relationship,2015,PG,139,"['romance', 'drama']",['IN'],0.0,tt4271820,7.4,5877.0,4.318,6.8,0.3612,0.296
tm64817,Jerry Seinfeld : I 'm Telling You Last Time,MOVIE,taped hbo august 1998 final date jerry seinfelds tour appearances new york citys broadhurst theater im telling last time presents standup comedians socalled final standup least final tour standup material made famous,1998,G,75,"['comedy', 'documentation']",['US'],0.0,tt0500140,7.9,5879.0,5.822,7.6,0.296,0.0
ts52922,Leah Remini : Scientology Aftermath,SHOW,leah remini along high level former scientology executives church members explores individual accounts exchurch members families meetings interviews leah episode features stories former members whose lives affected churchs harmful practices even well left organization,2016,TV-14,46,"['documentation', 'history']",['US'],3.0,tt6244192,9.0,5890.0,6.44,8.2,0.128,0.0
ts107724,The Defeated,SHOW,max mclaughlin american cop arrives berlin summer 1946 help create police force chaotic aftermath war,2020,TV-MA,55,"['history', 'thriller', 'drama']",['DE'],1.0,tt8879894,7.0,5902.0,7.002,6.846,-0.5106,-0.4767
ts42655,Wanted,SHOW,two complete strangers lola chelsea intervene fatal carjacking waiting suburban bus stop subsequently thrust chase authorities across australia vehicle filled cash strangers must rely solely run,2016,TV-14,45,"['crime', 'drama', 'action']",['AU'],3.0,tt5193358,7.6,5920.0,12.755,7.2,-0.6908,0.0
ts86169,The Innocent Man,SHOW,story gained national attention john grishams bestselling nonfiction book innocent man murder injustice small town sixpart documentary series innocent man focuses two murders shook small town ada oklahoma 1980s controversial chain events followed,2018,TV-MA,47,"['documentation', 'crime']",['US'],1.0,tt0914376,7.3,5950.0,6.592,7.0,-0.8481,0.34
ts55491,Somewhere Between,SHOW,laura price local news producer san francisco helping police hunt serial killer killer strikes close home twist fate allows groundhog daytype reset laura relives week prior string murders change fate stop killer,2017,TV-14,42,"['drama', 'thriller', 'scifi']",['US'],1.0,tt6467294,6.2,5957.0,14.04,6.5,-0.9657,0.0
tm363329,Christmas Wedding Planner,MOVIE,wedding planner kelsey wilson big break planning beloved cousins lavish exclusive wedding everything going smoothly connor mcclane devilishly handsome private investigator shows turns kelseys world upsidedown hired secret source connor quickly disrupts upcoming nuptials wins kelseys heart process,2017,PG,86,['romance'],['CA'],0.0,tt7074092,4.3,5978.0,11.745,5.5,0.8442,0.0
ts268560,The Uncanny Counter,SHOW,group supernatural demon hunters known counters unique abilities disguise employees noodle restaurant tracking evil spirits terrorize mortal world,2020,TV-14,64,"['drama', 'thriller', 'action', 'fantasy', 'horror']",['KR'],1.0,tt13273826,8.1,6033.0,28.255,8.8,-0.8658,0.0
tm943774,The Old Ways,MOVIE,cristina journalist mexican origin travels ancestral home veracruz investigate story sorcery healing kidnapped group locals claim shes devil incarnated,2020,R,90,"['fantasy', 'horror', 'thriller', 'drama']",['US'],0.0,tt12829958,5.4,6035.0,9.583,7.2,-0.6597,0.0
tm41525,Herod 's Law,MOVIE,mexico 1949 fable janitor turned mayor little town lost mexican desert gradually realizes far new acquainted power corruption get,1999,R,123,"['comedy', 'crime', 'thriller']",['MX'],0.0,tt0221344,7.8,6035.0,10.506,7.9,-0.2551,0.0
ts82189,BAKI,SHOW,martial arts champion baki hanma trains hard surpass legendary father five violent death row inmates descend upon tokyo take,2018,TV-MA,24,"['drama', 'animation', 'action', 'crime', 'sport']",['JP'],3.0,tt6357658,6.7,6041.0,207.49,8.1,-0.6486,0.0
ts78298,My Mister,SHOW,world less kind young woman middleaged man develop sense kinship find warmth comfort one another,2018,TV-14,70,"['drama', 'family']",['KR'],1.0,tt7923710,9.1,6043.0,13.025,8.9,0.8228,0.0
tm352774,Voyeur,MOVIE,journalism icon gay talese reports gerald foos colorado motel owner allegedly secretly watched guests aid specially designed ceiling vents peering observation platform built motels attic,2017,R,95,"['documentation', 'crime', 'drama']",['US'],0.0,tt3465276,6.1,6097.0,9.593,6.0,0.0,0.0
tm432022,Violet Evergarden : The Movie,MOVIE,world moves war technological advances bring changes life violet still hopes see lost commanding officer,2020,PG,140,"['fantasy', 'animation', 'drama', 'romance']",['JP'],0.0,tt8652818,8.3,6099.0,19.795,8.5,-0.5267,0.0
ts20336,Velvet,SHOW,1950s spain heir fashion house romances beautiful seamstress works company despite objections family,2014,TV-14,57,"['drama', 'romance', 'thriller', 'action', 'crime', 'european']",['ES'],4.0,tt2955402,8.1,6115.0,37.631,6.1,0.7351,0.0
ts104449,The Liberator,SHOW,true story one bloodiest battles world war ii,2020,TV-MA,49,"['action', 'drama', 'war', 'animation']",['US'],1.0,tt9308682,7.5,6128.0,19.173,7.1,-0.5719,0.0
ts75286,Greenhouse Academy,SHOW,teen siblings hayley alex enter elite boarding school find rivalry romance mystery related recent loss mom,2017,TV-PG,23,['drama'],['US'],4.0,tt6076336,6.6,6133.0,16.244,8.1,0.3182,0.0
ts311987,Bad Vegan : Fame . Fraud . Fugitives .,SHOW,marrying mysterious man claimed could make dog immortal celebrated vegan restaurateur finds life veering rails,2022,TV-MA,52,"['documentation', 'crime']",['US'],1.0,tt18260538,5.8,6134.0,3.403,5.3,0.6908,-0.6597
ts216493,The Naked Director,SHOW,follows story toru muranishis unusual dramatic life filled big ambitions well spectacular setbacks attempt turn japans porn industry head,2019,TV-MA,50,"['drama', 'comedy']",['JP'],2.0,tt10477528,7.7,6147.0,252.688,7.5,0.2732,0.0
ts85659,3Below : Tales Arcadia,SHOW,crashlanding earth two royal teen aliens run struggle blend humans evade intergalactic bounty hunters,2018,TV-Y7,22,"['scifi', 'action', 'comedy', 'family', 'fantasy', 'animation']",['US'],2.0,tt7736544,7.7,6158.0,27.194,7.7,-0.3182,0.0
ts21368,Black Money Love,SHOW,mer police officer death fiance suffers great pain body sibel mers fiance found top cliff car next fairly old rich business man shock sudden death accusations love cheating mer realizes behind suspicious murder,2014,TV-MA,76,"['action', 'drama', 'romance', 'crime']",['TR'],2.0,tt3565486,7.4,6167.0,24.363,8.2,-0.9451,0.6369
ts52821,Watership Down,SHOW,fleeing doomed warren group rabbits struggle find defend new home,2018,TV-PG,50,"['animation', 'family', 'fantasy', 'action', 'drama']",['GB'],1.0,tt5670764,7.2,6175.0,10.0,6.9,-0.7579,0.0
tm924991,Death Me,MOVIE,couple holiday remote south pacific island awaken one morning hang recollection transpired playing back video previous night see participated local ritual somehow ends murdering,2020,R,95,"['horror', 'thriller']","['US', 'TH']",0.0,tt1830643,4.4,6176.0,36.207,5.0,-0.2023,-0.5994
ts215683,The Untamed,SHOW,land dominated mighty wen clan young man named wei wuxian strikes unconventional friendship justiceloving lan wangji duo unexpectedly stumbles across evidence implicating wen clans chief plot bring mayhem inhabitants land wei wuxian lan wangji decide intervene however pairs attempts foil wen clan bosss wicked plans go wrong confusion follows wei wuxian disappears many fearing worst sixteen years later wei wuxian returns blue soon reunited lan wangji spate mysterious murders broken duo joins forces investigate determined fail time pair get bottom intrigue solve murder cases dastardly secret figure pulling strings behind evildoings blighting land,2019,TV-14,44,"['action', 'drama', 'thriller', 'romance', 'comedy', 'fantasy', 'horror']",['CN'],1.0,tt10554898,8.8,6181.0,30.895,8.5,-0.9873,0.0
ts41883,The K2,SHOW,patriotic bodyguard abandoned country colleagues hidden daughter leading presidential candidate regards love tool revenge first lady contender hides ambition charisma behind kind friendly personality,2016,TV-14,65,"['action', 'drama', 'war', 'romance', 'thriller']",['KR'],1.0,tt5966882,7.8,6194.0,27.411,7.4,0.6369,0.0
ts80523,Aggretsuko,SHOW,frustrated thankless office job retsuko red panda copes daily struggles belting death metal karaoke work,2018,TV-14,17,"['animation', 'comedy', 'romance', 'drama', 'music']",['JP'],4.0,tt8019444,8.0,6195.0,13.244,7.2,-0.8689,0.0
ts38758,Ajin,SHOW,17 years ago immortals first appeared battlefields africa later rare unknown new immortal lifeforms began appearing among humans became known ajin demihumans summer vacation japanese high school student instantly killed traffic accident way home school however revived price placed head thus begins boys life run humankind,2016,TV-MA,23,"['action', 'scifi', 'thriller', 'animation', 'horror', 'drama', 'fantasy']",['JP'],2.0,tt5537534,7.6,6199.0,17.293,8.2,-0.8176,0.0
ts79997,Something Rain,SHOW,explore relationship two people go acquaintances genuine couple yoon jin ah coffee shop supervisor 30s seo joon hee designer video game company returned working abroad,2018,TV-MA,73,"['drama', 'romance']",['KR'],1.0,tt8078816,8.1,6208.0,53.569,7.9,0.0,0.0
ts89339,Selling Sunset,SHOW,elite real estate brokers oppenheim group sell luxe life affluent buyers la drama ramps new agent joins team,2019,TV-MA,36,['reality'],['US'],5.0,tt9817298,6.4,6217.0,8.686,7.0,0.0,0.0
tm197503,Hunterrr,MOVIE,ordinary bachelor pursues girls like hunter intention settling life,2015,R,141,"['romance', 'drama', 'comedy']",['IN'],0.0,tt4333674,7.0,6262.0,2.332,6.2,0.3612,0.0
ts223981,Cheer,SHOW,stakes mat high cheerleaders thing brutal workouts exceptional performances stories adversity triumph behind athletes,2020,TV-MA,56,"['documentation', 'sport', 'reality']",['US'],2.0,tt11426660,8.1,6271.0,8.36,7.4,-0.3818,0.5106
tm452826,Poms,MOVIE,woman moves retirement community starts cheerleading squad fellow residents,2019,PG-13,91,"['comedy', 'drama', 'sport']","['GB', 'US']",0.0,tt5125894,6.0,6274.0,9.696,6.6,0.296,0.0
tm372066,Fast Color,MOVIE,woman forced go run superhuman abilities discovered years abandoned family place left hide home,2019,PG-13,102,"['scifi', 'thriller', 'drama']",['US'],0.0,tt6418778,6.0,6276.0,8.954,6.0,-0.6908,0.0
ts218569,The Movies That Made Us,SHOW,unwrap real stories behind iconic christmas blockbusters thanks insider interviews behindthescenes peeks,2019,TV-PG,47,"['documentation', 'family', 'history']",['US'],3.0,tt10681222,7.6,6288.0,10.08,7.4,0.4404,0.0
ts273436,Murder Among Mormons,SHOW,highstakes exploits turn deadly shake global church core extraordinary true crime story,2021,TV-14,53,"['documentation', 'crime', 'history']",['US'],1.0,tt13987620,7.0,6309.0,6.871,7.3,-0.5859,-0.6908
ts256309,Aunty Donna 's Big Ol House Fun,SHOW,comedy trio aunty donna showcase uniquely absurd offbeat style array sketches songs eclectic characters,2020,TV-MA,20,['comedy'],['AU'],1.0,tt13316746,7.9,6318.0,4.316,7.5,0.3612,0.5106
tm1159163,Fistful Vengeance,MOVIE,revenge mission becomes fight save world ancient threat superpowered assassin kai tracks killer bangkok,2022,R,94,"['fantasy', 'action', 'crime', 'drama']",['US'],0.0,tt14158554,4.4,6341.0,211.567,5.4,-0.8885,0.0
tm890674,Becoming,MOVIE,join former first lady michelle obama intimate documentary looking life hopes connection others,2020,PG,89,['documentation'],['US'],0.0,tt12221748,6.8,6349.0,9.982,7.5,0.6124,0.0
tm1038363,America : The Motion Picture,MOVIE,chainsawwielding george washington teams beerloving bro sam adams take brits tongueincheek riff american revolution,2021,R,98,"['action', 'animation', 'war', 'comedy', 'fantasy', 'history', 'scifi']",['US'],0.0,tt6733874,5.6,6349.0,68.439,5.8,0.0,0.0
tm35652,Mumbai Meri Jaan,MOVIE,shortly 1800 hours 11 july 2006 mumbai shattered seven bomb blasts western railway stations matunga mahim khar bandra jogeshwari borivali bhayandar took police ambulance hour attend various sites incident changes lives thomas originally chennai sells tea bike rupali joshi tv news reporter deal death tobe spouse ajay kumar pradhan suresh debt starts suspect muslims especially yusuf inspector tukaram patil retire goes collecting bribes usual much chagrin embittered honest soon tobe suspended subordinate sunil kadam nikhil agarwal nationalist environmentalist debates whether relocate united states along pregnant wife sejal,2008,PG-13,119,['drama'],['IN'],0.0,tt1266583,7.7,6354.0,2.955,6.9,-0.9349,0.0
tm165809,Bluffmaster !,MOVIE,roy professional conman raised work level art true thing love simmi someone rooted honest sincere cant bring tell reality past catches forgive deceit relationship built loses forever thats aditya srivastav enters picture counterpoint everything roy frantic roy calm dumb roy smart messy untidy roy smooth one thing common aditya conman least thinks one roys book hes embarrassment one wont go away,2005,PG,137,"['drama', 'comedy', 'romance', 'thriller', 'crime']",['IN'],0.0,tt0476527,6.6,6370.0,4.763,5.8,0.4939,0.0
ts328541,The Puppet Master : Hunting Ultimate Conman,SHOW,harrowing docuseries cruel conman masquerading british spy manipulates steals victims leaving ruined families wake,2022,TV-MA,42,"['documentation', 'crime']",['GB'],1.0,tt15479704,7.0,6370.0,6.409,6.564,-0.91,0.0
ts79799,Dragons : Race Edge,SHOW,unlock secrets dragon eye come face face dragons anyone ever imagined hiccup toothless dragon riders soar edge adventure,2015,TV-Y7,22,"['scifi', 'family', 'animation', 'action', 'comedy', 'fantasy', 'drama']",['US'],6.0,tt4816058,8.2,6376.0,52.569,8.2,-0.0258,0.0
ts283639,Decoupled,SHOW,follows writer wife announce divorce party ends exposing absurd relationships world,2021,TV-MA,31,"['comedy', 'drama']",['IN'],1.0,tt14167338,8.0,6379.0,3.252,8.2,0.1531,0.0
tm207668,ABCD 2,MOVIE,childhood friends suresh vinnie want become successful dancers fulfill dreams form dance group friends compete hiphop contest las vegas,2015,PG,154,"['music', 'drama']",['IN'],0.0,tt3679000,5.4,6424.0,4.913,5.6,0.9423,0.0
tm931330,BLACKPINK : Light Up Sky,MOVIE,recordshattering korean girl band blackpink tell story detail hard fought journey dreams trials behind meteoric rise,2020,PG-13,79,"['documentation', 'music']",['US'],0.0,tt13058290,7.3,6427.0,10.809,8.4,-0.0,0.0
tm319882,Hampstead,MOVIE,emily walters american widow living peaceful uneventful existence idyllic hampstead village london meets local recluse donald horner 17 years donald livedwildly yet peacefullyin ramshackle hut near edge forest emily learns home target developers stop nothing remove saving donald property becomes personal mission despite gruff exterior polite refusals help emily drawn himas herand begins charitable cause evolves relationship grow even bulldozers close,2017,PG-13,102,"['comedy', 'romance', 'drama']",['GB'],0.0,tt5153236,6.0,6449.0,10.323,6.0,0.7506,0.0
tm845484,Dick Johnson Is Dead,MOVIE,inventive portrait director kirsten johnson seeks way keep 86yearold father alive forever utilizing moviemaking magic familys dark humor celebrates dr dick johnsons last years staging fantasies death beyond together dad daughter confront great inevitability awaiting us,2020,PG-13,89,"['documentation', 'drama']",['US'],0.0,tt11394180,7.4,6511.0,7.932,7.4,0.5574,-0.8225
ts237722,The Cuphead Show !,SHOW,follow misadventures impulsive cuphead cautious persuadable brother mugman animated series based hit video game,2022,TV-Y7,15,"['animation', 'comedy', 'family', 'fantasy', 'action']",['US'],2.0,tt10611608,7.4,6513.0,96.8,8.0,-0.1027,0.0
ts343599,Jimmy Savile : A British Horror Story,SHOW,jimmy savile one united kingdoms beloved tv personalities shortly death 2011 investigation prompted 450 horrific allegations sexual assault abuse victims young 5,2022,TV-MA,85,"['documentation', 'crime']",['GB'],1.0,tt18970454,6.7,6536.0,3.341,6.8,-0.926,-0.5719
ts84398,Little Things,SHOW,cohabiting couple 20s navigate ups downs work modernday relationships finding contemporary bengaluru,2016,TV-MA,25,"['drama', 'romance', 'comedy']",['IN'],4.0,tt6522580,8.2,6542.0,6.822,7.8,0.0,0.0
tm55369,Edge Seventeen,MOVIE,toni basil eurythmics friendship bracelets whipits summer 1984 80s 80s ever got stuck right middle eric hunter heading towards senior year passing summer working local amusement park fast food restaurant joined long time girlfriend maggie ugly brown polyester uniforms face world,1998,R,104,"['romance', 'drama', 'comedy']",['US'],0.0,tt0138414,6.8,6549.0,6.276,6.5,0.0258,0.0
ts78452,Requiem,SHOW,1994 toddler disappeared small welsh village never seen 23 years later london mother rising cello star matilda gray commits suicide without apparent reason among possessions matilda discovers tantalising evidence linking mother welsh girls disappearance years ago,2018,TV-MA,58,"['drama', 'animation', 'fantasy', 'thriller']",['GB'],1.0,tt6712390,6.4,6553.0,11.958,6.6,-0.743,0.0
ts250997,Down Earth Zac Efron,SHOW,actor zac efron journeys around world wellness expert darin olien travel show explores healthy sustainable ways live,2020,TV-PG,39,"['documentation', 'history', 'reality']",['US'],1.0,tt12585152,8.0,6586.0,17.742,7.8,0.6808,0.0
ts21544,Transformers : Prime,SHOW,roll optimus prime bumblebee arcee ratchet bulkhead rest heroic autobots battle evil decepticons big bad megatron returned mysterious dangerous element team prime must prepare epic battle,2010,TV-Y7,22,"['action', 'animation', 'comedy', 'drama', 'family', 'scifi']",['US'],4.0,tt1659175,7.9,6636.0,28.925,8.0,-0.9118,0.0
ts42257,Signal,SHOW,detectives present detective past communicate via walkietalkie solve longtime unsolved case,2016,TV-MA,71,"['crime', 'thriller', 'drama', 'fantasy', 'scifi']",['KR'],2.0,tt5332206,8.5,6659.0,9.477,8.1,0.2023,0.0
ts344184,Conversations Killer : The John Wayne Gacy Tapes,SHOW,dined powerful preyed vulnerable beneath smiling exterior horrifying darkness sadistic serial killer,2022,TV-MA,61,"['documentation', 'crime']",['US'],1.0,tt18970124,7.1,6665.0,94.08,7.4,-0.7269,-0.6486
tm327199,The Saint,MOVIE,international master thief simon templar also known saint asked desperate rich man find kidnapped daughter however addition evading authorities simon must face dangerous adversary past,2017,PG-13,92,"['crime', 'action']",['US'],0.0,tt2569088,4.9,6669.0,19.06,5.3,-0.7184,0.0
tm49839,The Players Club,MOVIE,single mother diana struggles provide child pay college education meets two dancers nearby gentlemens club dianas convinced theres fast money made stripping,1998,R,104,"['comedy', 'drama']",['US'],0.0,tt0119905,5.9,6676.0,9.25,6.3,-0.0516,0.0
tm852172,Apollo 10½ : A Space Age Childhood,MOVIE,man narrates stories life 10yearold boy 1969 houston weaving tales nostalgia fantastical account journey moon,2022,PG-13,98,"['animation', 'scifi', 'action', 'comedy', 'romance', 'family', 'horror', 'drama']","['NL', 'US']",0.0,tt7978758,7.3,6681.0,8.534,7.2,0.4588,0.0
ts22318,Winx Club,SHOW,magical universe witches warriors begin fighting name good vs evil magic school five teenage girls selected defend universe magic,2004,TV-G,23,"['animation', 'action', 'comedy', 'family', 'fantasy', 'thriller', 'european']",['IT'],8.0,tt7396266,6.2,6700.0,25.633,8.222,-0.6124,0.0
ts37660,Reply 1988,SHOW,nostalgic trip back late 1980s lives five families five teenage kids living small neighborhood seoul,2015,TV-14,92,"['comedy', 'drama', 'family', 'romance']",['KR'],1.0,tt5182866,9.2,6718.0,18.37,8.7,0.0,0.0
ts215178,Grand Army,SHOW,drama series tells story five high school students struggle sexual racial economic politics fight succeed become somebody,2020,TV-MA,52,['drama'],['US'],1.0,tt10473150,7.4,6723.0,9.697,8.0,-0.1779,0.4588
tm351171,My Travel Buddy,MOVIE,days eid salesman fired job drives meet girlfriends family trip goes astray due zany travel buddy,2017,PG-13,115,['comedy'],['TR'],0.0,tt7535792,6.1,6747.0,6.46,5.7,-0.5574,0.0
ts56481,Great News,SHOW,new jersey mom puts relationship daughter test lands internship tv station daughter works,2017,TV-PG,21,['comedy'],['US'],2.0,tt4955480,7.0,6810.0,8.665,6.5,0.0,0.6249
tm48239,Ek Main Aur Ekk Tu,MOVIE,rahul riana meet first time get drunk awake next morning find gotten legally married,2012,PG,110,"['drama', 'romance', 'comedy']",['IN'],0.0,tt1703958,5.7,6820.0,4.062,5.6,-0.25,0.0
tm943790,Summerland,MOVIE,woman second world war opens heart evacuee initially resolving rid,2020,PG,102,"['romance', 'war', 'drama']",['GB'],0.0,tt6841122,7.0,6827.0,9.77,7.6,-0.3182,0.0
tm432327,C/o Kancharapalem,MOVIE,schoolboys crush middleaged bachelors office romance four love stories spanning age religion status unfold small indian town,2018,PG,152,['drama'],['IN'],0.0,tt7391996,8.9,6842.0,2.145,7.6,0.802,0.0
ts89881,Mr. Iglesias,SHOW,hilarious high school teacher gabriel iglesias tries make difference lives smart underperforming students alma mater,2019,TV-14,29,['comedy'],['US'],3.0,tt8403536,7.1,6857.0,7.974,7.7,0.6597,0.0
tm80339,Naruto : Ninja Clash Land Snow,MOVIE,naruto thrilled sent mission protect favorite actress yukie fujikaze set new movie adventures princess gale crew ventures film icy foreboding land snow yukie mysteriously flees naruto squad set find unaware three snow ninja lie wait sinister purpose force yukie face hidden past,2004,PG-13,90,"['comedy', 'fantasy', 'animation', 'action']",['JP'],0.0,tt0476680,6.6,6866.0,50.604,7.2,0.5423,0.0
tm1080252,7 Prisoners,MOVIE,impoverished teen seeking escape clutches human trafficker must weigh living moral code struggle survive,2021,R,93,"['drama', 'crime']",['BR'],0.0,tt14168118,7.1,6877.0,95.706,7.1,-0.1531,-0.5106
ts42090,Last Chance U,SHOW,docuseries set one ncaa footballs fertile recruiting grounds guys red flags seek prove worth field class,2016,TV-MA,59,"['documentation', 'sport']",['US'],5.0,tt5863126,8.4,6897.0,14.88,7.3,0.2263,0.25
ts223986,The Circle,SHOW,players start isolated apartment online interactions means communication players use social media platform called circle,2020,TV-MA,52,['reality'],['US'],5.0,tt9581768,7.2,6901.0,7.905,7.7,-0.3182,0.0
ts252856,Challenger : The Final Flight,SHOW,engineers officials crew members families provide perspective 1986 space shuttle challenger disaster aftermath,2020,TV-14,45,"['documentation', 'history']",['US'],1.0,tt12930534,7.8,6927.0,14.707,7.1,-0.5574,0.128
tm186054,ABCD,MOVIE,capable dancer provoked evil design employer naturally prove mettle,2013,PG-13,136,"['music', 'drama']",['IN'],0.0,tt2321163,6.3,6960.0,3.347,6.1,-0.5994,0.0
tm112381,Comedian,MOVIE,look work two standup comics jerry seinfeld lesserknown newcomer detailing effort frustration behind putting together successful act career living life road,2002,R,82,"['comedy', 'documentation']",['US'],0.0,tt0328962,6.9,6985.0,4.854,6.7,0.1779,0.3818
ts86908,L.A. 's Finest,SHOW,syd burnett left complicated past behind become lapd detective paired new partner nancy mckenna working mom equally complex past syd pushed examine whether unapologetic lifestyle might masking greater personal secret two women dont agree much find common ground comes taking dangerous criminals los angeles,2019,TV-14,47,"['crime', 'drama', 'action', 'comedy', 'thriller']",['US'],2.0,tt7555294,6.1,7000.0,21.788,7.3,-0.7514,0.0
ts27680,Last Tango Halifax,SHOW,celia alan widowed seventies respective grandsons put details facebook rediscover passionate relationship started sixty years ago,2012,TV-14,58,"['drama', 'comedy', 'romance', 'european']",['GB'],5.0,tt2216156,8.3,7017.0,3.392,7.3,0.4767,0.0
ts80962,Tuca & Bertie,SHOW,freespirited toucan tuca selfdoubting song thrush bertie best friends birds guide lifes ups downs,2019,TV-MA,24,"['comedy', 'animation']",['US'],3.0,tt8036272,7.3,7023.0,18.246,7.2,0.8074,0.0
ts234817,In Cold,SHOW,exposed exrussian spy american single mom must juggle family life unique shapeshifting skills battle insidious enemy,2022,TV-MA,49,"['drama', 'scifi', 'thriller', 'action', 'crime']",['US'],1.0,tt11859542,6.2,7047.0,13.736,7.5,-0.7506,0.0
ts77474,Mr. Sunshine,SHOW,set early 1900s drama tells story young man korea grows united states returns korea us marine corps officer meets falls love noblewoman fighting korean independence romance complicated social class political ideology,2018,TV-MA,76,"['drama', 'history', 'romance', 'war', 'action']",['KR'],1.0,tt7094780,8.7,7054.0,16.097,8.516,0.8442,0.4939
ts32271,Shtisel,SHOW,akiva shulem shtisel father son sit little balcony overlooking streets geula neighborhood jerusalem year passed since mother died children left nest shulam akiva remain quarreling making laughing rest world change akiva meets elisheva,2013,TV-14,49,['drama'],['IL'],3.0,tt3069894,8.6,7062.0,14.873,8.4,-0.1027,0.0
tm174190,Undefeated,MOVIE,set backdrop high school football season dan lindsay tj martins documentary undefeated intimate chronicle three underprivileged studentathletes innercity memphis volunteer coach trying help beat odds field players coaches alike season winning games grapple unforeseeable events part football part life,2011,PG-13,113,"['documentation', 'sport']",['US'],0.0,tt1860355,7.7,7073.0,6.591,7.7,0.7269,0.0
tm467467,Homecoming : A Film Beyoncé,MOVIE,intimate indepth look beyoncs celebrated 2018 coachella performance reveals emotional road creative concept cultural movement,2019,PG-13,137,"['documentation', 'music']",['US'],0.0,tt10147546,7.5,7085.0,10.614,8.2,0.802,0.0
ts41906,The Disastrous Life Saiki K .,SHOW,gifted wide assortment supernatural abilities ranging telepathy xray vision kusuo saiki finds socalled blessing nothing curse inconveniences powers cause constantly pile kusuo aims ordinary hasslefree lifea life ignorance bliss,2016,TV-14,10,"['scifi', 'comedy', 'animation', 'fantasy']",['JP'],3.0,tt6354518,8.4,7086.0,40.266,8.4,0.882,-0.5994
tm510203,A Call Spy,MOVIE,beginning wwii britain becoming desperate churchill orders new spy agency soe recruit train women spies,2019,PG-13,123,"['crime', 'drama', 'thriller', 'war', 'history']",['US'],0.0,tt7698468,6.6,7091.0,11.78,6.8,-0.3182,0.0
tm311995,The Battleship Island,MOVIE,japanese colonial era roughly 400 korean people forced onto battleship island hashima island mine coal attempt escape,2017,PG-13,132,"['drama', 'action', 'history']",['KR'],0.0,tt5969696,7.1,7095.0,27.413,7.2,-0.34,-0.0258
tm139885,The Other Side Wind,MOVIE,surrounded fans skeptics grizzled director jj jake hannaford returns years abroad europe changed hollywood attempts make innovative comeback film film started 1970 never completed welles lifetime,2018,R,122,"['drama', 'european']","['IR', 'US', 'FR']",0.0,tt0069049,6.7,7104.0,7.453,6.7,0.5423,0.0
tm138792,Results,MOVIE,two mismatched personal trainers lives upended actions new wealthy client,2015,R,105,"['comedy', 'romance']",['US'],0.0,tt3824412,5.4,7140.0,6.672,5.0,0.3612,0.0
ts353844,Keep Sweet : Pray Obey,SHOW,interviews rare home video footage exflds members share truth isolated community events pushed leave,2022,TV-MA,49,"['crime', 'documentation']",['US'],1.0,tt20560404,7.4,7174.0,10.307,7.4,0.25,0.6486
ts82560,Dark Tourist,SHOW,definition tourism redefined new zealand filmmaker david farrier sets sights world dark tourism nuclear tourism japan pablo escobarinspired tourism columbia frontier tourism turkmenistan david visits worlds grisly offbeat destinations meeting travelers drawn people telling stories day day,2018,TV-MA,41,"['action', 'documentation']",['NZ'],1.0,tt8725166,7.5,7233.0,6.668,6.5,0.0,0.0
ts55194,Bill Nye Saves World,SHOW,bill nye explores science impact politics society pop culture episode tackles topic scientific point view dispelling myths refuting antiscientific claims may espoused politicians religious leaders titans industry,2017,TV-14,32,['comedy'],['US'],3.0,tt6026278,3.5,7233.0,8.356,3.7,0.0,0.0
tm154729,Dedh Ishqiya,MOVIE,team con men fall begum female confidante love fructify,2014,R,148,"['romance', 'thriller', 'comedy', 'drama']",['IN'],0.0,tt2675978,7.0,7236.0,2.411,6.5,0.6369,0.0
tm59590,One Piece Film : Z,MOVIE,zephyr known z rides seas one goal destroy pirates dreams becoming king pirates luffy crew encounter sea utterly defeated man arm made seastone nami robin chopper turned 10 years younger due zs minion luffy determined win even notice zs master plan could sacrifice thousands lives,2012,PG-13,108,"['action', 'animation', 'fantasy']",['JP'],0.0,tt2375379,7.8,7243.0,52.89,7.5,0.2516,0.0
ts224859,The Pharmacist,SHOW,sons tragic death louisiana pharmacist goes extremes expose rampant corruption behind opioid addiction crisis,2020,TV-MA,54,"['documentation', 'crime']",['US'],1.0,tt11600174,7.7,7261.0,3.063,8.4,-0.9118,0.0
ts42089,Haters Back Off,SHOW,delve oddball family life miranda sings incredibly confident totally untalented star rise continues fail upward power belief born famous one knows yet,2016,TV-14,29,"['comedy', 'drama', 'family', 'romance']",['US'],2.0,tt5467814,5.9,7274.0,7.102,6.4,-0.0018,-0.4939
ts272463,Colin Black & White,SHOW,life athlete colin kaepernick adoptive parents navigate challenges raising black son white family community,2021,TV-14,32,"['drama', 'sport']",['US'],1.0,tt12624928,5.5,7282.0,29.999,6.682,0.0772,0.0
ts270405,Pretend It 's City,SHOW,wander new york city streets fascinating mind wry writer humorist raconteur fran lebowitz sits martin scorsese,2021,TV-14,29,"['comedy', 'documentation']",['US'],1.0,tt13660958,8.1,7296.0,3.576,7.6,0.6908,-0.1027
ts85034,Patriot Act Hasan Minhaj,SHOW,every sunday hasan minhaj brings incisive nuanced perspective global news politics culture unique comedy series,2018,TV-MA,25,['comedy'],['US'],6.0,tt8080054,8.2,7327.0,9.203,7.3,0.3612,0.0
ts250912,Fear City : New York vs The Mafia,SHOW,new york city 1970s ruled bloody fist five mafia families group federal agents tried unthinkable taking,2020,TV-MA,52,"['crime', 'documentation']",['US'],1.0,tt12588372,7.1,7354.0,10.282,6.9,-0.4404,-0.4939
ts89747,High Seas,SHOW,two sisters discover disturbing family secrets string mysterious deaths occur luxury ship traveling spain brazil 1940s,2019,TV-MA,42,"['crime', 'drama', 'comedy']",['ES'],4.0,tt8961508,6.8,7359.0,20.911,7.0,-0.5106,0.0
tm405849,Flavors Youth,MOVIE,rigorous city life china bustling unforgiving contains everlasting memories days past three stories told three different cities follow loss youth daunting realization adulthood though reality may seem ever changing unchangeable shortlived moments ones childhood days plentiful bowl noodles beauty family trials first love endure inevitable flow time three different characters explore strength bonds warmth cherished memories within disorder present world witness quaint stories recognize comfort past attempt revive neglected flavors youth,2018,PG-13,68,"['romance', 'drama', 'animation']","['JP', 'CN']",0.0,tt8176578,6.6,7359.0,44.174,6.8,0.9169,0.0
ts328605,Midnight Pera Palace,SHOW,historic istanbul hotel journalist unexpectedly thrust past must stop plot could change fate modern turkey,2022,TV-14,44,"['thriller', 'drama', 'history']",['TR'],1.0,tt13317508,7.0,7377.0,5.849,6.9,-0.296,0.0
tm290444,Pandora,MOVIE,earthquake hits korean village housing rundown nuclear power plant man risks life save country imminent disaster,2016,R,136,"['thriller', 'drama', 'action']",['KR'],0.0,tt6302160,6.6,7416.0,27.496,7.5,-0.4588,0.0
ts250801,Dark Desire,SHOW,married alma spends fateful weekend away home ignites passion ends tragedy leads question truth close,2020,TV-MA,34,"['thriller', 'drama']",['MX'],2.0,tt12540080,6.5,7420.0,122.06,7.3,-0.0258,0.4019
tm845496,Crip Camp : A Disability Revolution,MOVIE,road woodstock early 1970s revolution blossomed ramshackle summer camp disabled teenagers transforming young lives igniting landmark movement,2020,R,107,"['documentation', 'history']",['US'],0.0,tt8923484,7.7,7428.0,10.547,7.3,0.0772,0.0
ts87008,Turn Up Charlie,SHOW,downandout dj plots rebuild music career working nanny famous best friends wild 11yearold daughter,2019,TV-MA,27,"['comedy', 'drama', 'music']",['GB'],1.0,tt8304498,7.0,7431.0,5.235,7.2,0.8074,0.0
ts108392,The Letter King,SHOW,tiuri teenage squire answers call help sends perilous mission across three kingdoms deliver secret letter king,2020,TV-PG,47,"['action', 'family', 'fantasy', 'scifi']",['GB'],1.0,tt8741648,5.9,7468.0,8.039,7.1,0.4019,0.0
tm851128,Bigbug,MOVIE,set world 2045 communities robotic helpers group suburbanites locked protection household robots rogue selfaware ai android revolt uprising takes place outside,2022,R,111,"['comedy', 'scifi', 'fantasy']",['FR'],0.0,tt11541872,5.4,7483.0,26.497,5.3,0.2732,0.0
tm138497,Trailer Park Boys : Countdown Liquor Day,MOVIE,ricky julian bubbles get jail time julian vows go straight even open legit business soon boys rich least thats theyve told parole board arrive back park find old sunnyvale old jim lahey trailer park supervisor,2009,R,102,"['comedy', 'crime']",['CA'],0.0,tt1337032,7.3,7488.0,4.683,6.8,0.6705,0.0
tm420656,Reprisal,MOVIE,jacob bank manager haunted violent heist took life coworker teams excop neighbor james bring assailant two men work together figure thiefs next move gabriel highlytrained criminal one step ahead gabriel kidnaps jacobs wife daughter jacob barrels path bloodshed initiates explosive counterattack brings three men breaking point,2018,R,89,"['action', 'thriller', 'crime', 'drama']","['GB', 'US']",0.0,tt6547170,4.2,7504.0,13.316,5.3,-0.886,0.0
ts89282,Toy Boy,SHOW,seven years mlaga prison male stripper released pending retrial sets prove lover framed husbands murder,2019,TV-MA,61,"['drama', 'thriller', 'crime', 'action']",['ES'],2.0,tt8693266,6.5,7526.0,23.996,7.7,-0.6369,0.0
ts77014,Wolf,SHOW,tasked risky missions across turkey members specialoperations police unit confront danger tragedy field home,2018,TV-MA,75,"['reality', 'war', 'action', 'drama', 'thriller']",['TR'],1.0,tt7146600,8.0,7545.0,26.999,7.1,-0.8834,0.0
ts57822,Sick Note,SHOW,daniel glass misdiagnosed fatal disease begins notice everyone around treats better finds misdiagnosed incompetent oncologist earth big decision make come clean go back old rubbish life keep pretending ill,2017,TV-MA,24,"['comedy', 'crime']",['GB'],2.0,tt5770788,6.7,7550.0,8.196,7.1,-0.5267,-0.5106
tm838007,Dolly Kitty Those Twinkling Stars,MOVIE,disillusioned delhi wife dolly newintown cousin kitty navigate damning secrets dreams thorny dynamic respective roads freedom,2019,R,120,"['drama', 'comedy']",['IN'],0.0,tt9176296,5.5,7580.0,2.456,5.9,0.7096,0.0
tm439484,Welcome Home,MOVIE,couple try repair damaged union italian vacation paradise discover owners intentions,2018,R,97,"['thriller', 'horror', 'drama', 'comedy']",['US'],0.0,tt6829180,5.2,7597.0,24.328,5.2,0.3182,0.4588
tm306301,Piercing,MOVIE,kissing wife baby goodbye seemingly normal business trip reed checks hotel room accomplish something hes always dreamed perfect murder sinister plans unfold soon realizes might head mysteriously unhinged call girl named jackie,2018,R,82,"['thriller', 'horror']","['US', 'FR']",0.0,tt6516314,5.5,7598.0,8.611,5.8,0.1531,0.0
tm27601,Phir Bhi Dil Hai Hindustani,MOVIE,two rival reporters team help prove innocence man set hanged murder politician,2000,PG-13,160,"['comedy', 'romance', 'drama']",['IN'],0.0,tt0222270,6.1,7610.0,7.778,6.6,-0.1027,0.0
tm58893,Duplicate,MOVIE,seeking vengeance doublecrossed escaped prisoner impersonates unsuspecting chef,1998,PG,165,"['comedy', 'action', 'crime', 'thriller']",['IN'],0.0,tt0164550,5.5,7618.0,4.112,6.0,-0.5423,0.0
ts320075,Aranyak,SHOW,foreign teenage tourist goes missing misty village kasturi frazzled local cop forced team citybred successor angad highprofile case unearths skeletons resurrects longforgotten legend savage serial killer woods,2021,TV-MA,43,"['thriller', 'drama', 'crime']",['IN'],1.0,tt14167344,7.9,7629.0,4.389,7.7,-0.891,0.0
tm38896,From Within,MOVIE,citizens small evangelical town systematically begin committing suicide young girl struggling reconcile christian upbringing desire experience outside world finds faith put ultimate test,2008,R,89,"['horror', 'thriller', 'documentation', 'war', 'european']",['US'],0.0,tt1673402,5.6,7650.0,7.282,5.6,-0.3612,0.0
tm294581,The Clapper,MOVIE,15 minutes fame destroys life man works clapper television,2018,R,89,"['comedy', 'drama']",['US'],0.0,tt5461956,5.1,7688.0,7.843,4.8,-0.1779,0.0
ts24028,Still Game,SHOW,cult scottish comedy lives two oaps old age pensioners jack victor views used old days bad fictional town craiglang,2002,TV-14,29,"['comedy', 'european']",['GB'],9.0,tt0281491,8.9,7689.0,5.128,8.3,-0.25,0.0
ts41490,Hap Leonard,SHOW,darkly comic swamp noir story two best friends set late 1980s based novels joe r lansdale series follows hap collins east texas white boy weakness southern women leonard pine gay black vietnam vet hot temper,2016,TV-MA,42,"['action', 'thriller', 'crime', 'drama']",['US'],3.0,tt3729898,7.6,7696.0,6.942,7.2,0.4019,0.0
tm1082314,Untold : Malice Palace,MOVIE,key figures infamous november 19th 2004 incident players fans nba game michigan discuss fight fallout lasting legacy,2021,R,69,"['crime', 'documentation', 'sport']",['US'],0.0,tt15085802,7.5,7699.0,8.49,7.0,-0.3818,0.0
ts16919,All That,SHOW,new kids comedy bring funny americas 1 kids sketch comedy show returns new cast familiar faces executive producers kenan thompson kel mitchell,1994,TV-G,22,"['comedy', 'family', 'music']",['US'],11.0,tt0111875,7.5,7718.0,6.688,8.4,0.7845,0.0
ts53287,Roman Empire,SHOW,stylish mix documentary historical epic chronicles reign commodus emperor whose rule marked beginning romes fall,2016,TV-14,44,"['drama', 'documentation', 'history', 'war']",['US'],3.0,tt6233538,7.0,7742.0,21.454,6.9,0.0,0.0
tm428506,The Man Who Feels No Pain,MOVIE,leveraging ability withstand pain young man trains follow footsteps martial arts hero,2019,PG,136,"['comedy', 'action']",['IN'],0.0,tt8055888,7.3,7761.0,2.934,6.8,0.3818,-0.6705
ts321298,Business Proposal,SHOW,ordinary office worker disguises goes blind date attractive boss place friend end unwanted marriage blind date request,2022,TV-14,61,"['drama', 'romance', 'comedy']",['KR'],1.0,tt14819828,8.1,7806.0,183.465,8.3,-0.296,0.0
ts313781,The Club,SHOW,unexpected people become chosen family place never thought could home 1950s istanbul amid political unrest jewish mother seeks reconnect daughter released prison,2021,TV-14,47,"['drama', 'comedy']",['TR'],2.0,tt13317582,7.9,7810.0,8.116,7.2,-0.5106,0.0
ts81757,The House Flowers,SHOW,outward perfection familyrun flower business hides dark side rife dysfunctional secrets darkly humorous comedy series,2018,TV-MA,31,"['comedy', 'drama']",['MX'],3.0,tt8387348,7.6,7813.0,31.664,7.8,0.7964,0.0
tm178106,Chillar Party,MOVIE,gang innocent feisty kids lead carefree lives chandan nagar colony take big bad world politics one friends life endangered,2011,G,130,"['comedy', 'drama', 'family']",['IN'],0.0,tt1841542,7.5,7831.0,2.552,7.0,0.5719,0.4019
tm235405,Hyena Road,MOVIE,three different men three different worlds three different wars stand intersection modern warfare murky world fluid morality seems,2015,R,120,"['drama', 'thriller', 'war', 'action']",['CA'],0.0,tt4034452,6.5,7839.0,9.363,6.7,-0.7003,0.0
tm143757,Search Party,MOVIE,two oafs must rescue stranded pal mexico,2014,R,93,['comedy'],['US'],0.0,tt2758904,5.6,7840.0,7.116,5.4,0.5106,0.4019
ts304505,Love Is Blind,SHOW,singles want loved rather look like signed less conventional approach modern dating,2020,TV-MA,54,"['reality', 'romance']",['US'],5.0,tt11704040,6.1,7863.0,1.4,7.7,0.7717,0.3612
tm142881,Jem Holograms,MOVIE,smalltown girl catapults underground video sensation global superstar three sisters begin oneinamillion journey discovering talents special keep hidden four aspiring musicians take world storm see key creating destiny lies finding voice,2015,PG,118,"['fantasy', 'music', 'romance', 'scifi', 'drama', 'family']",['US'],0.0,tt3614530,4.1,7867.0,9.666,5.5,0.6249,0.0
ts78231,Unsolved : The Murders Tupac The Notorious B.I.G .,SHOW,chronicle two major police investigations lapd detective greg kading deaths tupac notorious big,2018,TV-MA,45,['crime'],['US'],1.0,tt6233618,7.8,7872.0,13.329,7.0,-0.4404,-0.7845
ts84904,Tidelands,SHOW,excon cal mcteers return hometown orphelin bay blows lid generationslong conspiracy silence around murder drugs sirens,2018,TV-MA,42,"['scifi', 'drama', 'fantasy', 'crime']",['AU'],1.0,tt6898970,6.8,7876.0,16.069,6.8,-0.8442,0.0
ts256007,Love & Anarchy,SHOW,married consultant young tech kick flirty game challenges societal norms leads reevaluate entire lives,2020,TV-MA,31,"['comedy', 'drama', 'romance']",['SE'],2.0,tt10888876,7.4,7896.0,13.59,7.3,0.2263,0.6369
tm1020851,Back Outback,MOVIE,tired locked reptile house humans gawk like theyre monsters group australias deadliest creatures plot daring escape zoo outback,2021,PG,95,"['animation', 'comedy', 'family']","['AU', 'US']",0.0,tt13575806,6.5,7896.0,155.021,7.8,0.4215,0.0
ts251782,High Score,SHOW,docuseries traces history classic video games featuring insights innovators brought worlds characters life,2020,TV-14,42,"['documentation', 'history']",['US'],1.0,tt12759400,7.4,7912.0,13.282,7.6,0.0,0.0
ts89251,Tales City,SHOW,mary ann returns presentday san francisco reunited daughter exhusband twenty years leaving behind pursue career fleeing midlife crisis pictureperfect connecticut life created mary ann quickly drawn back orbit anna madrigal chosen family new generation queer young residents living 28 barbary lane,2019,TV-MA,56,['drama'],['US'],1.0,tt7087260,7.4,7930.0,10.445,7.5,-0.4767,0.0
tm411507,John Mulaney : Kid Gorgeous Radio City,MOVIE,john mulaney relays stories childhood snl eviscerates value college laments getting older electric comedy special,2018,R,64,['comedy'],['US'],0.0,tt8271714,7.9,7933.0,5.009,8.0,0.6249,0.6124
tm172710,We Steal Secrets : The Story WikiLeaks,MOVIE,julian assange bradley manning collateral murder cablegate wikileaks people terms exploded public consciousness fundamentally changing way democratic societies deal privacy secrecy right information perhaps generations come steal secrets story wikileaks extensive examination things related wikileaks larger global debate access information,2013,R,127,['documentation'],['US'],0.0,tt1824254,6.9,7934.0,6.159,6.6,-0.836,-0.4939
ts240453,Clark,SHOW,incredible story behind swedens notorious gangster clark olofsson whose infamous crimes gave rise term stockholm syndrome,2022,TV-MA,61,"['thriller', 'action', 'comedy', 'crime', 'drama']",['SE'],1.0,tt12304420,7.4,7958.0,14.127,6.9,-0.4404,0.0
ts321758,Vagabond,SHOW,stuntman cha dalgeon gets involved tragic airplane crash ends discovering national corruption scandal process go haeri oldest daughter deceased marine decides work national intelligence service secret ops agent order support mom younger siblings although wanted become civil servant,2019,TV-MA,63,"['drama', 'thriller', 'romance', 'action']",['KR'],1.0,tt8523042,8.2,7982.0,29.264,8.475,-0.4215,0.0
tm31335,Golmaal Returns,MOVIE,golmaal returns muchawaited followup uproariously comical smashhit golmaal arrives renewed star power chartbusting music laughter ever,2008,PG,135,"['comedy', 'crime']",['IN'],0.0,tt1092005,5.1,7983.0,6.084,5.0,0.4939,0.0
tm143372,Stand Me Doraemon,MOVIE,suburbs tokyo time ago lived clumsy boy 10 years old appeared front named sewashi nobitas descendant four generations later 22nd century doraemon 22nd century cattype caretaker robot helps people secret gadgets sewashi claims family suffering debts nobita made even generation order change disastrous future brought along doraemon nobitas caretaker bring happiness future although doraemon happy sewashi installed accomplishment program doraemon forcing take care nobita unless makes nobita happy doraemon longer go back 22nd century life doraemon nobita begins doraemon succeed mission return 22nd century,2014,G,90,"['scifi', 'fantasy', 'drama', 'family', 'animation', 'comedy']",['JP'],0.0,tt3331846,7.3,7989.0,65.668,7.339,0.9186,0.0
ts254656,Jurassic World : Camp Cretaceous,SHOW,six teens attending adventure camp opposite side isla nublar must band together survive dinosaurs wreak havoc island,2020,TV-PG,24,"['action', 'animation', 'scifi', 'family']",['US'],5.0,tt10436228,7.5,8022.0,259.059,8.0,-0.3818,0.0
tm219173,Term Life,MOVIE,nick barrow stay alive 21 days hell die happy everyone nick knows wants dead mob bosses contract killers dirty cops performing last act desperate man nick takes million dollar insurance policy payable estranged daughter problem policy doesnt take effect 21 days nick knows theyll lucky alive twentyone hours,2016,R,93,"['thriller', 'drama', 'action', 'crime']",['US'],0.0,tt2978102,5.5,8030.0,16.084,5.9,-0.936,0.0
tm91323,I Hate Luv Storys,MOVIE,simran loves love stories ideal job perfect boyfriend lives blissful dreamy life however things rudely interrupted jays cynicism sentimentality,2010,PG,129,"['comedy', 'drama', 'romance']",['IN'],0.0,tt1667838,5.6,8042.0,6.801,5.9,0.9325,-0.5719
tm241990,Blame !,MOVIE,distant technological future civilization reached ultimate netbased form infection past caused automated systems spiral order resulting multileveled city structure replicates infinitely directions humanity lost access citys controls hunted purged defense system known safeguard tiny corner city little enclave known electrofishers facing eventual extinction trapped threat safeguard dwindling food supplies girl named zuru goes journey find food village inadvertently cause doom observation tower senses summons safeguard pack eliminate threat companions dead escape routes blocked thing save sudden arrival killy wanderer quest net terminal genes key restoring order world,2017,PG-13,106,"['scifi', 'animation', 'action', 'drama', 'thriller']",['JP'],0.0,tt6574146,6.6,8044.0,31.452,6.4,-0.7783,-0.4003
tm937814,The Alpinist,MOVIE,filmmaker peter mortimer encounters elusive young climber named marcandr leclerc evolution free solo mountaineering unfolds along twoyear journey high alpine peaks steep frozen waterfalls peter explores marcs connection nature uncompromising quest adventure risks takes pursue passion,2021,PG-13,92,['documentation'],"['AT', 'GB', 'US']",0.0,tt11790780,8.0,8048.0,8.534,7.7,0.7579,0.0
ts313668,Tear Along Dotted Line,SHOW,cartoonist rome armadilloforaconscience reflects path life wouldbe love friends travel outside city,2021,TV-14,19,"['drama', 'comedy', 'animation']",['IT'],1.0,tt15614372,8.7,8053.0,24.559,8.3,0.8074,0.0
tm233317,Pee-wee 's Big Holiday,MOVIE,fateful meeting mysterious stranger inspires peewee herman take firstever holiday,2016,PG,90,"['action', 'comedy', 'family']",['US'],0.0,tt0837156,6.1,8064.0,10.884,6.2,0.6808,0.4019
ts55798,Stranger,SHOW,help gutsy female detective prosecutor lost ability feel empathy tackles murder case amid political corruption,2017,TV-MA,64,"['crime', 'drama', 'thriller', 'romance', 'scifi', 'comedy']",['KR'],2.0,tt6461346,8.5,8066.0,25.007,8.5,-0.4588,0.0
ts38783,Secret City,SHOW,beneath placid facade canberra amidst rising tension china america senior political journalist harriet dunkley uncovers secret city interlocked conspiracies putting innocent lives danger including,2016,TV-MA,50,"['war', 'thriller']",['AU'],3.0,tt4976512,7.4,8086.0,12.012,6.6,-0.5106,0.0
tm80455,Manorama Six Feet Under,MOVIE,satyaveer engineer suspended allegedly accepting bribe however satyaveer proud author tawdry thoroughly unsuccessful crime novel approached woman named manorama investigate husband suspects affair,2007,R,137,"['drama', 'thriller', 'crime']",['IN'],0.0,tt0920464,7.6,8110.0,4.553,6.5,-0.6816,0.0
ts86296,Sunderland 'Til I Die,SHOW,docuseries follows english soccer club sunderland 201718 season try bounce back relegation premier league,2018,TV-MA,41,"['documentation', 'sport']",['GB'],2.0,tt8914684,8.1,8113.0,5.099,8.0,0.0,-0.5994
ts86413,AJ Queen,SHOW,traveling across country rundown rv drag queen ruby red discovers unlikely sidekick aj toughtalking 10yearold stowaway,2020,TV-14,51,"['comedy', 'drama']",['US'],1.0,tt8404094,7.4,8129.0,10.486,7.7,-0.2263,0.0
tm935309,Skylines,MOVIE,virus threatens turn earthdwelling friendly alien hybrids humans captain rose corley must lead team elite mercenaries mission alien world order save whats left humanity,2020,R,113,"['scifi', 'action']","['FR', 'LT', 'GB']",0.0,tt9387250,4.7,8139.0,92.324,5.6,0.5859,0.0
ts308845,The Billion Dollar Code,SHOW,1990s berlin artist hacker invented new way see world years later reunite sue google patent infringement,2021,TV-MA,67,"['drama', 'crime', 'thriller']",['DE'],1.0,tt15392100,8.0,8164.0,11.997,8.2,-0.4767,0.0
tm1003353,Operation Varsity Blues : The College Admissions Scandal,MOVIE,examination goes beyond celebritydriven headlines dives methods used rick singer man center shocking 2019 college admissions scandal persuade wealthy clients cheat educational system already designed benefit privileged,2021,R,100,"['drama', 'documentation', 'crime']",['US'],0.0,tt14111734,6.9,8190.0,8.255,7.0,-0.0516,-0.4404
tm456156,Sweetheart,MOVIE,jenn washed ashore small tropical island doesnt take long realize shes completely alone must spend days surviving elements must also fend malevolent force comes night,2019,PG-13,82,"['horror', 'thriller', 'drama', 'fantasy', 'scifi']",['US'],0.0,tt6560164,5.8,8191.0,12.174,6.5,-0.024,0.6486
tm244519,Birth Dragon,MOVIE,set backdrop san franciscos chinatown crosscultural biopic chronicles bruce lees emergence martialarts superstar legendary secret showdown fellow martial artist wong jack man,2017,PG-13,103,"['drama', 'action']","['US', 'CA', 'CN']",0.0,tt2720826,5.6,8220.0,23.051,5.8,0.0,0.0
tm432765,The Wind,MOVIE,lizzy tough resourceful frontierswoman settling remote stretch land 19thcentury american frontier isolated civilization desolate wilderness wind never stops howling begins sense sinister presence seems borne land newlywed couple arrive nearby homestead presence amplifies lizzys fears setting motion shocking chain events,2019,R,86,"['western', 'thriller', 'horror']",['US'],0.0,tt8426594,5.5,8242.0,10.601,5.6,-0.8947,0.0
ts113506,The Last Czars,SHOW,chronicled look fall romanov dynasty russia,2019,TV-MA,45,"['romance', 'documentation', 'drama', 'history', 'war']",['GB'],1.0,tt7949606,7.3,8248.0,9.163,7.4,0.0,0.0
ts221749,Dorohedoro,SHOW,story revolves around kaiman remember transfigured magic user transformation left reptiles head desire find truth really accompanied nikaido female companion tracks magic users hole unceremoniously chomps head hoping find put state one one witness second man inside head kaiman pulling back mouth asks question guy inside head say,2020,TV-MA,25,"['scifi', 'action', 'comedy', 'fantasy', 'horror', 'animation']",['JP'],1.0,tt11147852,8.1,8262.0,23.072,8.6,0.7783,0.0
tm160361,A Princess Christmas,MOVIE,sister brotherinlaws tragic death american woman guardian young niece nephew invited royal european castle christmas late brotherinlaws father duke castlebury feeling place commoner determined give family merry christmas surprises falls handsome prince,2011,PG,89,"['family', 'romance', 'comedy', 'drama']",['US'],0.0,tt1083448,6.3,8268.0,22.33,7.1,0.5574,0.0
tm855075,Rurouni Kenshin : The Beginning,MOVIE,protector kenshin fearsome assassin known battosai meets gentle tomoe yukishiro beautiful young woman carries huge burden heart life change forever,2021,R,138,"['action', 'drama']",['JP'],0.0,tt11991748,7.4,8273.0,124.417,7.8,0.5423,0.0
ts57439,Damnation,SHOW,seth davenport masquerading small town iowa preacher hopes starting fullblown insurrection status quo unaware industrialist tycoon hired professional strikebreaker stop uprising means necessary epic saga secret history 1930s american heartland chronicling mythic conflict bloody struggle big money downtrodden god greed charlatans prophets,2017,TV-MA,43,"['western', 'crime', 'drama']",['US'],1.0,tt6106704,7.6,8313.0,9.193,7.0,-0.8074,-0.5574
ts311989,jeen-yuhs,SHOW,kanye west docuseries 20 years making,2022,TV-MA,93,"['documentation', 'music']",['US'],1.0,tt14599438,8.0,8319.0,3.852,7.1,0.0,0.0
ts21967,Johnny Test,SHOW,young johnny gungho full courage johnnys brainiac twin sisters susan mary use johnny guinea pig outrageous scientific experiments dream johnny long genetically engineered super dog dukey come along,2005,TV-Y7,18,"['animation', 'comedy', 'drama', 'family', 'scifi', 'action']","['CA', 'US']",6.0,tt0454349,5.1,8322.0,22.516,5.6,0.7269,0.0
ts215989,Snabba Cash,SHOW,entrepreneurial jet set criminal world brutal chaotic ruthless ever two worlds collide loyalty friendships business partners tested neverending quest easy money,2021,TV-MA,43,"['crime', 'drama', 'thriller', 'action']",['SE'],2.0,tt10540276,7.6,8380.0,6.964,7.1,-0.4588,0.0
ts287045,Fatma,SHOW,reeling tragedy nondescript house cleaner embarks murderous streak searches missing husband reckons old wounds,2021,TV-MA,42,"['drama', 'thriller', 'crime']",['TR'],1.0,tt11961378,7.4,8396.0,5.689,7.4,-0.8779,0.0
ts187541,Hotel Del Luna,SHOW,hes invited manage hotel dead souls elite hotelier gets know establishments ancient owner strange world,2019,TV-14,80,"['romance', 'action', 'comedy', 'drama', 'fantasy', 'horror', 'scifi']",['KR'],1.0,tt10220588,8.2,8405.0,32.042,8.7,-0.7269,0.0
ts22249,Kuroko 's Basketball,SHOW,story kagami taiga enrolled seirin high school meets kuroko tetsuya schools basketball team kuroko happens shadowy sixth member legendary generation miracles basketball team together kagami kuroko aim take team interhigh school championship kurokos former teammates,2012,TV-14,24,"['comedy', 'animation', 'sport']",['JP'],3.0,tt2348803,8.3,8420.0,61.164,8.7,0.4404,0.0
ts81646,Chambers,SHOW,consumed mystery surrounding donor heart saved life young patient starts taking sinister characteristics deceased,2019,TV-MA,44,"['drama', 'thriller', 'fantasy', 'horror']",['US'],1.0,tt7949204,6.4,8455.0,13.586,6.8,-0.2732,0.0
tm158980,Khoobsurat,MOVIE,vibrant hopelessly romantic physiotherapist meets handsome young rajput prince complete opposite engaged someone else,2014,PG,130,"['comedy', 'romance']",['IN'],0.0,tt3554418,6.4,8464.0,6.343,6.765,0.8316,0.0
tm180532,Shaitan,MOVIE,five substanceabusing friends decide fake kidnapping order bribe police constable coveringup hitandrun accident,2011,PG-13,121,"['drama', 'thriller', 'action', 'crime']",['IN'],0.0,tt1836912,7.2,8475.0,4.098,6.4,-0.5994,0.0
ts296214,How Become Tyrant,SHOW,documentary series explores different political figures throughout history,2021,TV-MA,27,"['documentation', 'war', 'history']",['US'],1.0,tt14832996,7.4,8484.0,11.324,7.5,0.0,0.0
tm1019177,The Colony,MOVIE,nottoodistant future global catastrophe wiped nearly humanity earth elite astronaut space colony kepler must make decision seal fate people planets,2021,R,104,"['scifi', 'thriller', 'action']","['CH', 'DE']",0.0,tt6506264,5.3,8495.0,23.747,5.6,-0.6597,0.0
ts286317,The Sons Sam : A Descent Into Darkness,SHOW,son sam case grew lifelong obsession journalist maury terry became convinced murders linked satanic cult,2021,TV-MA,60,"['crime', 'documentation', 'history']",['US'],1.0,tt13156316,7.0,8500.0,10.533,7.3,-0.5719,-0.25
tm130586,Endless Love,MOVIE,two young kids fall love passion consuming parents jade parents try stop seeing doesnt work david burns house sent away doesnt stop seeing gets goes look passion first love strong leave,1981,R,116,"['romance', 'drama']",['US'],0.0,tt0082329,4.9,8524.0,19.116,5.7,0.9337,0.6369
ts85568,Perfume,SHOW,singer found murdered scent glands excised body detectives probe group friends attended boarding school,2018,TV-MA,58,"['crime', 'drama', 'thriller']",['DE'],1.0,tt6811236,7.1,8536.0,17.902,6.9,-0.3182,0.0
tm315584,Godzilla : Planet Monsters,MOVIE,year 2048 human race forced leave earth decades losing godzilla giant monsters take twentyyear journey another planet called tau cetie upon arrival discover planet become uninhabitable living conditions ship deteriorate young man named haruo spearheads movement return earth take back monsters ship successfully makes return voyage crew realizes twenty thousand years passed earths ecosystem evolved become centered around godzilla,2017,PG-13,89,"['scifi', 'action', 'animation']",['JP'],0.0,tt5979874,6.0,8548.0,15.942,6.3,-0.3818,0.0
tm62385,Hum Saath Saath Hain,MOVIE,ramkishen wife mamta three sons prem vinod sweethearts preeti vivek marries sangeeta since vivek mamtas stepson plots alienate succeed,1999,G,177,"['romance', 'family', 'fantasy', 'drama']",['IN'],0.0,tt0216817,6.2,8552.0,7.865,6.0,0.7906,0.0
ts314164,Tomorrow,SHOW,made halfhuman halfspirit accident young man employed company grim reapers underworld carry special missions,2022,TV-14,61,"['drama', 'fantasy', 'action', 'comedy']",['KR'],1.0,tt18926162,7.7,8564.0,30.75,8.582,-0.6249,0.0
tm229542,John Mulaney : The Comeback Kid,MOVIE,armed boyish charm sharp wit former snl writer offers sly takes marriage beef babies time met bill clinton,2015,PG,62,"['comedy', 'documentation']",['US'],0.0,tt5069564,7.9,8595.0,4.784,7.8,0.4019,0.0
ts287352,Hit & Run,SHOW,happily married mans life turned upside wife killed mysterious hitandrun accident tel aviv griefstricken confused searches wifes killers fled us help exlover uncovers disturbing truths beloved wife secrets kept,2021,TV-MA,44,"['drama', 'action', 'thriller', 'crime']",['IL'],1.0,tt9073940,7.0,8602.0,20.178,7.5,-0.7269,0.0
tm858000,Rurouni Kenshin : The Final,MOVIE,1879 kenshin allies face strongest enemy yet former brotherinlaw enishi yukishiro minions whove vowed revenge,2021,PG-13,139,"['drama', 'action']",['JP'],0.0,tt11809034,7.2,8614.0,64.962,7.9,-0.6124,0.0
ts74823,Wet Hot American Summer : Ten Years Later,SHOW,decade wild summer junior counselors gang reunites weekend bonding hankypanky hairraising adventures,2017,TV-MA,27,['comedy'],['US'],1.0,tt5669422,6.9,8639.0,8.032,6.6,0.34,0.0
tm232953,Sleight,MOVIE,young street magician left take care little sister mothers passing turns drug dealing los angeles party scene keep roof heads gets trouble supplier sister kidnapped forced rely sleight hand brilliant mind save,2016,R,89,"['drama', 'thriller', 'action', 'scifi', 'crime']",['US'],0.0,tt4573516,5.9,8644.0,5.226,5.4,0.886,0.0
tm918734,Concrete Cowboy,MOVIE,sent live estranged father summer rebellious teen finds kinship tightknit philadelphia community black cowboys,2020,R,111,"['western', 'drama']","['US', 'GB']",0.0,tt8846176,6.3,8660.0,8.139,6.2,-0.296,0.0
tm925486,Jiu Jitsu,MOVIE,every six years ancient order jiujitsu fighters joins forces battle vicious race alien invaders celebrated war hero goes defeat fate planet mankind hangs balance,2020,R,102,"['action', 'scifi', 'fantasy', 'thriller', 'comedy']","['US', 'CY']",0.0,tt9624766,2.9,8693.0,96.709,5.0,-0.5994,0.0
ts108621,Sky Rojo,SHOW,coral wendy gina go run search freedom chased romeo pimp las novias club henchmen moises christian,2021,TV-MA,27,"['drama', 'thriller', 'action', 'crime']",['ES'],3.0,tt8690776,6.5,8706.0,39.825,7.7,0.6369,0.0
ts36647,Rita,SHOW,independent outspoken adored students private school teacher rita fares less well adults,2012,TV-MA,40,"['comedy', 'drama', 'european']",['DK'],5.0,tt1973692,8.1,8718.0,11.299,7.7,0.5584,0.0
ts90093,The Pentaverate,SHOW,influencing global events centuries secret society faces dangerous threat within canadian reporter save world,2022,TV-MA,26,['comedy'],['US'],1.0,tt10203880,6.1,8726.0,8.239,5.9,-0.5106,0.0
tm856375,The Decline,MOVIE,anticipating disaster antoine father attends survivalist training given alain autonomous hideout fear natural economic social crisis group trains face different possible apocalyptic scenarios disaster experience one predicted,2020,R,83,"['thriller', 'action']",['CA'],0.0,tt10307440,6.0,8782.0,7.679,6.2,-0.9607,0.0
ts85895,Better Than Us,SHOW,moscow distant future human beings share daily lives robots georgy forensic robot assistant suddenly finds caught first murder committed new kind experimental humanoid,2018,TV-MA,52,"['scifi', 'drama']",['RU'],2.0,tt8285216,7.3,8792.0,14.306,7.4,0.25,0.4404
ts288540,Ray,SHOW,satire psychological thriller four short stories celebrated auteur writer satyajit ray adapted screen series,2021,TV-MA,59,"['drama', 'thriller', 'crime']",['IN'],1.0,tt14160660,7.1,8795.0,5.791,6.8,0.6249,0.0
ts42137,Voltron : Legendary Defender,SHOW,five unlikely teenage heroes flying robot lions unite form megapowerful voltron defend universe evil,2016,TV-Y7,24,"['action', 'scifi', 'comedy', 'fantasy', 'drama', 'animation', 'family']",['US'],8.0,tt5580664,8.1,8821.0,16.452,7.4,-0.2732,0.1027
ts249891,The Comey Rule,SHOW,immersive behindtheheadlines account historically turbulent events surrounding 2016 presidential election aftermath divided nation twopart biopic tells story two powerful figures comey trump whose strikingly different personalities ethics loyalties put collision course,2020,TV-MA,82,"['war', 'drama']",['US'],1.0,tt9174536,7.4,8829.0,9.22,7.5,0.4939,0.0
tm458893,"Oh , Ramona !",MOVIE,oh ramona seeks transformation andrew teenager adult lives candidly selflessly first love story innocent uninvolved alternating second intense insane story incapable making choice oh ramona cinematic rewriting andrei ciobanus book sugeo ramona,2019,R,109,"['comedy', 'romance', 'european']",['RO'],0.0,tt7200946,4.8,8895.0,20.224,5.7,-0.1531,0.0
ts237109,Control Z,SHOW,hacker begins releasing students secrets entire high school socially isolated observant sofa works uncover hisher identity,2020,TV-MA,38,"['drama', 'thriller']",['MX'],3.0,tt11937662,6.9,8895.0,473.002,8.2,-0.3182,0.0
ts91034,Leila,SHOW,forgotten margins segregated communities dystopian future woman searches daughter lost upon arrest years ago,2019,TV-MA,46,"['scifi', 'war', 'drama']",['IN'],1.0,tt9337588,4.9,8906.0,2.799,7.0,-0.6808,0.0
tm93004,Yuva,MOVIE,michael arjun lallan three men three different strata society cross paths one morning calcutta change one anothers lives forever,2004,PG,161,"['crime', 'action', 'drama', 'thriller']",['IN'],0.0,tt0382383,7.3,8929.0,3.893,6.4,0.0,0.0
ts223126,The Confession Killer,SHOW,henry lee lucas rose infamy confessed hundreds unsolved murders docuseries examines truth horrifying consequences,2019,TV-14,48,"['crime', 'documentation']",['US'],1.0,tt11307176,7.4,8984.0,4.44,7.3,-0.7506,-0.6486
ts217356,Betaal,SHOW,remote village becomes arena breathless battle undead east india company officer battalion zombie redcoats attack squad modernday soldiers,2020,TV-MA,47,"['thriller', 'action', 'horror']",['IN'],1.0,tt10651790,5.4,8998.0,7.04,6.6,-0.6908,0.0
ts57814,Kakegurui,SHOW,hyakkaou private academy institution privileged peculiar curriculum see youre sons daughters wealthiest wealthy athletic prowess book smarts keep ahead reading opponent art deal better way hone skills rigorous curriculum gambling hyakkaou private academy winners live like kings losers put wringer yumeko jabami enrolls shes gon na teach kids high roller really looks like,2017,TV-14,24,"['drama', 'thriller', 'action', 'animation']",['JP'],2.0,tt7131720,7.2,9035.0,54.832,8.3,0.946,0.0
ts37464,Occupied,SHOW,near future norway occupied russia behalf european union due fact newly elected environmental friendly norwegian government stopped important oil gasproduction north sea,2015,TV-MA,45,"['war', 'drama', 'thriller']",['NO'],3.0,tt4192998,7.6,9044.0,12.526,7.4,0.4767,0.0
ts101408,The Mess You Leave Behind,SHOW,based novel name winner primavera award 2016 raquel young literature teacher gives marriage second chance moves husbands birth town hides dark secret try unravel,2020,TV-MA,45,"['crime', 'drama', 'thriller']",['ES'],1.0,tt9731242,6.7,9053.0,27.981,6.916,0.872,-0.4019
tm226320,Kara Bela,MOVIE,death wife father kudret always lived book decides go road trip save girl,2015,PG-13,100,"['comedy', 'action', 'drama']",['TR'],0.0,tt4974684,6.7,9056.0,3.656,6.6,-0.1779,0.0
ts76458,Deadwind,SHOW,sofia karppi detective 30s trying get husbands death discovers body young woman construction site triggers chain events threatens destroy life,2018,TV-MA,46,"['crime', 'drama', 'thriller']",['FI'],3.0,tt6616260,7.2,9068.0,18.234,6.6,-0.875,0.0
ts81344,Explained,SHOW,documentary series made partnership vox explain worlds current trends politics science pop culture,2018,TV-MA,21,['documentation'],['US'],3.0,tt8005374,8.0,9079.0,11.637,7.7,0.0,0.0
tm1107225,Through My Window,MOVIE,raquels longtime crush nextdoor neighbor turns something starts developing feelings despite familys objections,2022,R,116,"['drama', 'romance', 'comedy']",['ES'],0.0,tt14463484,5.4,9082.0,236.503,7.48,-0.1531,0.0
ts307649,Turning Point : 9/11 War Terror,SHOW,modern history divided two time frames 911 911 fivepart docuseries cohesive chronicle september 11 2001 attacks us offering illuminating perspectives personal stories catastrophic events day changed course nation,2021,TV-14,62,"['war', 'history', 'documentation']",['US'],1.0,tt15260794,8.0,9132.0,7.209,7.3,-0.7269,-0.8074
ts77957,Dirty Money,SHOW,crippling payday loans cars cheat emissions tests investigative series exposes brazen acts corporate greed corruption,2018,TV-14,63,"['documentation', 'crime']",['US'],2.0,tt7889220,8.1,9159.0,11.301,7.3,-0.7351,-0.4404
ts35406,Between,SHOW,story town siege mysterious disease wiped everybody except 21 years old series explores power vacuum results government quarantined 10mile diameter area left inhabitants fend,2015,TV-14,25,"['scifi', 'thriller', 'drama']",['CA'],2.0,tt4132692,5.9,9172.0,13.581,5.7,0.0,0.0
tm429382,Nappily Ever After,MOVIE,accident hair salon violet realizes shes living life fullest soulful barber helps put pieces back together,2018,NC-17,98,"['comedy', 'romance', 'drama']",['US'],0.0,tt0365545,6.4,9224.0,11.48,7.2,-0.128,0.0
ts219895,Tiny Pretty Things,SHOW,follows world elite ballet academy charts rise fall young adults live far homes standing verge greatness ruin,2020,TV-MA,56,"['thriller', 'drama']",['US'],1.0,tt10767748,5.9,9252.0,23.608,7.692,-0.5859,0.4939
tm411750,Doom : Annihilation,MOVIE,group uac marines responds distress call topsecret scientific base phobos martian moon discover overrun demons,2019,R,96,"['action', 'scifi', 'thriller', 'horror']",['US'],0.0,tt8328716,3.7,9281.0,29.955,4.9,-0.5267,-0.4019
tm1822,3 Ninjas Kick Back,MOVIE,championship baseball match three brothers hear grandfather japan trouble head help conceding match arrive japan must use powers defend ancient enemy returned exact revenge,1994,PG,93,"['comedy', 'family', 'action', 'sport']","['JP', 'US']",0.0,tt0109015,4.5,9321.0,12.603,5.5,-0.6124,0.0
ts90937,Stateless,SHOW,four strangers flight attendant escaping suburban cult afghan refugee fleeing persecution young australian father escaping deadend job bureaucrat caught national scandal stuck immigration detention center australian desert inspired true events,2020,TV-14,53,['drama'],['AU'],1.0,tt4878488,7.5,9327.0,8.085,6.8,0.0,0.0
tm469193,Atlantics,MOVIE,arranged marry rich man young ada crushed true love goes missing sea migration attempt miracle reunites,2019,PG-13,106,"['fantasy', 'drama', 'romance']","['BE', 'FR', 'SN']",0.0,tt10199586,6.7,9405.0,11.349,6.7,0.886,0.0
ts88721,Special,SHOW,gay man mild cerebral palsy decides rewrite identity accident victim finally go life wants,2019,TV-MA,22,"['comedy', 'drama']",['US'],2.0,tt9381622,7.6,9434.0,6.88,6.7,-0.6369,0.4019
ts268608,The Ripper,SHOW,five years 1975 1980 yorkshire ripper murders cast dark shadow lives women north england 13 women dead police seemed incapable catching killer one felt safe every man suspect,2020,TV-MA,49,"['documentation', 'crime']",['GB'],1.0,tt13492374,7.1,9461.0,4.87,6.9,-0.9382,0.0
tm367250,The Resistance Banker,MOVIE,occupied netherlands world war ii banker walraven van hall asked use financial contacts help dutch resistance brother gijs comes risky plan take huge loans use money finance resistance,2018,R,124,"['drama', 'war', 'european']",['NL'],0.0,tt4610378,6.9,9470.0,12.425,6.7,-0.1779,0.0
ts281928,Unsolved Mysteries,SHOW,real cases perplexing disappearances shocking murders paranormal encounters fuel gripping revival iconic documentary series,2020,TV-MA,49,"['documentation', 'drama', 'thriller', 'crime']",['US'],2.0,tt9642938,7.3,9492.0,18.654,7.8,-0.7717,0.0
ts255037,Resident Evil : Infinite Darkness,SHOW,years horrors raccoon city leon claire find consumed dark conspiracy viral attack ravages white house,2021,TV-MA,27,"['scifi', 'animation', 'drama', 'action', 'horror']",['US'],1.0,tt13175788,5.8,9500.0,83.312,7.9,-0.8807,-0.7506
tm209950,Kevin Hart : What Now ?,MOVIE,universal pictures kevin hart comedic rockstar kevin hart follows 2013 hit standup concert movie let explain grossed 32 million domestically became thirdhighest live standup comedy movie time hart takes center stage groundbreaking recordsetting soldout performance nowfilmed outdoors front 50000 people philadelphias lincoln financial fieldmarking first time comedian ever performed atcapacity football stadium,2016,R,96,"['comedy', 'documentation']",['US'],0.0,tt4669186,5.9,9501.0,10.176,6.5,0.7506,0.0
ts225912,Biohackers,SHOW,mia goes medical school get close professor suspects hand past family tragedy gets tangled world biohacking,2020,TV-MA,42,"['drama', 'scifi', 'action', 'thriller']",['DE'],2.0,tt9849210,6.8,9577.0,11.461,7.5,-0.7003,0.0
ts8570,Barney & Friends,SHOW,barney friends american childrens television series aimed children ages 2 5 series first aired april 6 1992 features title character barney purple anthropomorphic tyrannosaurus rex conveys educational messages songs small dance routines friendly optimistic attitude new episodes produced since 2009 however reruns continue air various pbs stations,1992,TV-G,28,"['comedy', 'family']",['US'],14.0,tt0144701,3.8,9624.0,14.641,4.9,0.8225,0.4767
ts269073,The Fabulous Lives Bollywood Wives,SHOW,cameras follow banter bonding four funloving women bollywoods inner circle juggle professions family friendship,2020,TV-MA,37,"['reality', 'documentation', 'romance']",['IN'],1.0,tt13452100,4.7,9695.0,1.363,5.5,0.4404,0.5267
ts225101,Start-Up,SHOW,young entrepreneurs aspiring launch virtual dreams reality compete success love cutthroat world koreas hightech industry,2020,TV-14,80,"['drama', 'comedy', 'romance']",['KR'],1.0,tt12867810,8.1,9697.0,32.075,8.4,0.891,0.0
tm497383,Sergio,MOVIE,sweeping drama set chaotic aftermath us invasion iraq life top un diplomat sergio vieira de mello hangs balance treacherous mission career,2020,R,118,"['drama', 'history', 'romance', 'documentation']","['JO', 'TH', 'US', 'AL']",0.0,tt6468740,6.2,9698.0,11.893,6.7,-0.34,0.0
ts83970,All American,SHOW,rising high school football player south central la recruited play beverly hills high wins losses struggles two families vastly different worlds compton beverly hills begin collide inspired life pro football player spencer paysinger,2018,TV-14,42,"['drama', 'sport']",['US'],5.0,tt7414406,7.6,9704.0,33.102,8.272,0.5859,0.0
ts288350,Julie Phantoms,SHOW,teenage julie finds passion music life helping phantoms trio ghostly guys become band never able,2020,TV-G,2,"['scifi', 'fantasy', 'music', 'comedy', 'drama', 'family', 'documentation']",['US'],1.0,tt14337216,8.4,9725.0,13.926,8.584,0.6369,0.0
ts32060,Sam & Cat,SHOW,sam puckett loud independent tough nails cat valentine sweet pie super flighty doesnt stop unlikely pair becoming best buds roomies together theyre power duo love fun adventure bad doesnt come cheap burgers favorite robot restaurant bots dont grow trees booming outofhome babysitting business quickly becomes answer emptypocket problems also extra reason countless wacky adventures come,2013,TV-G,24,"['comedy', 'drama', 'family']",['US'],1.0,tt2487090,5.6,9744.0,29.349,7.9,0.9661,0.0
ts216522,BEASTARS,SHOW,world beasts kinds coexist gentle wolf awakens predatory urges school deals murder within midst,2019,TV-MA,23,"['animation', 'drama', 'crime', 'fantasy', 'romance', 'thriller']",['JP'],2.0,tt11043632,7.7,9782.0,66.572,8.7,-0.4215,0.0
tm1226954,Girl Picture,MOVIE,young mothers mysterious death sons subsequent kidnapping blow open decadeslong mystery womans true identity murderous federal fugitive center,2022,R,102,"['documentation', 'crime']",['US'],0.0,tt21059520,7.3,9786.0,219.908,7.196,-0.743,0.0
tm931686,Vampires vs. Bronx,MOVIE,three gutsy kids rapidly gentrifying bronx neighborhood stumble upon sinister plot suck life beloved community,2020,PG-13,86,"['comedy', 'horror']",['US'],0.0,tt8976576,5.6,9815.0,11.147,5.9,-0.5423,0.0
ts22193,The Magic School Bus,SHOW,eccentric schoolteacher takes class wondrous educational field trips help magical school bus,1994,TV-Y,26,"['animation', 'scifi', 'comedy', 'family', 'fantasy']","['CA', 'US']",4.0,tt0108847,7.8,9829.0,16.83,7.8,0.4019,0.0
tm960414,A California Christmas,MOVIE,carefree lifestyle line wealthy charmer poses ranch hand get hardworking farmer sell familys land christmas,2020,PG-13,106,"['romance', 'comedy', 'drama']",['US'],0.0,tt13055780,5.8,9831.0,11.246,6.4,0.8834,0.0
ts288536,The Great British Baking Show,SHOW,bakers attempt three challenges week trying impress judges enough go next round eventually crowned britains best amateur baker,2010,TV-PG,57,"['reality', 'european']",['GB'],12.0,tt1877368,8.6,9856.0,5.581,7.7,0.8126,0.6249
ts20544,Ouran High School Host Club,SHOW,ouran high school extremely wealthy haruhis case extremely talented amount talent help haruhi accidentally drops eight million yen vase music room vase property ouran high school host club group attractive young men fee provide time affections lovesick clientele female students fascinated strange new specimen poor clumsy commoner force haruhi work debt repaid get lot bargained,2006,TV-14,23,"['comedy', 'drama', 'animation', 'romance']",['JP'],1.0,tt0816397,8.2,9929.0,18.186,8.4,0.8968,0.0
ts289620,House Secrets : The Burari Deaths,SHOW,suicide murder something else docuseries examines chilling truths theories around deaths 11 members delhi family,2021,TV-MA,45,"['history', 'documentation', 'crime']",['IN'],1.0,tt14167390,7.4,9944.0,7.749,7.6,-0.8176,0.0
tm902330,Ghosts War,MOVIE,group world war ii american soldiers encounter supernatural enemy occupy french castle previously nazi control,2020,R,94,"['war', 'fantasy', 'horror', 'thriller']",['GB'],0.0,tt6508228,5.5,9953.0,37.368,6.0,-0.8126,-0.5994
tm22342,Waist Deep,MOVIE,exconvict tyrese gets tangled gang car hijacked son inside,2006,R,97,"['thriller', 'action', 'drama', 'crime']",['US'],0.0,tt0456020,5.8,9990.0,15.58,6.6,0.0,0.0
ts35201,Food Wars ! Shokugeki Soma,SHOW,yukihira soumas dream become fulltime chef fathers restaurant surpass fathers culinary skill yukihira graduates middle schools father yukihira jouichirou closes restaurant travel cook around world although downtrodden soumas fighting spirit rekindled challenge jouichirou survive elite culinary school 10 students graduate souma survive,2015,TV-MA,24,"['drama', 'comedy', 'fantasy', 'thriller', 'animation']",['JP'],5.0,tt4731072,8.2,10022.0,28.642,8.6,0.128,-0.5983
tm863823,Finding ʻOhana,MOVIE,two brooklyn siblings summer rural oahu town takes exciting turn journal pointing longlost treasure sets adventure leading reconnect hawaiian heritage,2021,PG,123,"['action', 'comedy', 'family']",['US'],0.0,tt10332588,6.1,10056.0,50.07,6.5,0.7717,0.0
ts83906,Car Masters : Rust Riches,SHOW,colorful crew gotham garage overhauls eclectic collection cars trucks trading showstopper sell big bucks,2018,TV-PG,37,['reality'],['US'],4.0,tt8893550,8.4,10058.0,18.216,7.7,0.0,0.5267
ts90095,Jinn,SHOW,lives group teenagers disrupted spiritual figure appears front ancient city petra must try stop jinn destroying world,2019,TV-14,32,"['drama', 'scifi', 'horror', 'fantasy', 'thriller']",['JO'],1.0,tt10751504,3.4,10097.0,4.756,6.5,-0.7003,0.0
ts42062,Miraculous : Tales Ladybug & Cat Noir,SHOW,normal high school kids day protectors paris night miraculous follows heroic adventures marinette adrien transform ladybug cat noir set capture akumas creatures responsible turning people paris villains neither hero knows others true identity theyre classmates,2015,TV-Y7,21,"['animation', 'action', 'family', 'fantasy', 'romance']",['FR'],5.0,tt2580046,7.7,10102.0,266.566,8.0,0.4168,0.0
tm894254,Penguin Bloom,MOVIE,unlikely ally enters bloom familys world form injured baby magpie name penguin birds arrival makes profound difference struggling familys life,2021,PG-13,95,['drama'],"['AU', 'US']",0.0,tt6317656,6.8,10148.0,24.152,7.1,-0.6705,0.0
tm353742,Bullet Head,MOVIE,group career criminals finds trapped warehouse law attack dog named deniro closing,2017,R,94,"['thriller', 'crime', 'drama', 'european']","['US', 'BG']",0.0,tt6204340,5.4,10149.0,10.812,4.9,-0.8807,0.0
ts56594,Disjointed,SHOW,pot activist ruth whitefeather feldman runs medical marijuana dispensary encouraging loyal patients chill enjoy high life,2017,TV-MA,28,['comedy'],['US'],2.0,tt5884792,6.7,10153.0,14.558,5.8,0.8658,-0.3182
tm167944,Berserk : The Golden Age Arc III - The Advent,MOVIE,year passed since guts parted ways band hawks meanwhile former mercenary group plotting rescue mission save imprisoned griffith,2013,NC-17,110,"['drama', 'fantasy', 'animation', 'action', 'romance', 'horror']",['JP'],0.0,tt2358913,7.8,10173.0,41.099,7.6,0.5423,0.0
tm84316,Shootout Lokhandwala,MOVIE,calm summer day 1991 bustling lokhandwala complex five criminals including maya dilip counting 70 lakhs flat 32 b 286 policemen headed acp khan took strategic positions around building gunfire ensued entire nation witnessed talked daylight encounter lasting 6 hours transformed suburban mumbai war zone,2007,PG-13,145,"['action', 'crime', 'drama', 'history']",['IN'],0.0,tt0811066,7.1,10213.0,5.534,6.5,-0.743,0.0
ts76417,Tabula Rasa,SHOW,psychological thriller mie young woman amnesia locked secure psychiatric hospital mie visited detective inspector wolkers claims last person seen vanished thomas spectre witness prime suspect appears sole key mysterious disappearance order solve puzzle find thomas mie reconstruct lost memories find way back dark labyrinth recent past,2017,TV-MA,52,"['drama', 'horror', 'thriller', 'european']",['BE'],1.0,tt9389514,8.0,10233.0,7.903,7.8,0.0258,0.0
ts57424,The Forest,SHOW,small quiet village ardennes sixteenyearold girl disappears forest calling teacher middle night captain gaspard deker former soldier newly arrived single father conducting investigation virginie musso local cop also helping teacher eve mendel solitary young woman mysterious past found child villiage doctor wandering silently forest,2017,TV-MA,52,"['drama', 'crime', 'thriller', 'european']",['FR'],1.0,tt6560040,7.2,10234.0,18.051,7.1,-0.0516,0.0
tm161904,Bully,MOVIE,year 5 million american kids bullied school online bus home cell phones streets towns making common form violence young people country experience bully project first feature documentary film show weve affected bullying whether weve victims perpetrators stood silent witness world inhabit adults begins playground bully project opens first day school 5 million kids wholl bullied year united states day filled anxiety foreboding excitement sun rises school busses across country overflow backpacks brass instruments rambunctious sounds raging hormones ride unknown,2011,PG-13,92,"['drama', 'documentation']",['US'],0.0,tt1682181,7.4,10266.0,6.651,7.2,-0.979,-0.4939
tm307774,Jagga Jasoos,MOVIE,gifted teenage detective searches missing father ladylove assistant,2017,PG,180,"['comedy', 'thriller', 'romance', 'action']",['IN'],0.0,tt4129428,6.3,10283.0,6.005,6.0,-0.296,0.0
ts83999,Hilda,SHOW,fearless freespirited hilda finds new friends adventure magical creatures leaves enchanted forest home journeys city,2018,TV-Y7,25,"['animation', 'family', 'scifi', 'drama', 'fantasy', 'comedy']",['GB'],2.0,tt6385540,8.5,10283.0,18.535,8.3,0.872,0.0
tm1138477,Downfall : The Case Against Boeing,MOVIE,investigators reveal boeings alleged priority profit safety could contributed two catastrophic crashes within months,2022,R,89,['documentation'],['US'],0.0,tt11893274,7.4,10313.0,25.636,7.2,0.3612,0.0
tm361746,Ophelia,MOVIE,ophelia comes age ladyinwaiting queen gertrude singular spirit captures hamlets affections lust betrayal threaten kingdom ophelia finds trapped true love controlling destiny,2019,PG-13,114,"['drama', 'romance', 'history', 'war', 'thriller']","['GB', 'US']",0.0,tt5690870,6.6,10357.0,17.715,7.3,0.1027,0.0
tm310899,Mary Magdalene,MOVIE,first century freespirited mary magdalene flees marriage family arranged finding refuge sense purpose radical new movement led charismatic rabblerousing preacher named jesus,2018,R,120,"['drama', 'history']","['US', 'AU', 'GB']",0.0,tt5360996,5.9,10364.0,54.725,6.3,-0.1779,0.0
tm316311,Wasp Network,MOVIE,havana cuba 1990 ren gonzlez airplane pilot unexpectedly flees country leaving behind wife olga daughter irma begins new life miami becomes member anticastro organization,2020,R,128,"['thriller', 'drama', 'crime']","['BR', 'FR', 'ES', 'BE']",0.0,tt6834140,5.9,10368.0,10.195,6.1,-0.1779,0.0
tm925584,The Vanished,MOVIE,family vacation takes terrifying turn parents paul wendy discover young daughter vanished without trace stopping nothing find search truth leads shocking revelation,2020,R,115,"['thriller', 'action', 'crime']",['US'],0.0,tt9794630,5.7,10378.0,13.281,6.0,-0.7856,0.0
tm234069,Wedding Association 2 : Circumcision,MOVIE,ismail old screwball crew land hot water grandsons circumcision evolves buzzmaking citywide event,2015,PG-13,107,['comedy'],['TR'],0.0,tt5114588,6.3,10439.0,3.703,6.2,-0.0516,0.0
tm92977,Ishqiya,MOVIE,run goons man nephew fall kidnappers seductive widow,2010,R,115,"['thriller', 'comedy', 'drama', 'romance']",['IN'],0.0,tt1345777,7.3,10469.0,3.912,6.3,0.0,0.0
tm38064,Berserk : The Golden Age Arc II - The Battle Doldrey,MOVIE,band hawk participates midland war campaign bloody battlefield conquer decisive victories lead doldrey old fortress decide outcome war,2012,R,98,"['action', 'drama', 'fantasy', 'animation', 'horror']",['JP'],0.0,tt2358911,7.7,10470.0,20.201,7.5,-0.9081,-0.3818
tm433462,We Summon Darkness,MOVIE,three best friends attending heavymetal show cross paths sadistic killers travel secluded country home party,2020,R,91,"['thriller', 'horror', 'comedy', 'music']",['US'],0.0,tt8058874,5.2,10483.0,8.183,5.5,0.6908,-0.25
tm982470,Stuck Apart,MOVIE,entrenched midlife crisis aziz seeks solace mundane job lonesome friends rowdy family pretending act together,2021,R,96,"['comedy', 'drama']",['TR'],0.0,tt11213372,6.0,10515.0,7.403,6.2,-0.4767,-0.25
tm234586,Visaranai,MOVIE,pandi friends immigrant workers andhra pradesh picked cops crime never committed thus begins nightmare become pawns vicious game voiceless strangled power,2016,PG,118,"['thriller', 'drama', 'crime']",['IN'],0.0,tt6150900,8.5,10548.0,4.442,8.0,-0.8028,0.0
ts21986,Good Witch,SHOW,cassie nightingale middletons favorite enchantress youngteenage daughter grace shares special intuition mom welcome dr sam radford son town new york transplants move next grey house immediately spellbound motherdaughter duo next door sam cassie quickly find may see eye eye signature charm cassie attempts bring everyone together ensuring middleton new changes big surprises course little bit magic good witch based bells beloved character cassie ravenhaired enchantress kept audiences spellbound seven installments hallmark channels longestrunning highestrated original movie franchise time,2015,TV-G,43,"['scifi', 'fantasy', 'comedy', 'drama']",['US'],7.0,tt3906732,7.2,10556.0,35.952,7.7,0.973,0.1027
tm429163,The Photographer Mauthausen,MOVIE,spanish photographer francesc boix imprisoned mauthausengusen concentration camp works ss photographic service 1943 1945 hides help prisoners thousands negatives purpose showing freed world atrocities committed nazis exhaustively documented key witness nuremberg trials,2018,R,110,"['thriller', 'drama', 'history', 'war', 'european']",['ES'],0.0,tt6704776,6.7,10687.0,9.958,7.0,-0.296,0.0
ts225651,Feel Good,SHOW,recovering addict comedian mae tries control addictive behaviors intense romanticism permeate every facet life life complicated new allconsuming relationship new girlfriend george,2020,TV-MA,25,"['drama', 'comedy', 'romance']",['GB'],2.0,tt10098620,7.5,10690.0,9.986,7.4,0.7269,0.4404
ts89119,The Disappearance Madeleine McCann,SHOW,documentary takes detailed look disappearance 3yearold madeleine mccann vanished holiday family,2019,TV-14,55,"['crime', 'documentation']",['GB'],1.0,tt9879074,6.6,10691.0,6.571,6.8,0.4019,0.0
tm438995,A Christmas Prince : The Royal Wedding,MOVIE,year amber helped richard secure crown two set tie knot royal christmas wedding plans jeopardized amber finds secondguessing whether shes cut queen richard faced political crisis threatens tarnish holiday season future kingdom,2018,PG,92,"['romance', 'drama']",['US'],0.0,tt8709036,5.3,10698.0,9.051,6.4,-0.5719,0.0
ts93054,Trinkets,SHOW,unexpected friendship forms three teenage girls meet shoplifters anonymous,2019,TV-MA,26,"['drama', 'comedy', 'crime']",['US'],2.0,tt9134194,7.0,10725.0,17.648,8.089,0.4404,0.0
tm151927,Mary Kom,MOVIE,chronicle life indian boxer mary kom went several hardships audaciously accomplishing ultimate dream,2014,PG-13,122,"['history', 'action', 'drama', 'sport']",['IN'],0.0,tt3001638,6.8,10769.0,4.917,7.1,0.25,0.0
ts53099,Bordertown,SHOW,story di kari sorjonen serious crime unit lappeenranta family investigations variety harrowing homicides around border area,2016,TV-MA,59,"['drama', 'crime', 'european']",['FI'],3.0,tt4937942,7.6,10782.0,15.882,7.7,-0.5859,0.0
ts21095,Teenage Mutant Ninja Turtles,SHOW,teenage mutant ninja turtles back allnew animated series nickelodeon surfacing topside first time fifteenth birthday titular turtles leonardo michelangelo raphael donatello find life sewers isnt exactly thought would turtles must work together team take new enemies arise take new york city,2012,TV-Y7,24,"['animation', 'scifi', 'action', 'family', 'thriller', 'horror', 'fantasy', 'crime', 'comedy', 'drama']",['US'],5.0,tt1877889,7.8,10809.0,48.881,8.3,-0.4939,0.0
tm29731,Chup Chup Ke,MOVIE,debtridden young man attempts suicide rescued find luck finally turning,2006,G,165,"['comedy', 'drama', 'romance']",['IN'],0.0,tt0464160,6.9,10810.0,3.942,6.1,0.0772,0.0
tm419496,Lust Stories,MOVIE,anthology four stories sheds light modern relationships viewpoint indian woman,2018,R,120,"['drama', 'romance']",['IN'],0.0,tt8439854,6.4,10830.0,6.98,6.2,0.0,0.0
tm881162,Athlete A,MOVIE,follow indianapolis star reporters broke story usa gymnastics doctor larry nassars abuse hear gymnasts,2020,PG-13,104,"['documentation', 'crime', 'sport']",['US'],0.0,tt11905462,7.6,10861.0,11.88,7.7,-0.7906,0.0
ts22005,Total Drama Island,SHOW,reality tv meets animation parody twentytwo teens sent rundown buginfested summer camp known reality tv producers split teams screaming gophers take killer bass face challenges get insane week,2007,TV-PG,23,"['war', 'reality', 'animation', 'action', 'comedy', 'drama', 'family']",['CA'],6.0,tt1173427,7.3,10886.0,16.655,7.3,-0.8519,0.0
ts219162,Inside Bill 's Brain : Decoding Bill Gates,SHOW,threepart documentary tells bill gates life story indepth unfiltered pursues unique solutions worlds complex problems,2019,TV-14,53,['documentation'],['US'],1.0,tt10837476,7.9,10892.0,6.426,7.5,-0.25,0.0
tm139194,Ratchet & Clank,MOVIE,galaxy comes threat nefarious space captain mechanic newfound robot ally join elite squad combatants save universe,2016,PG,94,"['animation', 'family', 'action', 'comedy', 'scifi', 'fantasy']","['CA', 'US']",0.0,tt2865120,5.5,10919.0,22.825,5.8,0.25,0.0
tm41508,First Sunday,MOVIE,durell leejohn best friends bumbling petty criminals told one week pay 17000 debt durell lose son come desperate scheme rob neighborhood church instead end spending night presence lord forced deal much bargained,2008,PG-13,96,"['comedy', 'action', 'crime', 'drama']",['US'],0.0,tt0486578,4.5,10927.0,8.809,5.6,-0.8934,0.0
ts93611,October Faction,SHOW,semiretired couple work clandestine monster hunting agency discover dark family secrets truth employer magically inclined nigh adult kids reawaken witch bent revenge,2020,TV-MA,41,"['horror', 'scifi', 'drama', 'fantasy']",['US'],1.0,tt8826128,6.1,10961.0,8.382,6.8,-0.5574,0.0
tm894619,Feel Beat,MOVIE,failing make broadway april returns hometown reluctantly begins training misfit group young dancers competition,2020,G,107,"['comedy', 'drama', 'family']","['US', 'CA']",0.0,tt10714856,6.3,10967.0,18.004,7.7,-0.5719,0.0
ts297483,Hometown Cha-Cha-Cha,SHOW,bigcity dentist opens practice closeknit seaside village home charming jackofalltrades polar opposite every way,2021,TV-14,78,"['comedy', 'romance', 'drama']",['KR'],1.0,tt14518756,8.4,11060.0,40.151,8.2,0.5859,0.0
ts55781,Black Spot,SHOW,small bordertown villefranche lost heart large forest crime rate six times higher elsewhere area new crime major laurne weiss solves help unusual team makes sink deeper deeper secrets area,2017,TV-MA,55,"['drama', 'crime', 'thriller', 'horror', 'european']","['BE', 'FR']",2.0,tt6519410,7.4,11068.0,17.457,7.0,-0.6705,0.0
ts84280,Rascal Does Not Dream Bunny Girl Senpai,SHOW,puberty syndromea rumored mysterious syndrome affects puberty example bunny girl suddenly appeared front sakuta azusagawa bunny girls real identity mai sakurajima teenage celebrity currently inactive high school senior reason charming figure reflect eyes others course revealing mystery behind phenomenon sakuta begins explore feelings towards mai set city skies seas shine sakuta unfolds meaning behind bizarre encounters women said syndrome,2018,TV-14,25,"['comedy', 'thriller', 'animation', 'fantasy', 'romance', 'drama']",['JP'],1.0,tt8993398,8.1,11117.0,61.635,8.8,0.3612,-0.1877
ts258358,The Life Movies Erşan Kuneri,SHOW,story erotic film producer director ersan kuneri 70s 80s,2022,TV-MA,48,['comedy'],['TR'],1.0,tt13238304,6.7,11145.0,4.766,7.7,0.0,0.0
tm186161,Boss,MOVIE,disowned father boy surya taken crime boss brother shiv wrongly imprisoned father pleads suryas help,2013,PG-13,143,"['comedy', 'drama', 'crime', 'action']",['IN'],0.0,tt2571140,5.1,11159.0,3.181,5.7,-0.5859,0.0
tm71119,Delta Farce,MOVIE,three bumbling army reservists hustled onto plane headed combat iraq fact plane drops mexico doesnt stop liberating believe middle east,2007,PG-13,90,"['comedy', 'action']",['US'],0.0,tt0800003,3.6,11177.0,10.367,5.0,-0.1311,-0.4019
ts84243,Baby,SHOW,fed families classmates two teen girls wealthy part rome drawn citys underworld start leading double lives,2018,TV-MA,45,['drama'],['IT'],3.0,tt7645192,6.8,11202.0,38.201,8.0,0.3612,0.0
ts57082,White Gold,SHOW,story doubleglazing showroom essex 80s led charismatic vincent swan unscrupulous sales team brian fitzpatrick martin lavender,2017,TV-MA,29,"['comedy', 'european']",['GB'],2.0,tt6010920,7.4,11233.0,5.878,6.9,0.0,0.0
tm413169,Peter Rabbit 2 : The Runaway,MOVIE,peter rabbit runs away human family learns going portray bad light book soon crosses paths older rabbit ropes heist,2021,PG,93,"['fantasy', 'action', 'family', 'comedy', 'animation', 'crime', 'drama']","['AU', 'US']",0.0,tt8376234,6.2,11233.0,130.318,7.2,-0.5423,0.0
tm571805,Otherhood,MOVIE,grounded soulful celebratory comedy three mothers adult sons film explores stage motherhood otherhood redefine relationship children friends spouse importantly,2019,R,100,['comedy'],"['US', 'GB']",0.0,tt4180560,6.1,11275.0,9.31,6.2,0.7845,0.0
ts225544,The Trials Gabriel Fernandez,SHOW,boys brutal murder public trials guardians social workers prompt questions systems protection vulnerable children,2020,TV-MA,55,"['crime', 'documentation']",['US'],1.0,tt11822998,8.1,11276.0,9.821,7.5,-0.8934,0.0
tm49865,Aamir,MOVIE,doctor indian origin returning mumbai london forced participate terrorist plot,2008,NC-17,96,"['thriller', 'crime', 'drama', 'action']",['IN'],0.0,tt1241195,7.6,11290.0,4.053,6.9,-0.8271,0.0
ts103702,Young Wallander,SHOW,follow recently graduated police officer kurt wallander investigates first case,2020,TV-MA,45,"['thriller', 'crime', 'drama']",['GB'],2.0,tt9359220,6.9,11377.0,72.638,7.1,0.0,0.0
tm266652,Bleach,MOVIE,high school student ichigo kurosaki lives ordinary life besides able see ghosts blurry memories mothers death strange circumstances kid peaceful world suddenly breaks meets rukia kuchiki god death,2018,PG-13,108,"['fantasy', 'action']",['JP'],0.0,tt5979872,6.4,11406.0,25.802,6.6,-0.6908,0.0
ts87248,In Dark,SHOW,murphy flawed irreverent woman happens blind witness murder drugdealing friend tyson police dismiss story sets dog pretzel find killer also managing colorful dating life job hates breaking blind guidedog school owned overprotective parents,2019,TV-14,41,"['drama', 'comedy', 'action', 'crime', 'horror']",['US'],4.0,tt7772602,7.5,11409.0,39.136,7.9,-0.9337,0.0
ts215691,Teenage Bounty Hunters,SHOW,joining forces veteran bounty hunter sixteenyearold fraternal twin sisters sterling blair dive world bail skipping baddies still navigating high stakes teenage love sex,2020,TV-MA,49,"['comedy', 'drama', 'action', 'crime']",['US'],1.0,tt10584608,7.6,11426.0,16.492,7.9,0.6369,0.0
ts307973,Murderville,SHOW,welcome murderville new series starring arnett detective every episode solve murder new celebrity guest star partner catch guest star never given script improvise way case,2022,TV-MA,34,"['comedy', 'crime']",['US'],1.0,tt15264192,6.8,11466.0,5.846,6.2,-0.2263,0.0
ts38568,Flaked,SHOW,funky california beach enclave chips goto guy personal insights isnt quite enlightened comes baggage,2016,TV-MA,33,"['comedy', 'drama', 'romance']",['US'],2.0,tt4973548,7.2,11474.0,8.853,6.9,-0.5015,0.0
tm190811,Geronimo : An American Legend,MOVIE,apache indians reluctantly agreed settle us government approved reservation apaches able adapt life corn farmers one particular geronimo restless pushed edge broken promises necessary actions government geronimo thirty warriors form attack team humiliates government evading capture reclaiming rightfully,1993,PG-13,115,"['western', 'history', 'drama']",['US'],0.0,tt0107004,6.5,11709.0,8.136,6.3,-0.4939,0.0
ts224072,Self Made : Inspired Life Madam C.J . Walker,SHOW,limited series chronicles incredible true story madam cj walker first african american selfmade millionaire,2020,TV-MA,47,"['drama', 'history']",['US'],1.0,tt8771910,7.3,11711.0,10.598,7.5,0.2263,0.4939
tm185797,Fukrey,MOVIE,paths four dreamchasing college friends cross array colourful characters toughtalking punjabi female jugaad baaz college watchman mayhem ensues,2013,PG-13,137,"['drama', 'comedy', 'romance']",['IN'],0.0,tt2806788,6.9,11780.0,4.383,6.8,0.4767,0.0
tm159593,No One Killed Jessica,MOVIE,true story model jessica lall shot dead restaurant campaign bring killer justice,2011,PG-13,136,"['drama', 'thriller', 'crime']",['IN'],0.0,tt1734110,7.2,11783.0,4.471,6.7,-0.5267,-0.7717
tm156575,Billu,MOVIE,famous bollywood actor visits small village films shoot lowly hairdressers claim childhood friends soon makes centre attention,2009,PG,137,"['drama', 'comedy']",['IN'],0.0,tt1230448,6.3,11884.0,7.028,6.5,-0.0772,0.0
ts90234,I Think You Should Leave Tim Robinson,SHOW,thing ordinary interaction offbeat sketch comedy series features deep roster guest stars,2019,TV-MA,16,['comedy'],['US'],3.0,tt10050772,7.9,11900.0,8.873,6.6,0.3612,-0.0516
ts21688,Boys Over Flowers,SHOW,working class girl winds exclusive prep school unassuming high school girl jan di stands eventually falls spoiled rich kid belongs schools powerful clique,2009,TV-14,64,"['comedy', 'drama', 'romance']",['KR'],1.0,tt1370334,7.9,11902.0,80.384,8.28,0.7845,0.0
tm357479,Day Dead : Bloodline,MOVIE,world overrun zombies military personnel survivalists live underground bunker seek cure,2017,R,90,"['horror', 'action', 'scifi', 'thriller', 'drama', 'european']","['US', 'BG']",0.0,tt3053228,3.4,11909.0,19.869,4.6,0.0,-0.6486
tm323634,A-X-L,MOVIE,life teenage boy forever altered chance encounter cutting edge military technology,2018,PG-13,98,"['scifi', 'thriller', 'action', 'drama', 'family']",['US'],0.0,tt5709188,5.3,11920.0,32.431,6.3,0.128,0.0
tm288010,Final Score,MOVIE,stadium seized group heavily armed criminals major sporting event exsoldier must use military skills save daughter fallen comrade huge crowd unaware danger,2018,R,104,"['action', 'drama', 'thriller']","['GB', 'US']",0.0,tt5254610,5.7,11967.0,17.411,6.1,-0.7096,0.0
tm1038369,Good Paper,MOVIE,years putting career ahead love standup comic andrea singer stumbled upon perfect guy paper checks boxes everything appears,2021,R,92,"['comedy', 'romance']",['US'],0.0,tt8231668,5.6,11987.0,14.843,5.7,0.836,0.4404
ts246073,Tribes Europa,SHOW,2074 wake mysterious global disaster war rages tribes emerged wreckage europe three siblings peaceful origine tribe separated forced forge paths actionpacked fight future new europa,2021,TV-MA,47,"['scifi', 'drama', 'action', 'fantasy']",['DE'],1.0,tt9184982,6.7,12043.0,37.998,7.179,-0.926,0.0
tm103133,Karthik Calling Karthik,MOVIE,much abused loner achieves success even wins heart gorgeous coworker getting early morning mysterious phone calls someone,2010,PG,135,"['thriller', 'romance', 'drama']",['IN'],0.0,tt1373156,7.1,12114.0,7.725,6.3,0.7783,0.0
tm348003,Acts Vengeance,MOVIE,fasttalking lawyer transforms body takes vow silence broken finds killed wife daughter revenge,2017,R,87,"['drama', 'thriller', 'action', 'crime', 'european']","['BG', 'US']",0.0,tt6288694,5.7,12160.0,23.289,5.899,-0.9001,0.0
ts236531,Too Hot Handle,SHOW,shores paradise gorgeous singles meet mingle theres twist win 100000 grand prize theyll give sex,2020,TV-MA,42,"['reality', 'romance']",['US'],3.0,tt12004280,4.6,12230.0,20.633,6.8,0.9601,0.0
tm340587,Ittefaq,MOVIE,police officer dev investigates double murder case two witnesses acclaimed writer vikram young homemaker maya also happen prime suspects case finds torn versions happened fateful night takes upon figure real story capture real murderer,2017,PG,107,"['crime', 'thriller']",['IN'],0.0,tt6692354,7.2,12262.0,6.265,7.0,-0.9287,0.0
ts3844,Aquarius,SHOW,late 1960s los angeles police sergeant complicated personal life starts tracking smalltime criminal budding cult leader seeking vulnerable women join cause name man charles manson,2015,TV-14,43,"['drama', 'thriller', 'crime', 'european']",['US'],2.0,tt3768572,7.0,12279.0,13.111,6.8,-0.4767,0.0
ts12815,Big Time Rush,SHOW,four teenage friends move minneapolis los angeles form potential charttopping boy band kendall inadvertently discovered eccentric record executive gustavo rocque seize opportunity lifetime friends embark exciting comedy musicfilled journey prove record label serious new career choice,2009,TV-G,25,"['family', 'comedy']",['US'],4.0,tt1131746,6.3,12288.0,55.706,8.774,0.9246,0.0
tm102848,Peepli Live,MOVIE,natha decides commit suicide get farmers compensation however media politicians learn intentions descend village capture rare event,2010,PG,104,"['drama', 'comedy']",['IN'],0.0,tt1447508,7.4,12309.0,3.404,7.3,-0.5106,0.0
tm1021871,The Starling,MOVIE,lilly suffers loss combative starling takes nest beside quiet home feisty bird taunts attacks griefstricken lilly journey expel starling rediscovers live capacity love,2021,PG-13,102,"['comedy', 'drama', 'fantasy']",['US'],0.0,tt5164438,6.3,12309.0,24.671,7.1,-0.7184,0.0
ts83555,"Roswell , New Mexico",SHOW,reluctantly returning touristtrap hometown roswell new mexico daughter undocumented immigrants discovers shocking truth teenage crush police officerhes alien kept unearthly abilities hidden entire life protects secret two reconnect begin investigate origins violent attack longstanding government coverup point greater alien presence earth politics fear hatred threaten expose destroy deepening romance,2019,TV-14,41,"['scifi', 'drama', 'romance']",['US'],4.0,tt7588054,6.1,12343.0,46.094,8.1,-0.9337,0.0
tm433228,Red Joan,MOVIE,london england may 2000 peaceful life elderly joan stanley suddenly disrupted arrested british intelligence service accused providing information communist russia forties,2018,R,101,"['thriller', 'history', 'romance', 'drama']",['GB'],0.0,tt7615302,6.4,12452.0,13.425,6.7,0.25,0.0
tm448767,Knock Down House,MOVIE,2018 young bartender bronx coal miners daughter west virginia grieving mother nevada registered nurse missouri join movement insurgent candidates challenging powerful incumbents congress without political experience corporate money four women attempting many consider impossible,2019,PG,86,['documentation'],['US'],0.0,tt9358052,7.2,12496.0,8.876,7.4,0.3182,0.0
tm993670,Cosmic Sin,MOVIE,year 2524 four centuries humans started colonizing outer planets retired general james ford gets called back service hostile alien fleet attacks soldiers remote planet threat mankind soon escalates interstellar war ford team elite soldiers try stop imminent attack late,2021,R,88,"['action', 'scifi']",['US'],0.0,tt11762434,2.5,12517.0,98.432,4.2,-0.9524,-0.5574
ts9794,Comedians Cars Getting Coffee,SHOW,jerry takes comedy pals coffee selection classic automobiles larry david sums best says youve finally made show nothing,2012,TV-14,19,"['comedy', 'animation', 'family']",['US'],11.0,tt2314952,8.0,12522.0,13.067,7.1,0.7717,0.296
tm44530,Fashion,MOVIE,smalltown girl finally realizes dream becoming famous supermodel soon finds theres price glamorous new life,2008,PG-13,167,"['drama', 'romance']",['IN'],0.0,tt0964516,6.9,12533.0,7.048,6.3,0.6486,0.0
tm60844,Berserk : The Golden Age Arc I - The Egg King,MOVIE,guts immensely strong swordforhire little direction life simply fighting one battle next however changes suddenly meets bested griffith beautiful charismatic young man leads band hawk mercenary army guts joins band relationship two men begins blossom casca tough lone swordswoman band hawk struggles accept guts influence world around two men begin fight together griffith continues rise power seemingly order reach mysterious prophesied goals lengths guts griffith go order reach goals fate take two men,2012,NC-17,76,"['action', 'fantasy', 'animation', 'horror', 'war', 'drama']",['JP'],0.0,tt2210479,7.5,12548.0,20.928,7.4,-0.2023,0.0
ts272980,The One,SHOW,love lies spiral dna researcher helps discover way find perfect partner creates bold new matchmaking service,2021,TV-MA,42,"['drama', 'scifi', 'thriller', 'crime', 'action']",['GB'],1.0,tt13879466,6.6,12552.0,13.554,6.9,0.9081,0.0
tm193211,Mucize,MOVIE,1960s turkey countryside newly assigned teacher finds solitary village missing school gets fond village people especially disabled man teacher helps village build new school educate children disabled man,2015,PG-13,136,"['drama', 'comedy', 'romance', 'documentation', 'european']",['TR'],0.0,tt6876670,7.6,12593.0,6.24,7.2,0.5106,0.0
ts78291,Dogs Berlin,SHOW,politically sensitive murder forces two disparate detectives battle berlin underworld confrontation corruption,2018,TV-MA,60,"['crime', 'drama', 'action', 'thriller']",['DE'],1.0,tt6839788,7.5,12617.0,10.83,7.4,-0.8625,0.0
ts21693,"Sister , Sister",SHOW,twins tia landry tamera campbell separated adopted birth fourteen years later encounter chance mall families meet tias widowed father agrees let tamera single mother move,1994,TV-PG,22,"['comedy', 'drama', 'family']",['US'],6.0,tt0108927,6.2,12657.0,21.489,7.5,0.4588,0.0
ts105047,To Lake,SHOW,terrible plague strikes group decides risk lives humanity struggles survive face end civilization,2019,TV-MA,51,"['thriller', 'drama', 'scifi']",['RU'],2.0,tt9151230,7.2,12713.0,13.757,7.5,-0.8481,0.0
tm270504,Mindhorn,MOVIE,washed actor best known playing title character 1980s detective show mindhorn must work police serial killer says speak detective mindhorn believes real,2016,R,89,"['comedy', 'thriller']",['GB'],0.0,tt4799064,6.3,12737.0,8.406,6.1,0.1779,0.0
ts223240,Itaewon Class,SHOW,colorful seoul neighborhood excon friends fight mighty foe make ambitious dreams street bar reality,2020,TV-MA,70,"['drama', 'romance']",['KR'],1.0,tt11239552,8.2,12780.0,36.591,8.5,0.5267,0.0
tm233366,Te3n,MOVIE,grandfather police officer priest join hands investigate find missing child,2016,PG-13,136,"['thriller', 'drama']",['IN'],0.0,tt4814290,7.3,12816.0,10.676,6.9,0.0,0.0
tm1087461,Last Man Down,MOVIE,civilization succumbs deadly pandemic wife murdered special forces soldier abandons duty becomes hermit nordic wilderness years later wounded woman appears doorstep shes escaped lab pursuers believe blood key worldwide cure hes hesitant get involved doubts cast aside discovers pursuer none commander stone man murdered wife years ago,2021,R,87,"['thriller', 'action', 'scifi']","['SE', 'GB']",0.0,tt12335692,4.8,12850.0,358.251,6.273,-0.9118,0.0
tm22636,Trailer Park Boys : The Movie,MOVIE,boys get arrested robbing atm machine spend 18 months jail get decide pull big dirty steal large amount coins untraceable quit life crime forever,2006,R,95,"['comedy', 'crime']",['CA'],0.0,tt0425601,7.1,12910.0,6.191,6.7,-0.9136,0.0
ts88283,Wu Assassins,SHOW,last line chosen ones wannabe chef teams homicide detective unravel ancient mystery take supernatural assassins,2019,TV-MA,44,"['scifi', 'action', 'crime', 'drama', 'fantasy']",['US'],1.0,tt8652642,6.4,12921.0,15.475,7.3,0.0,0.0
tm160034,Humpty Sharma Ki Dulhania,MOVIE,girl ambala kavya pratap singh married visits delhi shop dhai lakh ka ghagrawedding dress worth rs 25 lakh meets humpty sharma carefree delhiite falls love,2014,PG,133,"['drama', 'comedy', 'romance']",['IN'],0.0,tt3678938,6.0,12969.0,6.707,6.4,0.8316,0.0
ts9246,Blue Exorcist,SHOW,humans live world assiah demons gehenna two dimensions meant interfere demons still possess creatures assiah spite humans fight demons known exorcists rin okumura boy bears curse satans illegitimate son foster father sacrificed save demons avenge foster fathers death well prove rin decides follow path exorcist defeat father satan hone raw skills rin enters true cross academy train exorcist candidates,2011,TV-14,25,"['scifi', 'action', 'fantasy', 'horror', 'family', 'animation', 'drama']",['JP'],2.0,tt1799631,7.5,12985.0,46.557,8.1,-0.8519,0.0
tm201365,Brothers,MOVIE,david monty estranged halfbrothers train mixed martial arts earn livelihood however things change two forced compete final tournament,2015,PG-13,156,"['family', 'action', 'drama', 'sport']",['IN'],0.0,tt3802576,6.4,13003.0,5.554,6.6,-0.296,0.0
ts112733,Bard Blood,SHOW,political espionage thriller based bard blood bilal siddiqi,2019,TV-MA,44,"['action', 'drama', 'thriller']",['IN'],2.0,tt8069036,6.8,13005.0,4.509,7.4,0.1027,0.0
tm211510,Incarnate,MOVIE,exorcist comes evil past uses skills enter mind nine year old boy,2016,PG-13,19,"['horror', 'thriller']",['US'],0.0,tt3216348,5.2,13090.0,14.911,5.4,-0.6597,0.0
tm183963,Dreamer : Inspired By True Story,MOVIE,ben crane believes severely injured racehorse deserves another chance daughter cale adopt mare save sacrificed owner,2005,PG,106,"['family', 'drama', 'sport', 'fantasy']",['US'],0.0,tt0418647,6.8,13205.0,10.235,6.9,0.0516,0.7184
tm1003630,After We Fell,MOVIE,tessas life begins become unglued nothing thought would friends family person able rely hardin furious discovers massive secret shes keeping tessa makes biggest decision life everything changes revelations family,2021,R,99,"['romance', 'drama']","['FR', 'US']",0.0,tt13069986,4.6,13221.0,341.558,7.2,-0.7394,0.0
ts80035,Nightflyers,SHOW,year 2093 team scientists aboard nightflyer advanced ship ever built embarks journey find life forms mission takes edge solar system edge insanity realize true horror isnt waiting outer spaceits already ship,2018,TV-MA,44,"['scifi', 'thriller', 'drama', 'horror']",['US'],1.0,tt6903284,5.8,13222.0,10.291,5.6,-0.5423,0.0
tm916997,Work It,MOVIE,brilliant clumsy high school senior vows get late fathers alma mater transforming misfit squad dance champions,2020,PG-13,93,"['comedy', 'music']",['US'],0.0,tt10276470,6.1,13242.0,14.953,7.7,0.802,0.0
tm164389,Paheli,MOVIE,kishanlal marries beautiful lachchi day wedding leaves business five years kishanlal reappears days later lachchi delighted new kishanlal fact spirit taken form lachchis husband seen chance fallen love four years later real kishanlal returns townsfolk must determine,2005,PG-13,141,"['romance', 'drama', 'fantasy', 'comedy']",['IN'],0.0,tt0451850,6.3,13263.0,6.607,6.3,0.9118,0.0
ts222455,The Devil Next Door,SHOW,cleveland grandfather brought trial israel accused infamous nazi death camp guard known ivan terrible,2019,TV-MA,46,"['crime', 'documentation', 'history']","['US', 'IL']",1.0,tt11165002,7.6,13370.0,6.571,7.2,-0.8481,-0.6597
ts105825,The Valhalla Murders,SHOW,police profiler arnar sent back home oslo native iceland investigate countrys first serial killer case teams local senior cop kata,2019,TV-MA,47,"['crime', 'drama', 'thriller', 'scifi']",['IS'],1.0,tt11073588,7.1,13467.0,11.145,6.8,-0.6486,-0.6124
ts237972,Katla,SHOW,year subglacial volcano erupts mysterious elements prehistoric times emerge melting ice bringing unforeseen consequences,2021,TV-MA,46,"['drama', 'thriller', 'scifi']",['IS'],1.0,tt11102190,7.0,13472.0,52.807,7.2,0.0,0.0
tm348403,A Shaun Sheep Movie : Farmageddon,MOVIE,alien amazing powers crashlands near mossy bottom farm shaun sheep goes mission shepherd intergalactic visitor home sinister organization capture,2019,G,87,"['family', 'comedy', 'animation', 'fantasy', 'scifi']","['GB', 'FR']",0.0,tt6193408,6.8,13485.0,16.792,6.93,-0.0258,0.0
ts22489,Goosebumps,SHOW,anything turn spooky horror anthology series based bestselling books master kid horror rl stine every episode see happens regular kids find scary situations work confront overcome fears,1995,TV-PG,22,"['scifi', 'thriller', 'family', 'fantasy', 'horror', 'music']","['US', 'CA']",4.0,tt0111987,7.6,13493.0,63.687,7.9,-0.9337,0.0
tm861000,Worth,MOVIE,kenneth feinberg powerful dc lawyer appointed special master 911 fund fights cynicism bureaucracy politics associated administering government funds discovers life worth,2021,PG-13,118,"['drama', 'history']","['CA', 'GB', 'US']",0.0,tt8009744,6.8,13524.0,14.465,6.8,0.25,0.2263
ts54054,Imposters,SHOW,maddie persona shifting conartist beautiful dangerous leaves unwitting victims tormented realize used robbed everything including hearts things get complicated former targets ezra richard jules team track,2017,TV-14,43,"['drama', 'thriller', 'comedy', 'crime']",['US'],2.0,tt5212822,7.8,13529.0,17.273,7.3,-0.128,0.0
ts41963,Easy,SHOW,eclectic starstudded anthology follows diverse chicagoans fumbling modern maze love sex technology culture first dates friends benefits couples kids whatever relationship status always complicated,2016,TV-MA,30,"['drama', 'comedy']",['US'],3.0,tt5562056,6.9,13620.0,23.522,6.2,0.872,0.4404
tm283581,Super Deluxe,MOVIE,unfaithful newlywed wife estranged father priest angry son suddenly find unexpected predicaments poised experience destiny one fateful day,2019,NC-17,176,"['comedy', 'thriller', 'drama', 'action', 'crime']",['IN'],0.0,tt7822432,8.4,13680.0,7.084,7.8,-0.3182,0.5994
tm219259,Goon : Last Enforcers,MOVIE,pro lockout doug thug glatt injured must choose whether defend team dangerous new enemy wife prepares give birth daughter,2017,R,101,"['comedy', 'sport']",['CA'],0.0,tt2417712,5.8,13717.0,13.329,5.7,-0.8519,0.0
ts41913,Frequency,SHOW,detective raimy sullivan stunned voice suddenly crackles fathers old longbroken ham radio frank sullivan somehow transmitting airwaves decades 1996 separated twenty years father daughter reunited frequency hear rewrite story lives without risking everyone love,2016,TV-14,18,"['scifi', 'drama', 'fantasy', 'thriller']",['US'],3.0,tt5531470,7.4,13723.0,12.16,7.3,-0.4226,0.0
ts83107,V Wars,SHOW,mysterious disease begins transforming people vampires dr luther swann pitted best friend powerful vampire leader,2019,TV-MA,42,"['scifi', 'drama', 'horror']",['US'],1.0,tt7403736,6.0,13745.0,19.7,7.7,0.8807,-0.5574
tm455568,Paddleton,MOVIE,unlikely friendship two neighbors becomes unexpectedly emotional journey younger man diagnosed terminal cancer,2019,R,89,"['drama', 'comedy']",['US'],0.0,tt8041276,7.1,13791.0,7.339,7.0,-0.2263,0.0
ts189422,Home Christmas,SHOW,constant comments single status societys expectations perfect family christmas finally get 30yearold johanne starts 24day hunt partner bring home christmas,2019,TV-MA,29,"['comedy', 'drama', 'romance']",['NO'],2.0,tt10069398,7.7,13794.0,8.298,7.3,0.5719,0.0
tm471968,Passing,MOVIE,1920s new york city black woman finds world upended life becomes intertwined former childhood friend whos passing white,2021,PG-13,98,"['drama', 'thriller']","['US', 'CA', 'GB']",0.0,tt8893974,6.7,13803.0,29.687,6.451,0.4939,0.0
ts56480,Troy : Fall City,SHOW,rich story love intrigue betrayal belonging told perspective trojan royal family heart siege troy,2018,TV-MA,58,"['action', 'war', 'fantasy', 'romance']",['GB'],1.0,tt5103758,3.9,13815.0,12.655,6.5,0.6124,0.0
ts56511,Cable Girls,SHOW,1920s madrid four women national telephone company ring revolution deal romance envy modern workplace,2017,TV-MA,46,"['drama', 'history', 'european']",['ES'],5.0,tt5674718,7.6,13855.0,44.083,7.9,0.3612,0.0
ts283080,Who Killed Sara ?,SHOW,hellbent exacting revenge proving framed sisters murder lex sets unearth much crimes real culprit,2021,TV-MA,41,"['drama', 'crime', 'thriller']",['MX'],3.0,tt11937816,6.4,13960.0,119.334,7.7,-0.8442,-0.6705
ts113842,Giri/Haji,SHOW,detective tokyo scours london missing brother whos involved yakuza accused murder,2019,TV-MA,58,"['drama', 'thriller', 'crime']",['GB'],1.0,tt8001106,7.8,14008.0,14.215,7.7,-0.8442,0.0
ts37866,Call My Agent !,SHOW,top paris talent firm agents scramble keep star clients happyand business afloatafter unexpected crisis,2015,TV-MA,55,"['comedy', 'drama', 'european']",['FR'],4.0,tt4277922,8.3,14061.0,20.42,7.9,-0.128,0.0
ts84586,Spinning Out,SHOW,kat baker upandcoming highlevel single skater turn skates disastrous fall kat seizes opportunity continue career pair skater talented badboy partner risks exposing fiercely kept secret could unravel entire life,2020,TV-MA,49,"['drama', 'sport']",['US'],1.0,tt9117054,7.6,14066.0,14.067,8.1,-0.25,0.0
tm935895,The Life Ahead,MOVIE,seaside italy holocaust survivor daycare business takes 12yearold street kid recently robbed,2020,PG-13,94,"['drama', 'european']","['IT', 'US']",0.0,tt10627584,6.8,14170.0,13.394,6.7,0.3612,0.0
tm363488,RBG,MOVIE,justice ruth bader ginsburg 84 still inspired lawyers defended free speech red scare ginsburg refuses relinquish passionate duty steadily fighting equal rights citizens law intimate interviews unprecedented access ginsburgs life outside court rbg tells electric story ginsburgs consuming love affairs constitution beloved husband martyand lifes work led become icon justice highest court land,2018,PG,98,['documentation'],['US'],0.0,tt7689964,7.6,14182.0,8.258,7.6,0.9612,0.0
ts215378,Love 101,SHOW,1990s turkey group teenage outcasts band together make beloved teacher fall love shell reason stay town,2020,TV-14,46,"['drama', 'romance', 'comedy']",['TR'],2.0,tt10516352,7.5,14206.0,14.642,8.1,0.8176,0.6369
tm499045,Occupation : Rainfall,MOVIE,two years aliens land earth survivors sydney australia fight desperate war number casualties continue grow,2020,R,128,"['scifi', 'action']",['AU'],0.0,tt8615822,5.2,14219.0,16.63,6.5,-0.8176,0.0
tm912100,Bruised,MOVIE,jackie justice mixed martial arts fighter leaves sport disgrace luck simmering rage regret years fight shes coaxed brutal underground fight manager boyfriend desi grabs attention fight league promoter promises jackie life back octagon road redemption becomes unexpectedly personal manny son gave infant shows doorstep triumphant story fighter reclaims power ring everyone counted,2021,R,129,"['drama', 'sport', 'thriller']","['GB', 'US']",0.0,tt8310474,6.1,14293.0,29.914,7.0,-0.7845,0.0
ts38718,Slasher,SHOW,thirty years ago sleepy community waterbury killer known executioner murdered sarah bennetts parents sarah husband dylan returned town find centerpiece series horrifying murders centered around seven deadly sins,2016,TV-MA,46,"['crime', 'drama', 'horror', 'thriller']",['CA'],4.0,tt4667888,6.7,14321.0,33.199,6.6,-0.9657,0.0
tm515157,Point Blank,MOVIE,top spy must clear name faces military sanctions,2017,NC-17,86,"['action', 'thriller', 'crime', 'drama']",['US'],0.0,tt2499472,5.7,14324.0,12.985,6.1,0.5267,0.0
tm407827,Girl,MOVIE,promising teenage dancer enrolls prestigious ballet school grappling gender dysphoria,2018,R,105,"['drama', 'european']","['NL', 'BE']",0.0,tt8254556,7.1,14356.0,15.457,7.2,0.4019,0.0
tm97544,Alpha Omega,MOVIE,two young wolves opposite ends packs social order thrown together foreign land need return home love complicates everything,2010,PG,88,"['animation', 'family', 'comedy', 'action', 'romance']","['CA', 'US', 'IN']",0.0,tt1213012,5.1,14362.0,13.523,5.9,0.6369,0.0
tm411311,King Thieves,MOVIE,london england april 2015 brian reader retired thief gathers unlikely gang burglars perpetrate biggest boldest heist british history thieves assault hatton garden safe deposit company escape millions goods money soon cracks gang members begin appear discuss share loot,2018,R,108,"['drama', 'crime', 'history']",['GB'],0.0,tt5789976,5.5,14418.0,9.215,5.4,-0.4767,-0.5106
tm117580,She 's Got ta Have It,MOVIE,story nola darlings simultaneous sexual relationships three different men told partners friends three men wanted commit solely nola resists owned single partner,1986,R,84,"['romance', 'comedy']",['US'],0.0,tt0091939,6.7,14472.0,7.416,6.707,0.8176,0.0
tm503508,Earthquake Bird,MOVIE,enigmatic translator dark past brought questioning expat friend came photographer boyfriend ends missing presumed dead,2019,R,107,"['romance', 'thriller', 'crime', 'drama']","['GB', 'JP']",0.0,tt8178486,5.9,14519.0,10.326,5.9,-0.5719,0.0
ts75355,Suburra : Blood Rome,SHOW,2008 fight land seaside town near rome spirals deadly battle organized crime corrupt politicians vatican,2017,TV-MA,48,"['drama', 'action', 'crime', 'european']",['IT'],3.0,tt7197684,7.9,14528.0,23.46,7.463,-0.8271,0.0
tm155761,Ajab Prem Ki Ghazab Kahani,MOVIE,love interest doesnt show meeting man friends go goa order find discover loves someone else,2009,PG,150,"['comedy', 'action', 'romance']",['IN'],0.0,tt1252596,6.3,14603.0,6.675,6.1,0.9325,0.0
ts225657,Halston,SHOW,american fashion designer halston skyrockets fame life starts spin control,2021,TV-MA,47,['drama'],['US'],1.0,tt9569546,7.5,14681.0,18.504,7.3,0.4404,0.0
tm974366,We Can Be Heroes,MOVIE,alien invaders capture earths superheroes kids must learn work together save parents planet,2020,PG,97,"['fantasy', 'drama', 'family', 'action', 'comedy']",['US'],0.0,tt10600398,4.7,14759.0,72.986,6.2,0.4939,0.5106
ts95997,Raising Dion,SHOW,widowed single mom discovers son super powers tries figure raise safely responsibly,2019,TV-G,43,"['scifi', 'drama']",['US'],2.0,tt7826108,7.1,14799.0,33.326,7.8,0.6124,0.0
ts26322,Toradora !,SHOW,ryji takasu gentle high school student love housework contrast kind nature intimidating face often gets labeled delinquent hand taiga aisaka small dolllike student anything cute fragile girl equipped wooden katana feisty personality taiga known throughout school palmtop tiger one day embarrassing mistake causes two students cross paths ryji discovers taiga actually sweet side crush popular vice president ysaku kitamura happens best friend things get crazier ryji reveals crush minori kushiedataigas best friend toradora romantic comedy follows odd duo embark quest help respective crushes forming unlikely alliance process,2008,TV-14,30,"['animation', 'comedy', 'drama', 'romance']",['JP'],2.0,tt1279024,8.0,14828.0,24.352,8.5,0.9868,0.0
tm414220,Little Italy,MOVIE,former childhood pals leo nikki attracted adultsbut feuding parents rival pizzerias put chill sizzling romance,2018,R,102,"['romance', 'comedy']","['CA', 'US']",0.0,tt6957966,5.7,14829.0,15.703,6.8,0.5859,0.0
tm155102,Demonic,MOVIE,police officer psychologist investigate deaths five people killed trying summon ghosts,2015,R,83,"['thriller', 'horror']","['US', 'GB']",0.0,tt1841642,5.3,14882.0,8.722,5.3,-0.6705,0.0
ts219101,Marianne,SHOW,novelist realizes terrifying stories coming true returns hometown face demons past inspire writing,2019,TV-MA,45,"['thriller', 'drama', 'horror']",['FR'],1.0,tt10875696,7.4,14895.0,22.746,7.7,0.4215,0.0
ts220553,The Irregulars,SHOW,set victorian london series follows gang troubled street teens manipulated solving crimes sinister doctor watson mysterious business partner elusive sherlock holmes,2021,TV-14,53,"['crime', 'drama', 'fantasy', 'thriller', 'scifi']",['GB'],1.0,tt10893694,5.9,14927.0,10.125,7.5,-0.7964,0.0
tm245271,Gantz : O,MOVIE,somewhere tokyo room room black sphere periodically people otherwise died transferred room sphere gives special suits weapons sends mission kill aliens earth missions take place rest world largely oblivious missions lethal participants survive sphere calls shots slightest bit nice name gantz,2016,NC-17,95,"['scifi', 'action', 'animation', 'fantasy', 'thriller', 'horror', 'drama']",['JP'],0.0,tt5923962,7.1,14950.0,28.818,7.3,-0.7717,0.0
tm362881,Mirai,MOVIE,unhappy new baby sister displaces fouryearold kun begins meeting people pets familys history unique house order help become big brother meant,2018,PG,94,"['fantasy', 'animation', 'drama', 'family']",['JP'],0.0,tt6900448,7.0,14983.0,52.562,7.2,-0.0258,0.0
tm65765,6 Bullets,MOVIE,exmercenary known finding missing children hired mixed martial arts fighter whose daughter kidnapped,2012,R,115,"['thriller', 'action', 'crime', 'drama']",['US'],0.0,tt1975249,6.0,14988.0,31.445,6.1,-0.1531,0.0
ts22099,The Spectacular Spider-Man,SHOW,spent summer engaging common criminals newfound powers typical 16yearold peter parker must conceal secret identity battle supervillains real world enters junior year high school,2008,TV-Y7,22,"['action', 'animation', 'family', 'scifi', 'comedy']",['US'],2.0,tt0976192,8.3,14996.0,41.509,8.705,-0.5994,0.0
ts227473,Brand New Cherry Flavor,SHOW,lisa nova aspiring film director sundrenched seamy world 1990 los angeles embarks mindaltering journey supernatural revenge gets nightmarishly control,2021,TV-MA,43,"['thriller', 'drama', 'horror', 'scifi']",['US'],1.0,tt11343600,7.1,15028.0,57.609,6.9,-0.5267,0.0
tm1092958,No One Gets Out Alive,MOVIE,immigrant search american dream forced take room boarding house soon finds nightmare cant escape,2021,R,85,"['horror', 'thriller', 'drama']","['RO', 'US']",0.0,tt13056008,5.3,15031.0,96.132,6.0,-0.3649,0.1027
tm54147,Dostana,MOVIE,two straight guys pretend gay couple secure posh miami apartment fall gorgeous roommate hilarity ensures kunal sameer strive convince everyone gay secretly trying win nehas heart,2008,PG-13,142,"['drama', 'romance', 'comedy']","['IN', 'US']",0.0,tt1185420,6.5,15063.0,8.613,6.2,0.9136,0.0
tm209987,Christine,MOVIE,1970s television reporter christine chubbuck struggles depression professional frustrations tries advance career,2016,R,123,['drama'],['US'],0.0,tt4666726,6.9,15146.0,11.1,6.8,-0.8481,0.0
tm148457,Hasee Toh Phasee,MOVIE,eve nikhil karishmas engagement karishmas wealthy father devesh solanki expresses disapproval believing nikhil lackadaisical young man one week prove worthy marry karishma nikhil karishmas sister meeta grow closer,2014,PG-13,141,"['comedy', 'romance']",['IN'],0.0,tt3173910,6.8,15152.0,6.166,6.7,0.7003,0.0
tm460124,"Yes , God , Yes",MOVIE,alice young innocent catholic girl tempted masturbating aol chat suddenly turns sexual however conflicted act would considered sin,2020,R,78,"['comedy', 'drama']","['GB', 'US']",0.0,tt8949056,6.1,15155.0,41.666,6.4,-0.296,0.7579
ts21706,H2O : Just Add Water,SHOW,h2o add water revolves around three teenage girls facing everyday teen problems added twist cope burden growing giant fin transforming mermaids whenever come contact water,2006,TV-PG,25,"['scifi', 'drama', 'family', 'fantasy']",['AU'],3.0,tt0491603,7.2,15179.0,30.832,7.8,-0.5994,0.0
tm233843,Pyaar Ka Punchnama 2,MOVIE,falling love three roommates experience changes lives,2015,PG-13,159,"['drama', 'romance', 'comedy']",['IN'],0.0,tt4430136,7.3,15216.0,3.924,7.0,0.5574,0.0
tm62924,Monty Python Live Hollywood Bowl,MOVIE,monty python perform many greatest sketches hollywood bowl including several prepython days,1982,R,81,"['comedy', 'documentation']",['GB'],0.0,tt0084352,7.9,15230.0,6.833,7.4,0.6369,0.0
tm464351,The Last Thing He Wanted,MOVIE,turning point irancontra affair elena mcmahon fearless investigative journalist covering 1984 us presidential campaign puts danger abandons assigned task order fulfill last wish ailing father mysterious man whose past activities barely knows,2020,R,116,"['thriller', 'crime', 'drama']","['GB', 'US']",0.0,tt7456312,4.3,15238.0,12.128,4.9,0.4215,0.0
ts83491,WHAT / IF,SHOW,neonoir thriller series pair cashstrapped newlyweds accept lucrative morally dubious offer mysterious female benefactor,2019,TV-MA,54,"['drama', 'thriller', 'romance']",['US'],1.0,tt20873518,6.3,15243.0,19.664,6.6,0.128,0.0
ts77197,Seven Seconds,SHOW,tensions run high african american citizens caucasian cops jersey city teenage african american boy critically injured cop,2018,TV-MA,62,"['crime', 'drama']",['US'],1.0,tt6297682,7.7,15323.0,9.766,7.4,-0.6597,0.0
ts35256,Chef 's Table,SHOW,emmynominated docuseries find whats inside kitchens minds international culinary stars redefining gourmet food,2015,TV-MA,50,['documentation'],['US'],7.0,tt4295140,8.5,15352.0,10.447,7.9,0.0,0.0
tm414709,Siberia,MOVIE,lucas diamond trader travels saint petersburg arrange sale discovers russian business partner left hotel gone small siberian village lucas also heads try find,2018,R,104,"['romance', 'thriller', 'crime', 'european']","['CA', 'US', 'DE']",0.0,tt6494418,4.3,15369.0,22.0,4.8,0.34,0.0
tm827508,The Boys Band,MOVIE,birthday party 1968 new york surprise guest drunken game leave seven gay friends reckoning unspoken feelings buried truths,2020,R,121,['drama'],['US'],0.0,tt10199914,6.8,15376.0,11.082,6.8,0.8591,0.0
tm141117,Chalte Chalte,MOVIE,man pursues woman already engaged eventually gets married differences two lead bitter separation threatens destroy relationship forever,2003,PG-13,167,"['drama', 'romance']",['IN'],0.0,tt0346723,6.5,15468.0,6.121,6.2,-0.7351,0.0
ts81331,She-Ra Princesses Power,SHOW,reboot 80s series magic sword transforms orphan girl warrior shera unites rebellion fight evil,2018,TV-Y7,24,"['scifi', 'animation', 'comedy', 'fantasy', 'family', 'action', 'drama']",['US'],5.0,tt7745956,7.8,15584.0,26.73,8.8,-0.8176,0.0
ts27693,Kenan & Kel,SHOW,set chicago show follows kidfriendly misadventures two highschool friends always scheming dreaming kenan works grocery store constantly devises crazy plans strike rich orangesodaloving buddy kel always dragged along ride despite track record messing things,1996,TV-Y7,25,"['family', 'comedy']",['US'],4.0,tt0115231,7.8,15620.0,33.544,8.3,0.5574,0.0
tm118462,Half Past Dead,MOVIE,man goes undercover hitech prison find information help prosecute killed wife stumbles onto plot involving deathrow inmate 200 million stash gold,2002,PG-13,98,"['thriller', 'action', 'crime', 'european']","['DE', 'US']",0.0,tt0297162,4.6,15740.0,12.906,5.2,-0.8316,-0.6486
ts20790,Young & Hungry,SHOW,two worlds collide josh wealthy young tech entrepreneur meets gabi feisty young food blogger looking personal chef gabi desperate job must prove mostly joshs aide prefers famous chef job josh enlists gabi prepare romantic meal girlfriend dinner goes awry gabi finds awkward position help best friend sofia joshs housekeeper gabi turns difficult situation opportunity employment maybe even love gabi gets much needed help advice joshs assistant housekeeper,2014,TV-14,21,"['comedy', 'drama', 'romance']",['US'],5.0,tt2084712,7.3,15780.0,21.126,6.8,0.9601,0.0
ts21464,Zoey 101,SHOW,zoey 101 american television series originally aired nickelodeon january 9 2005 may 2 2008 focuses lives teenager zoey brooks friends attend pacific coast academy fictional boarding school southern california created dan schneider initially filmed pepperdine university malibu california stages valencia california beginning season 3 nominated outstanding childrens program emmy 2005 zoey 101 expensive production ever nickelodeon series shot completely location malibu also nickelodeons best performance series premiere almost eight years despite many critics made negative comments show setting characters,2005,TV-G,25,"['drama', 'comedy', 'family', 'romance']",['US'],4.0,tt0415463,6.1,15808.0,53.044,8.2,0.8882,0.0
ts21034,InuYasha,SHOW,kagome higurashi modern day young girl lives family old higure shrine unbeknownst kagome reincarnation priestess kikyo posseses jewel four souls shikon jewel one illfated day kagome locates ancient well near home abruptly transported well feudal japan inhabited demons encounters inuyasha son powerful demon father human mother pinned tree enchanted arrow,2000,TV-14,25,"['scifi', 'action', 'fantasy', 'romance', 'animation', 'comedy', 'drama']",['JP'],9.0,tt0290223,7.9,15823.0,62.355,8.6,0.8957,0.0
tm362098,The Kindergarten Teacher,MOVIE,lisa spinelli staten island teacher unusually devoted students discovers one fiveyearolds prodigy becomes fascinated boy ultimately risking family freedom nurture talent,2018,R,96,"['drama', 'thriller', 'european']",['US'],0.0,tt6952960,6.7,15974.0,15.809,6.6,0.9216,0.0
ts90019,Bonding,SHOW,new york city grad student moonlighting dominatrix enlists gay bff high school assistant,2019,TV-MA,17,"['drama', 'comedy']",['US'],2.0,tt7718088,7.1,16027.0,19.49,7.4,0.5267,0.0
tm464888,Love Aaj Kal,MOVIE,professional ambitions clash personal feelings modernday couple love story bygone era may offer wisdom,2020,PG-13,141,"['romance', 'comedy', 'drama']",['IN'],0.0,tt1275863,6.8,16075.0,3.983,6.1,0.8225,0.6369
tm238748,The Darkness,MOVIE,family returns grand canyon vacation supernatural presence tow,2016,PG-13,92,"['thriller', 'horror']",['US'],0.0,tt1878841,4.5,16090.0,14.347,4.8,0.4588,-0.25
ts78382,On My Block,SHOW,coming age comedy following diverse group teenage friends confront challenges growing gritty innercity los angeles,2018,TV-14,29,"['comedy', 'drama']",['US'],4.0,tt7879820,7.9,16106.0,31.784,8.5,0.7096,-0.4404
ts53198,One Day Time,SHOW,reimagining tv classic newly single latina mother raises teen daughter tween son help oldschool mom,2017,TV-PG,28,"['comedy', 'drama']",['US'],4.0,tt5339440,8.1,16167.0,17.017,8.1,0.4019,0.0
ts41527,Gypsy,SHOW,journey jean holloway therapist begins develop dangerous intimate relationships people patients lives,2017,TV-MA,59,"['drama', 'thriller']",['US'],1.0,tt5503718,6.8,16229.0,13.857,6.4,-0.4767,0.0
tm921206,The Kissing Booth 3,MOVIE,summer elle heads college secret decision make elle accepted harvard boyfriend noah matriculating also berkeley bff lee headed decide stay,2021,PG-13,112,"['romance', 'comedy']","['ZA', 'GB', 'US']",0.0,tt12783454,4.7,16307.0,93.277,7.1,0.7184,0.5719
ts225645,The Chair,SHOW,major university first woman color become chair tries meet dizzying demands high expectations failing english department,2021,TV-MA,30,"['drama', 'comedy']",['US'],1.0,tt11834150,7.2,16331.0,6.775,7.0,-0.5106,0.0
ts22011,Heartland,SHOW,life hard flemings ranch alberta foothills abused neglected horses find refuge kind hardworking family debts abound bank foreclose keep ranch running,2007,TV-PG,44,"['drama', 'family']",['CA'],15.0,tt1094229,8.4,16337.0,74.638,8.3,-0.5719,0.0
tm67378,The Professionals,MOVIE,arrogant texas millionaire hires four adventurers rescue kidnapped wife notorious mexican bandit,1966,PG-13,117,"['western', 'action', 'european']",['US'],0.0,tt0060862,7.3,16446.0,13.123,7.1,-0.2263,0.0
ts53663,Workin ' Moms,SHOW,four women juggle love careers parenthood support challenge try judge life throws curveballs whether identity crisis huge job opportunity postpartum depression unplanned pregnancy face good bad grace humour,2017,TV-MA,23,"['comedy', 'drama']",['CA'],6.0,tt6143796,7.7,16488.0,23.833,7.9,0.8316,0.0
ts38090,Versailles,SHOW,story young louis xiv journey become powerful monarch europe battles fronde development sun king historical fictional characters guide us world betrayal political maneuvering revealing versailles glory brutality,2015,TV-MA,54,"['drama', 'history', 'romance', 'war', 'documentation', 'comedy', 'european']","['CA', 'FR']",3.0,tt3830558,7.9,16505.0,31.857,7.8,-0.6249,0.0
tm205870,Message King,MOVIE,relentless quest avenge sisters murder man cape town infiltrates sprawling network lowlifes elites los angeles,2016,R,102,"['thriller', 'action', 'crime', 'drama', 'european']",['FR'],0.0,tt1712192,6.4,16513.0,15.381,6.2,-0.8271,0.0
ts81208,Charmed,SHOW,set fictional college town hilltowne charmed follows lives three sisters macy mel maggie vera tragic death mother discover three powerful witches time,2018,TV-14,40,"['drama', 'scifi', 'fantasy']",['US'],4.0,tt6394324,4.6,16533.0,92.694,7.427,-0.2732,0.4588
tm1191224,365 Days : This Day,MOVIE,laura massimo back hotter ever reunited couples new beginning complicated massimos family ties mysterious man enters lauras life win heart trust cost,2022,NC-17,111,"['romance', 'drama']",['PL'],0.0,tt12996154,2.5,16587.0,449.292,5.8,0.7964,0.0
ts311985,Inside Job,SHOW,employees deep state conspiracies arent theories theyre fact keeping secret fulltime job,2021,TV-MA,28,"['comedy', 'animation', 'fantasy', 'scifi']",['US'],2.0,tt10231312,7.6,16616.0,42.395,8.2,0.0,0.0
ts106536,White Lines,SHOW,woman tries solve mysterious death brother famous dj disappeared ibiza many years ago,2020,TV-MA,55,"['drama', 'thriller', 'crime']",['GB'],1.0,tt9073958,6.6,16768.0,14.393,6.8,-0.6124,0.0
ts53249,Trollhunters : Tales Arcadia,SHOW,uncovering mysterious amulet average teen assumes unlikely destiny sets save two worlds,2016,TV-Y7,22,"['scifi', 'action', 'fantasy', 'comedy', 'drama', 'animation', 'family']",['US'],3.0,tt1734135,8.4,16779.0,50.896,8.5,0.4939,0.0
ts271595,Crime Scene : The Vanishing Cecil Hotel,SHOW,notorious cecil hotel grows infamy guest elisa lam vanishes dive crimes darkest places,2021,TV-MA,55,"['documentation', 'crime', 'thriller']",['US'],1.0,tt13837672,5.9,16799.0,18.971,7.2,-0.7269,-0.5423
ts93066,The I-Land,SHOW,ten people wake treacherous island memory got set trek try get back home discover world seems,2019,TV-MA,40,"['drama', 'scifi', 'reality']",['US'],1.0,tt9067020,4.6,16918.0,16.064,5.66,0.0,0.0
ts223759,Killer Inside : The Mind Aaron Hernandez,SHOW,via interviews friends players insiders docuseries examines aaron hernandez went nfl star convicted killer,2020,TV-MA,67,"['documentation', 'crime', 'sport']",['US'],1.0,tt11475228,7.4,16934.0,7.173,7.4,-0.296,-0.6486
tm316414,Hell Fest,MOVIE,halloween night horror theme park costumed killer begins slaying innocent patrons believe part festivities,2018,R,88,"['horror', 'thriller']",['US'],0.0,tt1999890,5.5,16976.0,15.417,5.6,-0.5423,-0.6808
ts255926,Dash & Lily,SHOW,whirlwind holiday romance builds cynical dash optimistic lily trade dares dreams desires notebook pass back forth locations across new york city,2020,TV-14,25,"['drama', 'comedy', 'romance']",['US'],1.0,tt1758589,7.5,16978.0,16.738,8.2,0.8271,0.0
ts88469,Undercover,SHOW,undercover agents infiltrate drug kingpins operation posing couple campground spends weekends inspired real events,2019,TV-MA,49,"['drama', 'crime', 'thriller']",['BE'],3.0,tt7263154,7.8,17005.0,17.659,8.0,0.4939,0.0
ts35155,Gurren Lagann,SHOW,distant future mankind lived quietly restlessly underground hundreds years subject earthquakes caveins living one village 2 young men one named simon shy nave named kamina believes existence surface world heads,2007,TV-14,24,"['action', 'scifi', 'animation', 'comedy', 'drama']",['JP'],1.0,tt0948103,8.3,17024.0,27.924,8.2,-0.5267,0.0
tm844250,Ala Vaikunthapurramuloo,MOVIE,fate plays vital role connecting life bantu son seeks validation coldhearted father life raj whose millionaire father wishes assertive,2020,PG-13,165,"['action', 'drama', 'comedy']",['IN'],0.0,tt9537292,7.3,17029.0,9.691,6.8,0.5859,0.0
tm439163,Brahms : The Boy II,MOVIE,family moves heelshire mansion young son soon makes friends lifelike doll called brahms,2020,PG-13,86,"['thriller', 'horror', 'drama']","['CN', 'US', 'AU', 'CA']",0.0,tt9173418,4.7,17048.0,29.249,6.017,0.4767,0.0
tm149209,Kaminey,MOVIE,two brothers different chalk cheese find lives intertwined one puts danger via get rich quick scheme finds price head,2009,PG-13,135,"['crime', 'drama', 'action', 'thriller']",['IN'],0.0,tt1274295,7.4,17219.0,6.585,6.8,0.0516,0.0
ts36177,Glitch,SHOW,police officer doctor face emotionally charged mystery seven local residents inexplicably return dead peak physical form,2015,TV-MA,52,"['scifi', 'thriller', 'drama', 'horror']",['AU'],3.0,tt4192782,7.3,17240.0,48.448,6.8,-0.7269,0.0
tm180599,The Haunting Connecticut 2 : Ghosts Georgia,MOVIE,young family moves historic home georgia learn houses inhabitants soon find presence secret rising underground threatening bring anyone path,2013,R,101,"['thriller', 'horror', 'drama']",['US'],0.0,tt1457765,5.2,17264.0,27.261,5.8,-0.5267,-0.2732
tm857430,The Occupant,MOVIE,unemployed executive forced sell apartment discovers still keys becomes obsessed family lives decides recover life lost price,2020,R,103,"['thriller', 'european', 'horror', 'drama']",['ES'],0.0,tt9345754,6.4,17289.0,8.774,6.3,-0.7184,0.0
tm429208,Next Gen,MOVIE,friendship topsecret robot turns lonely girls life thrilling adventure take bullies evil bots scheming madman,2018,PG,105,"['action', 'animation', 'family', 'scifi', 'comedy']","['CA', 'CN']",0.0,tt7133686,6.6,17445.0,16.957,7.0,0.1027,0.0
tm171228,Metallica : Through Never,MOVIE,trip young roadie metallica sent urgent mission bands show seems like simple assignment turns surreal adventure,2013,R,93,['music'],['US'],0.0,tt2172935,7.1,17513.0,14.231,6.8,0.6808,0.0
ts310057,True Story,SHOW,worldfamous comedian desperately searches way night philadelphia brother threatens sabotage success,2021,TV-MA,39,"['drama', 'thriller', 'comedy', 'crime']",['US'],1.0,tt13655456,7.4,17567.0,42.104,7.2,-0.3182,0.4215
tm208628,Dil Dhadakne Do,MOVIE,cruise celebrate parents 30th wedding anniversary brother sister deal impact family considerations romantic lives,2015,PG-13,170,"['drama', 'family', 'romance', 'comedy']",['IN'],0.0,tt4110568,7.0,17581.0,8.46,6.8,0.7506,0.0
tm96168,Once Upon Time Mumbaai,MOVIE,tale two gangsters eras past present whose lives enter parallel paths struggle survive within bombays criminal underworld,2010,PG-13,132,"['thriller', 'crime', 'drama', 'romance', 'action']",['IN'],0.0,tt1395054,7.4,17642.0,4.465,6.6,-0.6908,0.0
ts237107,Sweet Magnolias,SHOW,lifelong friends maddie helen dana sue lift juggle relationships family careers small southern town serenity,2020,TV-14,50,"['drama', 'romance']",['US'],2.0,tt9077540,7.3,17689.0,17.137,7.9,0.4767,0.4588
tm101609,Raajneeti,MOVIE,story fiercely fought election campaign money power corruption accepted norms treachery manipulation routinely used weapons personal drama conflictridden characters unfolds gritty backdrop love friendship become mere baits relationships get sacrificed altar political alignments darkness rises souls threatens envelope hold precious eventually crescendo increasing violence line good evil blurs making impossible distinguish heroes villains raajneeti story indian democracy ugly underside politics beyond,2010,PG,167,"['drama', 'thriller', 'crime']",['IN'],0.0,tt1291465,7.1,17697.0,3.761,6.3,-0.8442,0.0
ts47714,Kim 's Convenience,SHOW,funny heartfelt story kims koreancanadian family running convenience store downtown toronto mr mrs kim appa umma immigrated toronto 80s set shop near regent park two kids jung janet young adults however jung 16 appa major falling involving physical fight stolen money jung leaving home father son estranged since,2016,TV-14,22,['comedy'],['CA'],5.0,tt5912064,8.2,17706.0,17.034,7.8,0.0,0.0
ts53936,Innocent,SHOW,peaceful rustic town retired officer family mired murder mystery riddled shocking buried secrets,2017,TV-14,51,"['drama', 'thriller', 'crime']",['TR'],1.0,tt6478318,8.4,17727.0,7.297,8.1,-0.6369,0.34
tm409618,Alex Strangelove,MOVIE,alex truelove quest lose virginity event eagerly awaited patient girlfriend cheered welcome advice rowdy friends alex super gregarious dude oddly unmotivated magical house party throws alex presence elliot hunky college guy pegs alex gay flirts hard alex taken aback series setbacks girlfriend front takes plunge learns interesting new facts,2018,R,99,"['comedy', 'drama', 'romance']",['US'],0.0,tt5688996,6.3,17746.0,16.093,6.6,0.9468,0.0
tm1141439,Home Team,MOVIE,two years super bowl win nfl head coach sean payton suspended goes back hometown finds reconnecting 12yearold son coaching pop warner football team,2022,PG,95,"['family', 'comedy', 'sport']",['US'],0.0,tt14592064,6.0,17767.0,72.562,6.8,0.6808,0.0
ts78430,Collateral,SHOW,pizza delivery driver shot dead south london tenacious detective goes people traffickers behind murder unravels conspiracy goes top,2018,TV-MA,57,"['thriller', 'drama', 'crime']",['GB'],1.0,tt6729080,6.7,17774.0,23.364,6.4,-0.9118,0.0
ts83540,Paradise PD,SHOW,eager young rookie joins ragtag smalltown police force led dad bumble squabble snort way big drug case,2018,TV-MA,27,"['comedy', 'animation', 'action', 'crime']",['US'],4.0,tt8235236,6.8,17779.0,29.709,7.6,0.3612,0.6369
ts39016,Girlboss,SHOW,sophia rebellious broke anarchist refuses grow stumbles upon passion selling vintage clothes online becomes unlikely businesswoman builds retail fashion empire realizes value difficulty boss life,2017,TV-MA,27,['comedy'],['US'],1.0,tt5706996,6.9,17848.0,10.009,6.7,-0.25,0.0
ts273100,DOTA : Dragon 's Blood,SHOW,encounters dragon princess mission dragon knight becomes embroiled events larger could ever imagined,2021,TV-MA,26,"['scifi', 'action', 'animation', 'fantasy', 'thriller']",['US'],3.0,tt14069590,7.8,17848.0,29.69,8.0,0.0,0.0
tm371380,The Package,MOVIE,group teenagers goes spring break camping trip unfortunate accident sets race save friends prized possession,2018,R,94,"['comedy', 'drama', 'thriller']",['US'],0.0,tt7525778,5.5,17858.0,20.72,6.0,0.5574,0.0
ts22456,Ned 's Declassified School Survival Guide,SHOW,whacky adventures ned bigby best pals moze cookie james k polk middle school everykid ned shatters fourth wall share tips tricks navigating middle school junior high hurdles neds super cool superpowers however witty wellgroomed upbeat selfaware moreover little help two best friends hes equipped conquer middle school minefields crushing bullies crushes thewall mean cool teachers pop quizzes elections detentions ned knows nothing including seventh grade bad seems friendship matters,2004,TV-G,25,"['family', 'comedy']",['US'],3.0,tt0405576,7.4,17864.0,33.115,8.6,0.9618,0.0
tm285356,First They Killed My Father,MOVIE,5yearold girl embarks harrowing quest survival amid sudden rise terrifying reign khmer rouge cambodia,2017,R,136,"['war', 'drama', 'history']","['US', 'KH']",0.0,tt4882376,7.2,17871.0,11.844,7.4,-0.5719,-0.6705
ts2230,America 's Next Top Model,SHOW,aspiring models compete chance break business panel judges critiquing progress throughout competition,2003,TV-14,44,['reality'],['US'],24.0,tt0363307,5.6,17905.0,14.501,5.3,0.5859,0.2023
tm410742,Happy Lazzaro,MOVIE,purehearted teen lazzaro content living sharecropper rural italy unlikely friendship marquises son change world,2018,PG-13,125,"['fantasy', 'drama', 'european']","['IT', 'CH', 'FR']",0.0,tt6752992,7.5,18006.0,8.295,7.4,0.4404,0.5719
ts219080,Caliphate,SHOW,national security agent fatima receives tip terrorist attack sweden planning stage meanwhile sulle teenage girl stockholm gets interested student assistent opens doors new fascinating world true path kalifat thriller intermingled fates five young women get caught seducing destroying force religious fundamentalism,2020,TV-MA,48,"['drama', 'war', 'thriller', 'crime']",['SE'],1.0,tt11398870,8.2,18134.0,12.662,7.3,-0.1531,0.0
tm1073510,SAS : Red Notice,MOVIE,small army well trained criminals led grace lewis hijacked train deep beneath english channel,2021,R,124,"['thriller', 'action', 'drama']","['GB', 'HU', 'NL', 'CH']",0.0,tt4479380,5.2,18190.0,89.579,5.9,0.0516,0.0
ts284800,Criminal : UK,SHOW,within walls interrogation room london investigators question suspects accused grievous crimes truth comes light,2019,TV-MA,44,"['crime', 'drama', 'thriller']",['GB'],2.0,tt9860676,7.6,18213.0,12.302,7.429,-0.6486,-0.5267
ts56718,El Chapo,SHOW,look life notorious drug kingpin el chapo early days 1980s working guadalajara cartel rise power 90s ultimate downfall 2016,2017,TV-MA,44,"['drama', 'action', 'crime', 'history']",['US'],3.0,tt6692188,7.8,18229.0,114.888,7.5,-0.4404,0.0
tm314863,Vivo,MOVIE,musicloving kinkajou named vivo embarks journey lifetime fulfill destiny deliver love song old friend,2021,PG,103,"['family', 'comedy', 'animation', 'drama']",['US'],0.0,tt6338498,6.7,18238.0,101.83,7.5,0.8834,0.0
tm848995,Jingle Jangle : A Christmas Journey,MOVIE,imaginary world comes life holiday tale eccentric toymaker adventurous granddaughter magical invention power change lives forever,2020,PG,122,"['fantasy', 'music', 'family']",['US'],0.0,tt7736496,6.4,18374.0,28.329,6.65,0.6249,0.0
ts70529,Norsemen,SHOW,norsemen epic humorous drama series set viking age residents 8thcentury viking village experience political rivalry social change innovations upend culture way life,2016,TV-MA,31,"['comedy', 'drama', 'history']",['NO'],3.0,tt5905354,7.7,18456.0,30.431,7.0,0.3818,0.0
tm98975,Guzaarish,MOVIE,ethan magician rendered paralyzed accident sets furor makes petition court end life,2010,PG,126,"['romance', 'drama']",['IN'],0.0,tt1438298,7.4,18603.0,5.554,7.4,-0.4767,0.0
ts78080,Everything Sucks !,SHOW,1996 town called boring oregon high school misfits av drama clubs brave ups downs teenage emotions vhs era,2018,TV-14,24,"['drama', 'comedy']",['US'],1.0,tt7078710,7.5,18621.0,17.251,7.8,0.2732,-0.4199
tm849005,The Willoughbys,MOVIE,four willoughby children abandoned selfish parents must learn adapt oldfashioned values contemporary world order create something new modern family,2020,PG,92,"['comedy', 'fantasy', 'animation', 'drama', 'family']",['CA'],0.0,tt5206260,6.3,18662.0,22.543,7.1,-0.3182,0.0
tm66466,Wazir,MOVIE,wazir tale two unlikely friends wheelchairbound chess grandmaster brave ats officer brought together grief strange twist fate two men decide help win biggest games lives theres mysterious dangerous opponent lurking shadows set checkmate,2016,PG-13,103,"['thriller', 'crime', 'drama', 'action']",['IN'],0.0,tt0315642,7.2,18681.0,5.319,6.6,0.6597,0.0
ts78558,Queer Eye,SHOW,allnew fab five advise men fashion grooming food culture design modern reboot emmy awardwinning reality series,2018,TV-14,47,['reality'],['US'],6.0,tt7259746,8.5,18710.0,15.751,7.8,0.4588,0.0
tm1067148,The Sea Beast,MOVIE,young girl stows away ship legendary sea monster hunter launch epic journey uncharted waters make history boot,2022,PG,115,"['comedy', 'family', 'fantasy', 'scifi', 'animation']",['US'],0.0,tt9288046,7.1,18852.0,1723.363,7.634,0.0,0.0
tm299761,Toc Toc,MOVIE,toc toc follows adventures misadventures group patients ocd dated time,2017,PG,90,"['comedy', 'family', 'fantasy', 'european']",['ES'],0.0,tt6060156,6.8,18865.0,16.865,7.092,0.34,0.0
ts42077,Medici : Masters Florence,SHOW,story medici family florence ascent simple merchants power brokers sparking economic cultural revolution along way also accrue long list powerful enemies,2016,TV-14,54,"['war', 'romance', 'thriller', 'drama', 'history', 'european']","['IT', 'GB']",3.0,tt5057130,7.9,18891.0,31.427,7.8,-0.1027,0.0
tm1043537,Operation Mincemeat,MOVIE,1943 two british intelligence officers concoct operation mincemeat wherein plan drop corpse false papers coast spain would fool nazi spies believing allied forces planning attack way greece rather sicily,2022,PG-13,128,"['drama', 'war', 'history']","['GB', 'US']",0.0,tt1879016,6.6,18893.0,44.29,6.7,-0.8271,0.0
tm324155,Security,MOVIE,exspecial services veteran luck desperate work takes job security guard rundown mall rough area town first night job opens door distraught desperate young girl fled hijacking police motorcade transporting testify witness trial hot heels psychopathic hijacker team henchmen stop nothing extract eliminate witness,2017,R,87,"['thriller', 'action', 'crime', 'european']",['US'],0.0,tt3501112,5.7,18943.0,31.419,6.2,-0.6124,0.34
tm135106,In Valley Violence,MOVIE,story drifter named paul arrives small town seeking revenge thugs murdered friend sisters mary anne ellen run towns hotel help paul quest vengeance,2016,R,104,"['crime', 'thriller', 'western', 'action', 'drama']",['US'],0.0,tt3608930,6.0,18987.0,13.597,6.1,-0.4404,-0.6249
tm368449,Private Life,MOVIE,richard rachel couple throes infertility try maintain marriage descend deeper deeper insular world assisted reproduction domestic adoption,2018,R,123,"['comedy', 'drama']",['US'],0.0,tt6394284,7.2,19023.0,7.974,7.0,0.0,0.0
ts89028,Delhi Crime,SHOW,delhi reels aftermath gang rape dcp vartika chaturvedi leads painstaking search culprits based 2012 nirbhaya case,2019,TV-MA,35,"['drama', 'crime']",['IN'],2.0,tt9398466,8.5,19158.0,11.392,8.2,-0.6908,-0.5423
ts76865,Devilman Crybaby,SHOW,akira fudo learns best friend ryo asuka demons revive reclaim world humans humans hopeless threat ryo suggests combining demon akira becomes devilman power demon human heart,2018,TV-MA,25,"['animation', 'action', 'scifi', 'drama', 'fantasy', 'horror']",['JP'],1.0,tt6660498,7.6,19465.0,37.228,7.887,0.5267,0.0
tm845415,Miss Americana,MOVIE,raw emotionally revealing look one iconic artists time transformational period life learns embrace role songwriter performer woman harnessing full power voice,2020,R,85,"['music', 'documentation']",['US'],0.0,tt11388580,7.4,19482.0,16.672,7.9,0.3182,-0.1531
tm312577,Fullmetal Alchemist,MOVIE,two alchemist brothers go quest philosophers stone attempt revive dead mother goes horribly wrong,2017,PG-13,135,"['fantasy', 'scifi', 'action']",['JP'],0.0,tt5607028,5.2,19493.0,15.705,5.3,-0.8555,0.0
tm134516,"Crouching Tiger , Hidden Dragon : Sword Destiny",MOVIE,story lost love young love legendary sword one last opportunity redemption,2016,PG-13,103,"['drama', 'action', 'fantasy']",['CN'],0.0,tt2652118,6.1,19500.0,21.103,6.1,0.872,0.0
tm355724,A Christmas Prince,MOVIE,reporter goes undercover nanny get inside scoop playboy prince gets tangled royal intrigue ends finding love able keep lie,2017,PG,92,"['romance', 'comedy', 'family']",['US'],0.0,tt7608418,5.7,19514.0,10.442,6.6,0.7003,0.0
ts232107,The Silent Sea,SHOW,perilous 24hour mission moon space explorers try retrieve samples abandoned research facility steeped classified secrets,2021,TV-MA,45,"['scifi', 'thriller', 'horror', 'drama']",['KR'],1.0,tt11570202,6.9,19592.0,94.568,8.0,-0.4588,0.0
ts84993,Daybreak,SHOW,living best life postapocalyptic la slacker strives find girl dreams outwitting mindless ghouls cliquish gangs,2019,TV-MA,47,"['scifi', 'drama', 'fantasy', 'horror', 'action', 'comedy', 'thriller']",['US'],1.0,tt12374132,6.6,19654.0,18.304,7.3,0.6124,0.0
ts328194,My Name,SHOW,following fathers murder revengedriven woman puts trust powerful crime boss enters police force direction,2021,TV-MA,50,"['thriller', 'action', 'crime', 'drama']",['KR'],1.0,tt12940504,7.8,19737.0,86.286,8.3,-0.4767,0.0
tm917974,Hard Kill,MOVIE,work billionaire tech ceo donovan chalmers valuable hires mercenaries protect terrorist group kidnaps daughter get,2020,R,98,"['thriller', 'action']",['US'],0.0,tt11656172,3.3,19750.0,13.322,5.1,0.0,-0.7269
tm375912,Ricky Gervais : Humanity,MOVIE,first special seven years ricky gervais slings trademark snark celebrity mortality society takes everything personally,2018,R,79,['comedy'],['GB'],0.0,tt7830574,8.0,19752.0,8.01,7.7,0.4019,0.0
tm20712,Eddie Murphy Raw,MOVIE,eddie murphy delights shocks entertains deadon celebrity impersonations observations 80s love sex marriage remembrance moms hamburgers much,1987,R,90,"['comedy', 'documentation']",['US'],0.0,tt0092948,7.6,19757.0,7.992,7.3,0.8402,0.0
tm70222,Sivaji : The Boss,MOVIE,corrupt police politicians target computer engineer trying better lives less privileged citizens,2007,PG-13,189,"['action', 'drama', 'thriller', 'crime']",['IN'],0.0,tt0479751,7.5,19777.0,7.686,7.1,0.6712,0.0
ts15986,Dead Set,SHOW,zombies rampaging throughout britain blissfully unaware gory events outside big brother housemates ultimate eviction night,2008,TV-MA,141,"['scifi', 'reality', 'thriller', 'comedy', 'drama', 'horror', 'european']",['GB'],1.0,tt1285482,7.6,19812.0,9.68,7.3,-0.5859,-0.6486
ts35570,Lovesick,SHOW,finding sti dylan must get back touch every girl ever sex let know bad news,2014,TV-MA,25,"['comedy', 'european']",['GB'],3.0,tt4051832,8.0,19899.0,12.802,7.5,-0.5423,0.0
tm23441,Kabhi Alvida Naa Kehna,MOVIE,dev maya married different people settled life domestic ritual convinced happy respective relationships still yearn something deeper meaningful precisely find,2006,PG,184,"['drama', 'romance']",['IN'],0.0,tt0449999,6.0,19947.0,9.421,6.4,0.8885,0.0
tm1044289,Interceptor,MOVIE,us army captain uses years tactical training save humanity sixteen nuclear missiles launched us violent attack threatens remote missile interceptor station,2022,PG-13,98,"['thriller', 'action', 'drama']",['AU'],0.0,tt14174940,4.5,20007.0,438.512,6.13,-0.7096,0.0
ts36129,Crazy Ex-Girlfriend,SHOW,rebecca bunch successful driven possibly crazy young woman impulsively gives everything partnership prestigious law firm upscale apartment manhattan desperate attempt find love happiness exotic hotbed romance adventure suburban west covina california,2015,TV-14,42,['comedy'],['US'],4.0,tt4094300,7.8,20028.0,19.268,6.9,0.93,-0.34
ts74809,Knightfall,SHOW,go deep clandestine world legendary brotherhood warrior monks known knights templar,2017,TV-14,44,"['action', 'drama', 'history']",['US'],2.0,tt4555364,6.7,20112.0,28.09,7.0,0.0,0.0
ts20288,From Dusk Till Dawn : The Series,SHOW,horror crime thriller genres collide new original series robert rodriguez based cult grindhouse classic bankrobbing brothers run lawman bent bringing justice devout family caught crossfire ancient evil eager feast,2014,TV-14,45,"['scifi', 'action', 'crime', 'fantasy', 'horror']",['US'],3.0,tt3337194,6.9,20132.0,24.329,6.3,-0.6486,0.0
tm228839,Ali Baba 7 Dwarfs,MOVIE,ali senay ilber two partners senay cccaciye sell garden dwarfs company starts dwindle decide participate gardening fair sofia plan meet new people sector attempt drum new business things dont go planned find crossing paths wrong people hell bent causing world chaos,2015,PG-13,114,"['action', 'comedy', 'drama']",['TR'],0.0,tt6450052,5.6,20155.0,3.728,5.2,-0.8779,0.0
tm1033470,Till Death,MOVIE,romantic evening secluded lake house woman wakes handcuffed dead husband trapped isolated dead winter must fight hired killers escape late spouses twisted plan,2021,R,89,"['horror', 'thriller']",['US'],0.0,tt11804152,5.8,20256.0,21.514,6.6,-0.9571,-0.5994
tm69386,Quartet,MOVIE,directorial debut dustin hoffman quartet highdrama comedy temperamental divas old grudges passion pride romance rigoletto home retired musicians annual concert celebrate verdis birthday disrupted arrival jean eternal diva former wife one residents expect poignancy plenty laughs,2012,PG-13,98,"['drama', 'comedy', 'romance', 'music']",['GB'],0.0,tt1441951,6.8,20297.0,9.316,6.5,0.9545,0.0
tm346467,Wheelman,MOVIE,getaway driver bank robbery realizes double crossed races find betrayed,2017,R,82,"['action', 'crime', 'thriller']",['US'],0.0,tt5723286,6.4,20351.0,15.282,6.1,-0.6124,0.0
ts42170,Crashing,SHOW,comedy drama crashes straight lives loves six twentysomething adults living together property guardians disused hospital,2016,TV-MA,30,"['comedy', 'european']",['GB'],1.0,tt5295524,7.7,20370.0,8.663,7.3,0.7964,0.0
tm200126,He Never Died,MOVIE,jack solitary man mysterious past strange habits soon become stranger past catches,2015,R,99,"['fantasy', 'horror', 'comedy', 'drama', 'thriller']","['US', 'CA']",0.0,tt2386404,6.3,20376.0,10.541,6.1,-0.2023,0.4449
tm135543,By Sea,MOVIE,set france mid1970s vanessa former dancer husband roland american writer travel country together seem growing apart linger one quiet seaside town begin draw close vibrant inhabitants local barcafkeeper hotel owner,2015,R,122,"['drama', 'romance', 'european']","['US', 'FR', 'MT']",0.0,tt3883986,5.3,20541.0,10.203,5.6,0.6249,0.0
ts289334,Sex/Life,SHOW,suburban mother two takes fantasycharged trip memory lane sets married present collision course wildchild past,2021,TV-MA,47,"['comedy', 'drama', 'romance']",['US'],2.0,tt10839422,5.4,20549.0,165.068,7.1,-0.3612,0.0
ts57303,Friends College,SHOW,twenty years graduation tightknit group college friends reconnects discovers love hasnt gotten easier age,2017,TV-MA,30,"['comedy', 'drama']",['US'],2.0,tt5565334,6.9,20555.0,6.906,6.5,0.7156,0.4767
tm320255,Bad Genius,MOVIE,lynn brilliant student helping friends get grades need develops idea starting much bigger examcheating business,2017,PG-13,130,"['comedy', 'drama', 'crime', 'thriller']",['TH'],0.0,tt6788942,7.6,20571.0,20.398,8.0,0.8442,-0.5423
tm307751,Jab Harry Met Sejal,MOVIE,haunted memories home knew middleaged tour guide unconsciously embarks journey find self,2017,PG,200,"['drama', 'romance', 'comedy']",['IN'],0.0,tt10453170,5.0,20593.0,8.529,6.5,-0.4767,0.0
tm142895,Lean On Me,MOVIE,principal joe clark takes decaying eastside high school hes faced students wearing gang colors graffiticovered walls determined anything must turn school around expels suspected drug dealers padlocks doors demands effort results students staff parents autocratic fault reallife educator put line,1989,PG-13,105,['drama'],['US'],0.0,tt0097722,7.4,20680.0,19.449,7.3,-0.7579,0.0
ts88578,Firefly Lane,SHOW,decades childhood best friends kate tully weathered lifes storms together betrayal threatens break apart good,2021,TV-MA,50,"['drama', 'romance']",['US'],1.0,tt9012876,7.4,20748.0,9.959,7.7,0.5859,0.0
tm86051,Black Friday,MOVIE,bombs tear bombay wreaking havoc polarising citizens perpetrators large state launches massive drive unmask truth behind events,2004,R,161,"['crime', 'history', 'action', 'drama']",['IN'],0.0,tt0400234,8.4,20768.0,5.753,7.4,-0.5574,0.0
tm1083293,Windfall,MOVIE,man breaks tech billionaires empty vacation home things go sideways arrogant mogul wife arrive lastminute getaway,2022,R,92,"['crime', 'drama', 'thriller']",['US'],0.0,tt15035360,5.7,20903.0,43.789,5.327,-0.6124,0.0
ts21511,My Little Pony : Friendship Is Magic,SHOW,get muzzle books make friends thats princess celestia tells twilight sparkle may smartest unicorn equestria twilight sparkle gets incomplete friendship theres life learning magic goes ponyville mission make friends meets five special ponies take exciting adventures teach powerful magic magic friendship,2010,TV-Y7,22,"['comedy', 'scifi', 'animation', 'fantasy', 'family', 'drama', 'music']","['CA', 'US']",9.0,tt1751105,7.6,20910.0,52.369,8.1,0.9844,0.3862
ts76869,Violet Evergarden,SHOW,great war finally came end four long years conflict fractured two continent telesis slowly began flourish caught bloodshed violet evergarden young girl raised sole purpose decimating enemy lines hospitalized maimed bloody skirmish wars final leg left words person held dearest understanding meaning recovering wounds violet starts new life working ch postal services falling new intended guardian family witnesses pure chance work auto memory doll amanuenses transcribe peoples thoughts feelings words paper moved notion violet begins work auto memory doll trade take adventure one reshape lives clients hopefully lead selfdiscovery,2018,TV-14,25,"['animation', 'scifi', 'drama', 'fantasy', 'romance']",['JP'],1.0,tt7078180,8.4,20919.0,43.782,8.674,-0.4767,0.0
ts38415,Frontier,SHOW,chaotic violent struggle control wealth power north american fur trade late 18th century canada told multiple perspectives frontier takes place world business negotiations might resolved closequarter hatchet fights delicate relations native tribes europeans spark bloody conflicts,2016,TV-MA,47,"['action', 'history', 'drama']",['CA'],3.0,tt4686698,7.1,20979.0,23.849,6.8,-0.891,0.0
tm675820,A Boy Called Christmas,MOVIE,origin story father christmas ordinary boy loyal pet mouse reindeer side sets extraordinary adventure find father quest discover fabled village elfhelm,2021,PG,106,"['drama', 'family', 'fantasy', 'action']",['GB'],0.0,tt10187208,6.7,21085.0,60.608,7.507,0.6597,0.0
tm196125,"Hello , My Name Is Doris",MOVIE,selfhelp seminar inspires sixtysomething woman romantically pursue younger coworker,2015,R,95,"['drama', 'comedy', 'romance']",['US'],0.0,tt3766394,6.6,21105.0,13.528,6.4,0.6908,0.0
ts25252,Yu-Gi-Oh !,SHOW,timid young boy loves sorts games one day solves ancient puzzle known millennium puzzle causing body play host mysterious spirit personality gambler,1998,TV-Y,22,"['scifi', 'action', 'family', 'fantasy', 'animation', 'comedy', 'drama']",['JP'],7.0,tt4834194,7.3,21113.0,33.504,7.358,0.7845,0.0
tm458553,Wine Country,MOVIE,group friends head land oaky chardonnays big bold cabernet sauvignons one member squads 50th birthday party,2019,R,103,"['comedy', 'drama']",['US'],0.0,tt8169446,5.4,21213.0,11.397,5.5,0.8126,0.0
ts88151,Quicksand,SHOW,tragedy school sends shock waves wealthy stockholm suburb seemingly welladjusted teen finds trial murder,2019,TV-MA,46,"['drama', 'crime', 'thriller']",['SE'],1.0,tt8686106,7.5,21276.0,16.469,7.3,-0.8807,0.0
ts84785,Dirty John,SHOW,anthology series season based true crime story featuring epic tale love gone wrong,2018,TV-MA,44,"['crime', 'drama']",['US'],2.0,tt15438396,7.2,21280.0,15.079,7.3,0.1027,-0.4404
ts20433,JoJo 's Bizarre Adventure,SHOW,follow intergenerational feud joestar family various forces evil prominent dio brando followers,2012,TV-MA,24,"['scifi', 'animation', 'action', 'comedy', 'drama', 'fantasy', 'horror', 'thriller']",['JP'],5.0,tt2359704,8.4,21354.0,64.047,8.8,-0.6705,0.0
tm420334,Like Father,MOVIE,workaholic young executive left altar ends caribbean honeymoon cruise last person ever expected estranged equally workaholic father two depart strangers course hilarious adventures couple umbrellaclad cocktails whole lot soulsearching return renewed appreciation family life,2018,R,103,"['drama', 'comedy']",['US'],0.0,tt7170950,6.1,21378.0,8.815,6.3,0.8126,0.3612
tm219258,Brain Fire,MOVIE,susannah cahalan upandcoming journalist new york post becomes plagued voices head seizures causing rapid descent insanity,2017,PG-13,88,"['drama', 'european']","['CA', 'IE']",0.0,tt3704700,6.6,21444.0,12.009,7.1,-0.5719,-0.34
tm1038344,Awake,MOVIE,sudden global event wipes electronics takes away humankinds ability sleep chaos quickly begins consume world jill exsoldier troubled past may hold key cure form daughter question jill safely deliver daughter save world loses mind,2021,R,96,"['drama', 'scifi', 'thriller', 'action']",['US'],0.0,tt10418662,4.9,21498.0,89.154,6.0,-0.0772,0.0
tm1046264,The Vault,MOVIE,engineer freddie highmore learns mysterious impenetrable fortress hidden bank spain joins crew master thieves plan steal legendary lost treasure locked inside whole country distracted spains world cup final thousands soccer fans cheering streets security forces closing crew minutes pull score lifetime,2021,R,118,"['crime', 'action', 'thriller', 'fantasy']",['ES'],0.0,tt9742794,6.4,21511.0,22.456,5.9,-0.5106,0.0
tm177958,Pyaar Ka Punchnama,MOVIE,nishant starts dating charu roommates rajat vikrant already girlfriends neha rhea respectively trouble starts guys feel girlfriends dominating,2011,PG-13,149,"['romance', 'drama', 'comedy', 'european']",['IN'],0.0,tt1926313,7.6,21521.0,4.851,7.0,-0.3612,0.0
ts26091,The Staircase,SHOW,academy awardwinning documentary filmmaker jeanxavier de lestrade presents gripping courtroom thriller offering rare revealing inside look highprofile murder trial 2001 author michael peterson arraigned murder wife kathleen whose body discovered lying pool blood stairway home granted unusual access petersons lawyers home immediate family de lestrades cameras capture defense team considers strategic options series engrossing look contemporary american justice features twists legal bestseller,2004,TV-MA,49,"['crime', 'documentation', 'drama']",['FR'],2.0,tt8178674,7.8,21531.0,10.922,7.7,-0.7906,0.0
tm168400,Empire State,MOVIE,failing get police academy chris potamitis settles security guard job armoured truck company makes mistake mentioning companys lax security best friend hes unwittingly drawn elaborate scheme rob abundant amounts cash stored premisesresulting largest cash heist ushistory,2013,R,94,"['action', 'drama', 'crime', 'thriller', 'european']",['US'],0.0,tt2171867,5.2,21538.0,39.273,5.4,0.4404,0.0
tm471967,Lost Girls,MOVIE,mari gilberts daughter disappears police inaction drives investigation gated long island community shannan last seen search brings attention dozen murdered sex workers,2020,R,95,"['thriller', 'drama', 'crime']",['US'],0.0,tt3111426,6.1,21588.0,12.547,6.1,-0.8316,-0.3182
tm56033,Croupier,MOVIE,jack manfred aspiring writer make ends meet takes job croupier jack remains observer knowing everything life gamble gamblers born lose inevitably gets sucked world casino takes toll relationships novel writing,1998,R,94,"['drama', 'european', 'crime']","['IE', 'GB', 'DE', 'FR']",0.0,tt0159382,7.0,21599.0,8.381,6.8,-0.5267,0.0
ts57465,Dynasty,SHOW,reboot follows two americas wealthiest families carringtons colbys feud control fortune children focusing fallon carrington daughter billionaire blake carrington soontobe stepmother cristal hispanic woman marrying wasp family americas powerful class,2017,TV-14,42,['drama'],['US'],5.0,tt6128300,7.2,21637.0,49.457,8.2,0.5574,0.0
tm423436,Ben Is Back,MOVIE,19yearold ben burns unexpectedly returns home familys suburban home christmas eve morning bens mother holly relieved welcoming wary son staying clean turbulent 24 hours new truths revealed mothers undying love son tested everything power keep safe,2018,R,103,"['drama', 'european']",['US'],0.0,tt7545524,6.7,21735.0,12.478,6.6,0.9524,0.0
ts223344,The Gift,SHOW,painter istanbul embarks personal journey unearths universal secrets anatolian archaeological site link past,2019,TV-MA,43,"['thriller', 'drama', 'scifi', 'fantasy']",['TR'],3.0,tt10075318,7.0,21802.0,16.327,7.7,0.0,0.4404
tm120072,Let It Snow,MOVIE,small town christmas eve snowstorm brings together group young people soon find friendships love lives colliding come christmas morning nothing,2019,PG-13,93,"['romance', 'comedy']",['US'],0.0,tt1950235,5.8,21828.0,14.599,6.101,0.743,0.0
tm211554,Beyond Skyline,MOVIE,detective mark corley storms way onto alien spaceship rescue estranged son ship crashes southeast asia forges alliance band survivors take back planet,2017,R,105,"['scifi', 'thriller', 'action', 'horror']","['GB', 'ID', 'CA', 'CN', 'SG', 'US']",0.0,tt6856700,5.3,21834.0,10.535,5.2,0.5106,0.0
tm370392,The Week Of,MOVIE,parents soontobe married couple make final preparations wedding ceremony,2018,PG-13,116,['comedy'],['US'],0.0,tt6821012,5.2,21855.0,10.24,5.4,0.0,0.0
ts35362,Locked Up,SHOW,set take blame corporate fraud young macarena ferreiro locked highsecurity womens prison surrounded tough ruthless criminals tense provocative spanish thriller,2015,TV-MA,49,"['drama', 'thriller', 'action', 'european']",['ES'],4.0,tt4524056,8.2,21862.0,156.976,8.0,-0.9403,0.0
tm244381,Marauders,MOVIE,untraceable group elite bank robbers chased suicidal fbi agent uncovers deeper purpose behind robberyhomicides,2016,R,107,"['crime', 'thriller', 'action']",['CA'],0.0,tt3963816,5.5,21929.0,17.087,5.8,-0.6705,0.0
tm824477,Over Moon,MOVIE,animated musical girl builds rocket ship blasts hoping meet mythical moon goddess,2020,PG,95,"['comedy', 'family', 'fantasy', 'scifi', 'romance', 'animation']","['CN', 'US']",0.0,tt7488208,6.3,22034.0,75.251,7.3,0.4215,0.0
ts35682,Wentworth,SHOW,bea smith locked awaiting trial attempted murder husband must learn life works prison modern adaptation sequel iconic prisoner series,2013,TV-MA,46,"['drama', 'thriller', 'crime']",['AU'],9.0,tt2433738,8.6,22056.0,32.398,8.1,-0.91,0.0
tm244332,Beirut,MOVIE,1980s beirut mason skiles former us diplomat called back service save colleague group possibly responsible familys death meanwhile cia field agent working cover american embassy tasked keeping mason alive ensuring mission success,2018,R,110,"['thriller', 'drama', 'action', 'crime']",['US'],0.0,tt4669264,6.4,22065.0,10.945,6.3,0.8402,0.0
ts20960,Power Rangers,SHOW,team teenagers attitude recruited save angel grove evil witch rita repulsa later lord zedd emperor sees horde monsters,1993,TV-Y7,22,"['action', 'scifi', 'fantasy', 'family']",['US'],29.0,tt0106064,6.5,22110.0,19.699,6.8,-0.5719,0.0
ts39007,Van Helsing,SHOW,vanessa helsing daughter famous vampire hunter dracula nemesis abraham van helsing resurrected five years future find vampires taken world possesses unique power humanitys last hope lead offensive take back lost,2016,TV-14,42,"['scifi', 'action', 'fantasy', 'horror', 'drama']",['US'],5.0,tt5197820,6.2,22172.0,95.708,7.1,-0.34,0.0
ts84663,The Politician,SHOW,payton known since childhood hes going president first hell navigate treacherous political landscape high school,2019,TV-14,43,"['comedy', 'drama']",['US'],2.0,tt7971476,7.5,22182.0,14.713,7.4,-0.6808,0.0
ts82597,The Dragon Prince,SHOW,extraordinary discovery inspires two human princes elven assassin team epic quest bring peace warring lands,2018,TV-Y7,27,"['action', 'scifi', 'animation', 'family', 'fantasy', 'thriller', 'drama']",['US'],3.0,tt8688814,8.4,22187.0,31.275,8.3,0.5423,0.0
tm172027,The Butterfly 's Dream,MOVIE,small turkish town two young tuberculous poets try survive publishing poems fall love life would never,2013,PG-13,138,"['drama', 'history', 'romance']",['TR'],0.0,tt2608224,7.7,22191.0,5.576,7.3,0.6369,0.25
tm441232,Someone Great,MOVIE,aspiring music journalist lands dream job move san francisco boyfriend nine years decides call quits nurse broken heart two best friends spend one outrageous last adventure new york city,2019,R,92,"['romance', 'comedy']",['US'],0.0,tt8075260,6.1,22277.0,14.238,6.4,0.6705,0.6249
ts277084,Man vs. Bee,SHOW,man finds war bee housesitting luxurious mansion win irreparable damage done process,2022,TV-PG,11,"['comedy', 'family']",['GB'],1.0,tt13640670,6.8,22287.0,260.169,7.477,-0.5106,0.0
ts223404,It 's Okay Not Be Okay,SHOW,desperate escape emotional baggage heavy responsibility hes life psychiatric ward worker begins heal help unexpecteda woman writes fairy tales doesnt believe,2020,TV-MA,76,"['drama', 'comedy', 'romance']",['KR'],1.0,tt12451520,8.6,22346.0,50.095,8.6,0.4019,0.4215
ts225061,Pieces Her,SHOW,act violence rocks sleepy georgia town well bond mother daughter,2022,TV-MA,51,"['drama', 'crime', 'thriller']",['US'],1.0,tt9170236,6.3,22435.0,18.516,6.6,-0.4588,0.0
tm177645,Wedding Association,MOVIE,ismails son tarik returns village long years away announces engaged latvian woman named nugesha although doesnt means ismail still wants one pays expenses wedding several problems ensue tries make sure enough money wedding,2013,PG-13,106,['comedy'],['XX'],0.0,tt3347976,7.0,22458.0,4.209,6.3,0.3182,0.0
ts38809,The Get Down,SHOW,1977 new york city talented soulful youth south bronx chase dreams breakneck beats transform music history,2016,TV-MA,62,"['drama', 'music']",['US'],2.0,tt4592410,8.2,22462.0,7.479,7.348,0.7184,0.0
tm1120543,The Bubble,MOVIE,group actors actresses stuck inside pandemic bubble hotel attempts complete film,2022,R,126,['comedy'],['US'],0.0,tt13610562,4.7,22479.0,91.061,4.8,-0.25,0.0
tm59289,Rowdy Rathore,MOVIE,smalltime thug comes across young girl claims father following realizes lookalike whos hunted goons,2012,PG-13,143,"['action', 'comedy', 'crime']",['IN'],0.0,tt2077833,5.7,22497.0,6.89,6.1,0.0,0.0
ts38710,Wynonna Earp,SHOW,wyatt earps great granddaughter wynonna battles demons creatures unique abilities posse dysfunctional allies thing bring paranormal justice,2016,TV-14,43,"['western', 'action', 'scifi', 'thriller', 'drama', 'fantasy']","['CA', 'US']",4.0,tt4878326,7.3,22565.0,30.342,8.0,0.7845,0.0
tm266844,True Memoirs International Assassin,MOVIE,publisher changes writers debut novel deadly assassin fiction nonfiction author finds thrust world lead character must take role character survival,2016,PG-13,98,"['action', 'comedy', 'crime']",['US'],0.0,tt1542768,5.9,22891.0,16.152,5.8,0.3182,0.4215
ts20261,Madam Secretary,SHOW,years away cia elizabeth mccord pulled back political arena newly appointed secretary state tough fair smart driving international diplomacy wrangling office politics circumventing protocol negotiates global domestic issues white house home,2014,TV-14,43,"['war', 'thriller', 'drama']",['US'],6.0,tt3501074,7.6,22894.0,28.001,6.9,0.5423,0.0
tm375962,Nothing Lose,MOVIE,authorized biopic brazilian evangelical bishop edir macedo founder universal church kingdom god owner record tv network based book trilogy name movie tells story selfmade man faced several moments turbulence pursuing conviction,2018,PG,130,['drama'],['BR'],0.0,tt6910020,2.3,23031.0,45.267,5.5,0.2732,0.3089
tm86924,Soul Plane,MOVIE,following ridiculously awful flight leads pets death nashawn wade files lawsuit airline wins multimilliondollar settlement determined create better flying experience nashawn starts airline one caters africanamerican clientele going business trickedout plane piloted smooth capt mack airline hits snag deal family elvis hunkee,2004,R,86,"['romance', 'comedy']",['US'],0.0,tt0367085,4.5,23048.0,21.864,5.3,-0.0258,0.0
ts251675,Hellbound,SHOW,unearthly beings deliver bloody condemnations sending individuals hell giving rise religious group founded idea divine justice,2021,TV-MA,52,"['scifi', 'horror', 'thriller', 'crime', 'drama', 'fantasy']",['KR'],1.0,tt12235718,6.6,23099.0,193.725,7.6,0.2263,0.0
tm96595,Lakshya,MOVIE,aimless jobless irresponsible grown man joins army matures battlefield hero,2004,G,186,"['war', 'action', 'drama', 'romance']",['IN'],0.0,tt0323013,7.8,23262.0,7.299,6.6,-0.2263,0.0
tm827501,Tall Girl,MOVIE,jodi tallest girl high school always felt uncomfortable skin years slouching made fun avoiding attention costs jodi finally decides find confidence stand tall,2019,PG,101,"['comedy', 'drama', 'romance', 'family']",['US'],0.0,tt9252508,5.2,23452.0,25.358,6.4,0.3818,0.0
tm89684,New York Minute,MOVIE,top student jane ryan heads manhattan collegescholarship competition rebellious twin roxy ryan goes along crash video shoot anything happen romp involving pursuing truant officer smuggler hunkalicious guys girls realization chips sister best friend,2004,PG,87,"['comedy', 'crime', 'family', 'romance']",['US'],0.0,tt0363282,4.9,23476.0,11.818,6.2,-0.0516,0.0
tm351201,In Family,MOVIE,neurotic fikret tavern singer solmaz whose 21 year long relationships end day meet funny coincidence solmazs daughter zeynep decides marry lover adana everfearful fikret ends play role life intended first kept family wedding becomes much bigger event upon insistence grooms relatives heroes come terms traditional adana family carry guns kebab restaurant chain see wedding without mishaps,2017,PG-13,124,['comedy'],['TR'],0.0,tt7642818,7.7,23542.0,6.241,6.784,0.875,0.0
ts255888,First Kill,SHOW,falling love tricky teens juliette calliope ones vampire others vampire hunter ready make first kill,2022,TV-MA,49,"['thriller', 'drama', 'fantasy', 'horror']",['US'],1.0,tt13315156,6.4,23605.0,252.955,8.4,-0.0516,-0.6908
tm992260,Yes Day,MOVIE,mom dad usually say decide say yes kids wildest requests ground rules whirlwind day fun adventure,2021,PG,86,"['comedy', 'family']",['US'],0.0,tt8521876,5.7,23625.0,32.951,6.9,0.8074,0.4019
ts42477,Babylon Berlin,SHOW,beneath decadence 1929 berlin lies underworld city sin police investigator gareon rath transferred cologne epicenter political social changes golden twenties,2017,TV-MA,49,"['drama', 'thriller', 'crime', 'history', 'european']",['DE'],4.0,tt4378376,8.4,23638.0,33.053,7.9,-0.7506,0.0
tm72587,Guru,MOVIE,gurukant desai hails idhar small village gujarat dreams setting business mumbai returns turkey marries sujatha getting dowry arrives mumbai start business film chronicles obstacles meets subsequent rise huge backlash receives revealed used unethical means rise business circuit,2007,PG-13,166,"['romance', 'documentation', 'drama', 'european']",['IN'],0.0,tt0499375,7.7,23708.0,8.071,6.7,-0.2263,0.0
ts246072,Barbarians,SHOW,three peoples fates interwoven battle teutoburg forest 9 ad germanic warriors halt spread roman empire,2020,TV-MA,47,"['drama', 'action', 'history']",['DE'],1.0,tt9184986,7.2,23709.0,37.819,7.396,-0.3818,0.0
ts90729,Away,SHOW,american astronaut emma green must leave husband teenage daughter behind command international space crew embarking upon treacherous mission series hope humanity need one another achieve impossible things,2020,TV-14,50,"['drama', 'scifi', 'romance']",['US'],1.0,tt8787802,6.6,23787.0,16.426,6.8,0.4019,0.0
ts237560,Jeffrey Epstein : Filthy Rich,SHOW,stories survivors fuel docuseries examining convicted sex offender jeffrey epstein used wealth power carry abuses,2020,TV-MA,57,"['documentation', 'crime']",['US'],1.0,tt12312250,7.1,23816.0,9.369,7.2,-0.4404,0.5574
ts35775,Wet Hot American Summer : First Day Camp,SHOW,first day camp outrageous prequel hilarious 2001 cult classic movie camp firewood anything happen,2015,TV-MA,29,['comedy'],['US'],2.0,tt4341500,7.3,23947.0,9.636,6.4,-0.0772,0.0
tm233465,The Bye Bye Man,MOVIE,three college students move old house campus unwittingly unleash supernatural entity known bye bye man comes prey upon discover name friends must try save keeping bye bye mans existence secret save others deadly fate,2016,PG-13,96,"['thriller', 'horror', 'fantasy', 'drama']",['US'],0.0,tt4030600,4.3,23960.0,28.381,5.2,0.8591,0.0
ts264270,Anatomy Scandal,SHOW,sexual consent scandal amongst british privileged elite women caught wake,2022,TV-MA,46,"['drama', 'thriller']","['GB', 'US']",1.0,tt12748084,7.0,23981.0,11.678,7.5,0.2263,-0.4404
tm420455,Rim World,MOVIE,stranded summer camp aliens attack planet four teens nothing common embark perilous mission save world,2019,PG,99,"['scifi', 'action', 'comedy']",['US'],0.0,tt8179388,5.2,23987.0,22.933,6.0,0.0258,0.0
tm299741,Crooked House,MOVIE,private investigator helps former flame solve murder wealthy grandfather lived sprawling estate surrounded idiosyncratic family,2017,PG-13,115,"['drama', 'thriller', 'crime']",['GB'],0.0,tt1869347,6.3,24033.0,10.188,6.4,0.0516,0.0
tm238661,Special Correspondents,MOVIE,radio journalist technician get heads hatch scheme fake kidnapping rebel uprising south america hide new york instead,2016,PG-13,100,['comedy'],"['CA', 'GB', 'US']",0.0,tt4181052,5.8,24129.0,10.794,5.7,-0.6597,0.4019
tm174289,Free Birds,MOVIE,two turkeys opposite sides tracks must put aside differences team travel back time change course historyand get turkey holiday menu good,2013,PG,91,"['animation', 'comedy', 'family', 'scifi']",['US'],0.0,tt1621039,5.8,24140.0,17.211,5.9,0.6808,0.5106
ts33338,Top Boy,SHOW,thrilling raw crime drama following gang drug dealers hackney london honest gripping rendition innercity drug gang culture,2011,TV-MA,48,"['drama', 'crime', 'thriller', 'european']",['GB'],2.0,tt1830379,8.4,24165.0,14.536,7.4,0.4404,0.2023
tm151764,Barefoot,MOVIE,black sheep son wealthy family meets young psychiatric patient whos raised isolation entire life takes naive young woman home brothers wedding improbable romance blooms impresses everyone genuine simple charms,2014,PG-13,90,"['romance', 'comedy', 'drama']",['US'],0.0,tt2355495,6.6,24167.0,9.2,6.6,0.8074,0.0
tm1028298,He 's All That,MOVIE,get revenge exboyfriend influencer attempts transform unpopular classmate prom king,2021,R,91,"['comedy', 'romance']",['US'],0.0,tt4590256,4.3,24253.0,79.838,6.8,-0.5267,0.0
ts57213,The Dark Crystal : Age Resistance,SHOW,return world thra three gelfling discover horrifying secret behind skeksis power set ignite fires rebellion save world,2019,TV-PG,51,"['scifi', 'family', 'animation', 'fantasy', 'horror', 'drama', 'action']","['US', 'GB']",1.0,tt6905690,8.4,24419.0,23.53,7.8,-0.25,0.0
tm183002,Madras Cafe,MOVIE,indian intelligence agent journeys wartorn coastal island break resolute rebel group meets passionate journalist,2013,PG-13,130,"['action', 'thriller', 'drama']",['IN'],0.0,tt2855648,7.6,24506.0,7.356,6.6,0.7906,0.0
tm144121,Get Up,MOVIE,chronicle james browns rise extreme poverty become one influential musicians history,2014,PG-13,139,"['drama', 'music']",['US'],0.0,tt2473602,6.9,24613.0,9.945,6.7,-0.1027,0.0
ts57055,Black Lightning,SHOW,jefferson pierce man wrestling secret father two daughters principal charter high school also serves safe young people new orleans neighborhood overrun gang violence hero community,2018,TV-14,41,"['action', 'scifi', 'drama']",['US'],4.0,tt6045840,6.1,24646.0,45.271,7.2,0.34,0.0
tm1075698,Metal Lords,MOVIE,teenage misfits hunter kevin path glory clear devote metal win battle bands worshipped like gods,2022,R,97,"['music', 'comedy', 'drama']",['US'],0.0,tt12141112,6.7,24672.0,123.401,6.8,0.9423,0.0
ts20981,Survivor,SHOW,reality show contest sixteen castaways split two tribes taken remote isolated location forced live land meager supplies roughly 39 days frequent physical challenges used pit tribes rewards food luxuries immunity forcing tribe attend tribal council must vote one players,2000,TV-PG,48,['reality'],['US'],42.0,tt0239195,7.4,24687.0,54.19,7.4,-0.2263,0.3612
ts35354,Zoo,SHOW,set amidst wave violent animal attacks sweeping across planet young renegade scientist thrust race unlock mystery behind pandemic time runs animals humans alike,2015,TV-14,43,"['drama', 'scifi', 'thriller']",['US'],3.0,tt3250026,6.6,24694.0,30.71,6.6,-0.7783,0.0
tm1018427,Moxie,MOVIE,inspired moms rebellious past confident new friend shy 16yearold publishes anonymous zine calling sexism school,2021,PG-13,111,"['music', 'comedy', 'drama']",['US'],0.0,tt7737700,6.7,24720.0,20.59,7.431,0.7506,0.0
tm451512,Close,MOVIE,counterterrorism expert takes job protecting young heiress attempted kidnapping puts lives danger must flee,2019,R,95,"['action', 'thriller', 'drama']","['US', 'GB']",0.0,tt5316540,5.7,24755.0,17.405,5.82,-0.5267,0.0
ts30311,Victorious,SHOW,aspiring singer tori vega navigates life attending performing arts high school called hollywood arts,2010,TV-G,25,"['comedy', 'family', 'drama', 'music', 'romance', 'sport']",['US'],4.0,tt1604099,6.9,24838.0,71.494,8.221,0.0,0.0
ts271413,Night Stalker : The Hunt Serial Killer,SHOW,beneath sunlit glamour 1985 la lurks relentlessly evil serial killer truecrime story two detectives wont rest catch,2021,TV-MA,47,"['documentation', 'crime', 'thriller']",['US'],1.0,tt13651632,7.5,24892.0,15.428,7.4,-0.802,-0.6486
tm208713,Gabbar Is Back,MOVIE,vigilante network taking corrupt officials draws notice authorities,2015,PG-13,130,"['drama', 'action', 'crime', 'comedy']",['IN'],0.0,tt2424988,7.1,24975.0,7.397,7.2,0.0,0.0
ts252861,Resident Evil,SHOW,nearly three decades discovery tvirus outbreak reveals umbrella corporations dark secrets based horror franchise,2022,TV-MA,51,"['scifi', 'thriller', 'action', 'horror']",['US'],1.0,tt9660182,3.7,24982.0,1387.392,5.956,-0.5719,-0.6597
tm367185,Wo n't You Be My Neighbor ?,MOVIE,thirty years television program fred rogers 19282003 host producer writer pianist accompanied puppets many friends spoke directly young children lifes important issues,2018,PG-13,95,['documentation'],['US'],0.0,tt7681968,8.4,25061.0,8.47,8.1,0.5994,0.0
tm227940,Berlin Syndrome,MOVIE,passionate holiday romance leads obsessive relationship australian photojournalist wakes one morning berlin apartment unable leave,2017,R,116,"['horror', 'thriller', 'drama']",['AU'],0.0,tt3335606,6.2,25149.0,15.339,6.0,0.8225,0.0
tm458292,Space Sweepers,MOVIE,crew space junk collector ship called victory discovers humanoid robot named dorothy thats known weapon mass destruction get involved risky business deal puts lives stake,2021,R,136,"['scifi', 'drama', 'fantasy', 'action']",['KR'],0.0,tt12838766,6.5,25178.0,65.593,7.147,-0.7717,0.0
tm860261,To All Boys : Always Forever,MOVIE,senior year high school takes center stage lara jean returns family trip korea considers college plans without peter,2021,PG-13,115,"['romance', 'comedy', 'drama']",['US'],0.0,tt10676012,6.3,25191.0,53.199,7.7,0.0,0.0
ts55962,Dear White People,SHOW,predominantly white ivy league college diverse group students navigate various forms racial types discrimination,2017,TV-MA,30,"['comedy', 'drama']",['US'],4.0,tt5707802,6.1,25232.0,16.376,6.4,0.0,0.3818
ts52838,3 %,SHOW,future elite inhabit island paradise far crowded slums get one chance join 3 saved squalor,2016,TV-MA,46,"['scifi', 'action', 'drama', 'thriller']",['BR'],4.0,tt4922804,7.3,25452.0,29.033,7.2,0.8807,0.0
ts6644,Borgen,SHOW,40year old political leader birgitte nyborg secures party landslide victory idealism huge effort faces biggest challenge life effectively use newly seats far willing go order gain much influence possible,2010,TV-MA,58,"['drama', 'european']",['DK'],4.0,tt1526318,8.5,25485.0,51.118,8.1,0.9393,0.0
tm313424,Pad Man,MOVIE,upon realizing extent women affected menses man sets create sanitary pad machine provide inexpensive sanitary pads women rural india,2018,PG-13,140,"['drama', 'comedy']",['IN'],0.0,tt7218518,7.9,25539.0,5.173,7.5,0.128,0.0
tm139545,The Outsider,MOVIE,former american gi joins yakuza family release prison postworld war ii osaka,2018,R,120,"['drama', 'action', 'crime', 'thriller']",['US'],0.0,tt6276110,6.2,25608.0,11.155,6.2,-0.802,0.0
tm143363,2 States,MOVIE,man woman come two different cultural backgrounds decide wont get married convince parents feared differences families pose hurdle,2014,PG,149,"['drama', 'comedy', 'romance']",['IN'],0.0,tt2372678,6.9,25656.0,9.483,6.6,-0.6046,0.0
tm317566,Creep 2,MOVIE,finding ad online video work sara video artist whose primary focus creating intimacy lonely men thinks may found subject dreams drives remote house forest meets man claiming serial killer unable resist chance create truly shocking piece art agrees spend day however day goes discovers may dug hole cant escape,2017,R,80,"['thriller', 'horror', 'crime', 'drama']",['US'],0.0,tt3654796,6.4,25671.0,14.489,6.322,0.1734,0.0
tm285649,The Ottoman Lieutenant,MOVIE,lillie determined american woman ventures overseas join dr jude remote medical mission ottoman empire turkey however lillie soon finds odds jude missions founder woodruff falls titular military man ismail war erupt,2017,R,111,"['war', 'romance', 'drama']","['TR', 'US']",0.0,tt4943322,6.4,25674.0,14.87,6.2,-0.0772,0.0
tm459789,The Lovebirds,MOVIE,couple experiences defining moment relationship unintentionally embroiled murder mystery journey clear names takes one extreme hilarious circumstance next must figure relationship survive night,2021,R,87,"['romance', 'comedy', 'action', 'thriller', 'crime']",['US'],0.0,tt8851668,6.0,25697.0,9.076,5.8,-0.1027,0.0
tm1038327,Beckett,MOVIE,american tourist greece finds run tragic accident plunges political conspiracy makes target assassination,2021,R,109,"['crime', 'thriller', 'action', 'drama']","['IT', 'BR']",0.0,tt10230994,5.6,25703.0,86.212,6.3,-0.9246,0.0
tm183547,Escape Planet Earth,MOVIE,astronaut scorch supernova finds caught trap responds sos notoriously dangerous alien planet,2012,PG,89,"['scifi', 'comedy', 'family', 'animation']","['CA', 'US']",0.0,tt0765446,5.8,25734.0,18.259,5.7,-0.6597,0.1779
tm434625,Wish Dragon,MOVIE,determined teen din longing reconnect childhood best friend meets wishgranting dragon shows magic possibilities,2021,PG,99,"['fantasy', 'animation', 'family', 'comedy', 'romance']","['US', 'CN']",0.0,tt5562070,7.2,25743.0,135.036,8.047,0.8658,0.4019
tm315340,The Night Comes Us,MOVIE,sparing girls life massacre elite triad assassin targeted onslaught murderous gangsters,2018,R,121,"['action', 'thriller', 'crime']",['ID'],0.0,tt6116856,6.9,25839.0,12.473,6.8,-0.6369,0.0
tm827142,Dave Chappelle : Sticks & Stones,MOVIE,dave chappelle takes gun culture opioid crisis tidal wave celebrity scandals defiant standup special,2019,R,65,['comedy'],['US'],0.0,tt10810424,8.4,26075.0,7.885,7.646,-0.836,0.0
tm62210,Rurouni Kenshin Part I : Origins,MOVIE,former legendary assassin kenshin himura become wandering samurai offering aid protecting need atonement past deeds time kenshin himura comes across aides kaoru kamiya emi takei father opened kamiya kasshinryu kendo school located tokyo kaoru instructor kaoru invites kenshin stay dojo relationship develops kenshin still haunted violent past,2012,PG-13,134,"['action', 'drama', 'history', 'war']",['JP'],0.0,tt1979319,7.4,26098.0,26.93,7.591,-0.7906,0.0
tm233344,Kapoor & Sons,MOVIE,returning home visit ill grandfather two estranged brothers must confront unresolved rivalry parents marriage frays,2016,PG-13,140,"['drama', 'romance', 'comedy', 'family']",['IN'],0.0,tt4900716,7.7,26130.0,8.129,7.0,-0.5423,0.0
ts8175,Call Midwife,SHOW,drama following lives group midwives working povertystricken east end london 1950s based bestselling memoirs jennifer worth,2012,TV-PG,55,"['family', 'drama', 'history', 'european']",['GB'],11.0,tt1983079,8.5,26146.0,25.211,7.4,0.2263,0.0
ts53664,Fauda,SHOW,top israeli agent comes retirement hunt palestinian militant thought hed killed setting chaotic chain events motion,2015,TV-MA,40,"['war', 'drama', 'thriller', 'action']",['IL'],4.0,tt4565380,8.2,26158.0,41.37,7.5,-0.7845,0.0
tm678022,The Prom,MOVIE,troupe hilariously selfobsessed theater stars swarm small conservative indiana town support high school girl wants take girlfriend prom,2020,PG-13,130,"['comedy', 'drama', 'music', 'romance']",['US'],0.0,tt10161886,5.9,26197.0,1.596,6.2,0.4019,0.0
tm78067,The Girl Next Door,MOVIE,quiet suburban town summer 1958 two recently orphaned sisters placed care mentally unstable aunt ruth ruths depraved sense discipline soon lead unspeakable acts abuse torture involve young sons neighborhood children one 12yearold boy whose life changed forever,2007,R,91,"['crime', 'drama', 'horror', 'thriller']",['US'],0.0,tt0830558,6.5,26293.0,13.131,6.7,-0.8126,0.0
ts219423,Masters Universe : Revelation,SHOW,war eternia begins may final battle heman skeletor new animated series writerdirector kevin smith,2021,TV-PG,26,"['family', 'fantasy', 'scifi', 'action', 'drama', 'animation', 'comedy']",['US'],2.0,tt10826054,5.3,26422.0,26.04,6.8,-0.7579,0.0
tm39487,Catch Release,MOVIE,gray wheeler lost everything could best thing ever happened death fianc gray moves late loves best friends sam dennis best cheer gray fritz doesnt seem care gray breaks fritzs defenses however finally sees fianc thought highly spend time together gray learns chances love died fianc surprise guests show doorstep itll take love new friends help gray learn life may messy love messier,2006,PG-13,111,"['drama', 'romance', 'comedy']",['US'],0.0,tt0395495,5.9,26528.0,9.435,5.9,0.9858,0.0
tm934040,American Murder : The Family Next Door,MOVIE,using raw firsthand footage documentary examines disappearance shanann watts children terrible events followed,2020,R,83,"['documentation', 'thriller', 'crime']",['US'],0.0,tt12987894,7.2,27193.0,11.309,7.3,-0.4767,-0.6908
tm244233,The Book Henry,MOVIE,susan single mother two works waitress small town son henry 11yearold genius manages family finances acts emotional support mother younger brother henry discovers girl next door terrible secret implores susan take matters hands,2017,PG-13,106,"['drama', 'thriller', 'crime']",['US'],0.0,tt4572792,6.5,27262.0,17.456,7.5,0.0772,0.0
tm211478,Tamasha,MOVIE,ved tara meet accidentally meet corsica france decide spend next 7 days together secretly revealing true identity without promise meet later ever tara eventually falls love ved goes find ved 4 years helps find true story belongs,2015,PG,139,"['drama', 'comedy', 'romance']",['IN'],0.0,tt3148502,7.3,27331.0,6.88,6.6,0.8417,0.0
tm233214,Under Shadow,MOVIE,shidehs building hit missile iraniraq war superstitious neighbor suggests missile cursed might carrying malevolent middleeastern spirits becomes convinced supernatural force within building attempting possess daughter dorsa choice confront forces save daughter,2016,PG-13,84,"['war', 'drama', 'horror', 'thriller', 'fantasy']","['GB', 'IR', 'JO', 'QA']",0.0,tt4273292,6.8,27337.0,9.878,6.5,0.0772,0.0
ts87364,Conversations Killer : The Ted Bundy Tapes,SHOW,unique look inside mind infamous serial killer cinematic selfportrait crafted statements made ted bundy including presentday interviews archival footage audio recordings death row,2019,TV-MA,59,"['documentation', 'crime', 'history']",['US'],1.0,tt8463172,7.8,27439.0,14.137,7.6,-0.8481,-0.6486
ts36983,Fuller House,SHOW,dj tannerfuller widow mother three things become much handle asks help sister stephanie bestfriend kimmy,2016,TV-Y7,27,"['comedy', 'family']",['US'],5.0,tt3986586,6.7,27445.0,25.211,7.6,0.4019,0.0
tm458328,Badla,MOVIE,dynamic young entrepreneur finds locked hotel room corpse dead lover hires prestigious lawyer defend work together figure actually happened,2019,PG-13,120,"['thriller', 'crime', 'drama']",['IN'],0.0,tt8130968,7.8,27539.0,10.588,7.4,-0.3818,0.0
ts287941,Racket Boys,SHOW,story boys badminton team middle school haenam compete junior athletic competition 16 year old boys girls haenam grow people time,2021,TV-14,71,"['family', 'drama', 'comedy', 'sport']",['KR'],1.0,tt14482414,4.0,27566.0,6.51,8.7,0.0,0.0
tm441198,The Princess Switch,MOVIE,downtoearth chicago baker soontobe princess discover look like twins hatch christmastime plan trade places,2018,PG,101,"['romance', 'drama', 'family', 'comedy']",['US'],0.0,tt8954732,6.0,27852.0,24.268,7.037,0.3612,0.0
tm165967,Mandela : Long Walk Freedom,MOVIE,chronicle nelson mandelas life journey childhood rural village inauguration first democratically elected president south africa,2013,PG-13,141,"['drama', 'history']","['GB', 'ZA']",0.0,tt2304771,7.1,27866.0,7.715,6.9,0.0,0.6369
tm22294,Deck Halls,MOVIE,determined unseat steve finchs reign towns holiday season king buddy hall plasters house many decorative lights itll visible space wives bond kids follow suit two men escalate rivalry decorating,2006,PG,93,"['family', 'comedy']",['US'],0.0,tt0790604,5.0,27936.0,11.999,5.5,0.6249,0.0
ts83657,The Order,SHOW,avenge mothers death college student pledges secret order lands war werewolves practitioners dark magic,2019,TV-MA,48,"['scifi', 'drama', 'thriller', 'fantasy', 'horror']",['US'],2.0,tt8295472,6.7,27943.0,27.883,7.9,-0.8316,0.0
ts80705,Evil Genius,SHOW,baffling true crime story starts grisly death pizza man robs bank bomb around neck gets weirder,2018,TV-MA,48,"['documentation', 'crime']",['US'],1.0,tt8342862,7.5,27987.0,9.635,7.5,-0.9062,-0.6597
ts82302,Insatiable,SHOW,bullied teenager turns beauty pageants way exact revenge help disgraced coach soon realizes hes head,2018,TV-MA,46,"['drama', 'comedy', 'thriller']",['US'],2.0,tt6487482,6.5,28006.0,81.348,7.9,-0.6124,0.0
tm414341,The Red Sea Diving Resort,MOVIE,sudan east africa 1980 team israeli mossad agents plans rescue transfer thousands ethiopian jews israel avoid raising suspicions inquisitive ruthless authorities establish cover fake diving resort red sea,2019,R,129,"['history', 'drama', 'thriller']","['CA', 'US']",0.0,tt4995776,6.6,28051.0,14.205,6.9,-0.3612,0.0772
tm1111987,Munich : The Edge War,MOVIE,tense 1938 munich conference former friends work opposing governments become reluctant spies racing expose nazi secret,2022,PG-13,129,"['drama', 'history', 'thriller']",['GB'],0.0,tt7475578,6.8,28352.0,29.255,6.9,-0.2263,-0.5994
tm71148,Thanks Sharing,MOVIE,romantic comedy brings together three disparate characters learning face challenging often confusing world struggle together common demonsex addiction,2013,R,112,"['comedy', 'drama', 'romance']",['US'],0.0,tt1932718,6.4,28396.0,9.986,5.9,0.3818,0.6908
tm154797,The Nut Job,MOVIE,surly curmudgeon independent squirrel banished park forced survive city lucky stumbles one thing may able save life rest park community gear winter maurys nut store,2014,PG,85,"['comedy', 'crime', 'family', 'animation']","['CA', 'KR']",0.0,tt1821658,5.7,28484.0,20.859,5.7,0.4588,0.0
tm55100,Dil Se ..,MOVIE,journalist amar falls mysterious woman assignment reciprocate feelings however amar get married woman shows doorstep asking help,1998,PG-13,163,"['drama', 'romance']",['IN'],0.0,tt0164538,7.5,28586.0,7.811,6.8,0.4019,0.0
ts86165,The Society,SHOW,everyone else mysteriously vanishes wealthy town teen residents west ham must forge society survive,2019,TV-MA,56,"['drama', 'scifi', 'thriller']",['US'],1.0,tt8778064,7.0,28647.0,21.138,7.7,0.3612,0.0
tm155291,Highway,MOVIE,right wedding young woman finds abducted held ransom initial days pass begins develop strange bond kidnapper,2014,PG-13,133,"['crime', 'romance', 'drama']",['IN'],0.0,tt2980794,7.6,28688.0,6.553,7.3,-0.6249,0.0
ts287976,Young Royals,SHOW,prince wilhelm adjusts life prestigious new boarding school hillerska following heart proves challenging anticipated,2021,TV-MA,45,"['drama', 'romance']",['SE'],2.0,tt14664414,8.3,29025.0,43.342,8.8,0.1531,0.0
ts89564,Black Summer,SHOW,dark early days zombie apocalypse complete strangers band together find strength need survive get back loved ones,2019,TV-MA,39,"['scifi', 'thriller', 'action', 'drama', 'horror']",['US'],2.0,tt8923854,6.5,29318.0,30.795,7.1,0.7964,0.0
ts20500,Lilyhammer,SHOW,frank fixer tagliano testifies mafia boss new york enters witness protection program makes unusual demand wants set new life norwegian small town lillehammer calls lilyhammer,2012,TV-MA,45,"['comedy', 'crime', 'drama']",['NO'],3.0,tt1958961,7.9,29366.0,15.363,7.4,-0.128,0.0
tm827638,Synchronic,MOVIE,two new orleans paramedics lives ripped apart encounter series horrific deaths linked designer drug bizarre otherworldly effects,2019,R,102,"['crime', 'drama', 'horror', 'scifi', 'thriller']",['US'],0.0,tt9016974,6.2,29455.0,13.498,6.3,-0.7717,0.0
ts41961,Queen South,SHOW,teresa flees mexico drugrunner boyfriend murdered settling dallas looks become countrys reigning drug smuggler avenge lovers murder,2016,TV-MA,42,"['drama', 'thriller', 'action', 'crime']",['US'],5.0,tt1064899,7.9,29495.0,42.381,7.623,-0.8885,0.0
tm885669,The Christmas Chronicles : Part Two,MOVIE,kate pierce reluctantly spending christmas moms new boyfriend son jack north pole christmas threatened destroyed kate jack unexpectedly pulled new adventure santa claus,2020,PG,112,"['fantasy', 'family', 'comedy']",['US'],0.0,tt11057644,6.0,29538.0,44.178,6.6,-0.6486,0.0
tm414887,Destination Wedding,MOVIE,frank lindsaytwo emotionallybroken strangersmeet way destination wedding course weekend odds find drawn together even though initially repulsed one another,2018,R,90,"['drama', 'romance', 'comedy']",['US'],0.0,tt6987770,6.0,29546.0,19.069,5.7,-0.4939,0.0
ts287438,The Innocent,SHOW,accidental killing leads man dark hole intrigue murder finds love freedom one phone call brings back nightmare,2021,TV-MA,58,"['thriller', 'drama', 'crime']",['ES'],1.0,tt10147644,7.8,29670.0,15.042,7.8,-0.25,0.34
tm244364,The Nightingale,MOVIE,1825 clare 21yearold irish convict chases british soldier rugged tasmanian wilderness bent revenge terrible act violence committed family enlists services aboriginal tracker also marked trauma violencefilled past,2018,R,136,"['thriller', 'drama', 'horror']",['AU'],0.0,tt4068576,7.3,29758.0,25.696,7.2,-0.9062,0.0
ts84661,Cursed,SHOW,fresh take arthurian legend teenager nimue joins forces mercenary arthur quest find merlin deliver ancient sword,2020,TV-MA,55,"['action', 'scifi', 'fantasy', 'drama']",['US'],1.0,tt8210856,5.8,29864.0,30.279,7.4,0.3182,0.0
ts79229,Wild Wild Country,SHOW,controversial cult leader builds utopian city oregon desert conflict locals escalates national scandal,2018,TV-MA,67,"['crime', 'documentation']",['US'],1.0,tt7768848,8.1,29939.0,9.646,7.95,-0.7184,0.0
ts281927,Stay Close,SHOW,lives photojournalist soccer mom homicide detective disturbed terrible event past,2021,TV-MA,47,"['crime', 'drama', 'thriller']",['GB'],1.0,tt2201227,6.9,30197.0,11.449,7.2,-0.6908,0.0
tm321224,"Game Over , Man !",MOVIE,three friends verge getting video game financed benefactor taken hostage terrorists,2018,R,100,"['comedy', 'action']",['US'],0.0,tt3317234,5.4,30218.0,14.358,5.5,-0.25,0.0
tm991529,The Hand God,MOVIE,1980s naples italy awkward italian teen struggling find place experiences heartbreak liberation hes inadvertently saved freak accident football legend diego maradona,2021,R,130,['drama'],['IT'],0.0,tt12680684,7.4,30235.0,34.74,7.6,-0.8834,0.6486
ts89210,Warrior Nun,SHOW,waking morgue orphaned teen discovers possesses superpowers chosen halobearer secret sect demonhunting nuns,2020,TV-MA,43,"['action', 'drama', 'scifi', 'fantasy']",['US'],2.0,tt9059350,6.8,30243.0,45.891,7.9,0.0,0.0
tm240162,Udta Punjab,MOVIE,drug abuse darker side punjab rear heads intense interwoven tales policeman doctor migrant worker rockstar,2016,R,148,"['drama', 'action', 'crime']",['IN'],0.0,tt4434004,7.7,30276.0,8.861,7.2,-0.5994,0.0
ts271450,The Lincoln Lawyer,SHOW,sidelined accident hotshot los angeles lawyer mickey haller restarts career trademark lincoln takes murder case,2022,TV-MA,50,"['crime', 'drama', 'thriller']",['US'],1.0,tt13833978,7.7,30295.0,68.925,8.1,-0.8316,0.0
tm423666,The Wandering Earth,MOVIE,sun begins expand way inevitably engulf destroy earth hundred years united mankind finds way avoid extinction propelling planet solar system using gigantic engines moving new home located four light years away epic journey last thousands years,2019,PG-13,126,"['scifi', 'action', 'drama', 'thriller']",['CN'],0.0,tt7605074,5.9,30297.0,25.187,6.4,-0.1531,0.0
tm933375,Cuties,MOVIE,amy 11yearold girl joins group dancers named cuties school rapidly grows aware burgeoning femininityupsetting mother values process,2020,NC-17,96,"['drama', 'european']",['FR'],0.0,tt9196192,3.4,30338.0,10.271,5.3,0.7096,0.4939
ts74816,American Vandal,SHOW,truecrime satire explores aftermath costly high school prank left twentyseven faculty cars vandalized phallic images,2017,TV-MA,33,"['crime', 'comedy', 'drama']",['US'],2.0,tt6877772,8.1,30399.0,17.642,7.6,-0.1027,0.0
tm117488,The Next Karate Kid,MOVIE,mr miyagi decides take julie troubled teenager wing learns blames parents demise struggles adjust grandmother fellow pupils,1994,PG,107,"['action', 'drama', 'family', 'sport', 'romance']",['US'],0.0,tt0110657,4.5,30422.0,20.185,5.318,-0.802,0.0
tm29555,Friends Money,MOVIE,quits lucrative job olivia finds unsure future relationships successful wealthy friends,2006,R,88,"['comedy', 'drama', 'romance']",['US'],0.0,tt0436331,5.8,30468.0,11.86,5.1,0.8126,0.4767
tm813695,After We Collided,MOVIE,based 2014 romance novel name follows love life two young adults,2020,R,105,"['drama', 'romance']",['US'],0.0,tt10362466,5.0,30522.0,236.101,7.251,0.8779,0.0
tm134407,Dev.D,MOVIE,come different castes son tax collector true love allowed marry sending divergent paths,2009,PG-13,141,"['comedy', 'drama', 'romance']",['IN'],0.0,tt1327035,7.9,30567.0,7.069,6.9,0.7906,0.0
tm681578,The Rental,MOVIE,two couples rent vacation home celebratory weekend getaway,2020,R,88,"['drama', 'horror', 'thriller']",['US'],0.0,tt10003008,5.7,30613.0,53.311,5.6,0.0,0.0
tm855340,Thalaivii,MOVIE,biopic charts life actorturnedchief minister j jayalalitha relationship paving rapid yet complicated path power served five terms chief minister indian state tamil nadu,2021,G,153,['drama'],['IN'],0.0,tt10152736,5.9,30621.0,2.301,5.0,0.0,0.0
ts83082,Living Yourself,SHOW,burned life miles undergoes strange procedure strip mall spa wakes find hes replaced better version,2019,TV-MA,26,"['drama', 'scifi', 'comedy']",['US'],2.0,tt8880894,7.2,30624.0,9.447,6.8,0.2732,0.0
ts81064,Legacies,SHOW,place young witches vampires werewolves nurtured best selves spite worst impulses klaus mikaelsons daughter 17yearold hope mikaelson alaric saltzmans twins lizzie josie saltzman among others come age heroes villains salvatore school young gifted,2018,TV-14,41,"['drama', 'scifi', 'fantasy', 'horror']",['US'],4.0,tt8103070,7.2,30634.0,230.337,8.5,0.1027,0.0
tm368040,The Titan,MOVIE,bleak future earth soldier endures radical genetic transformation save humanity wife fears hes becoming creature man,2018,R,97,"['scifi', 'thriller', 'fantasy', 'drama', 'romance']","['US', 'GB', 'ES']",0.0,tt6973848,4.8,30698.0,17.97,5.4,0.1027,0.0
ts38734,Marcella,SHOW,marcella shocked core husband jason leaves unexpectedly confessing longer loves heartbroken marcella returns mets murder squad ten years ago marcella gave fasttracked police career marry devote life family abrupt end marriage isolated 13 year old daughter 10 year old son marcella throws work stop falling apart,2016,TV-MA,45,"['crime', 'drama', 'european']",['GB'],3.0,tt5269594,7.4,30969.0,25.841,7.1,-0.8834,0.0
ts314002,The Seven Deadly Sins,SHOW,seven deadly sinsa group evil knights conspired overthrow kingdom britanniawere said eradicated holy knights although claim still live ten years later holy knights staged coup dtat assassinated king becoming new tyrannical rulers kingdom elizabeth kings daughter sets journey find seven deadly sins enlist help taking back kingdom,2014,TV-14,25,"['scifi', 'action', 'animation', 'comedy', 'fantasy']",['JP'],5.0,tt3909224,7.9,31085.0,25.225,8.503,-0.6908,-0.4588
tm352588,Tau,MOVIE,held captive futuristic smart house woman hopes escape befriending ai program controls house,2018,R,97,"['scifi', 'thriller', 'horror']",['US'],0.0,tt4357394,5.8,31218.0,10.801,6.2,0.7351,0.0
tm350,The Bad Batch,MOVIE,desert wasteland texas muscled cannibal breaks one important rule dont play food,2017,R,119,"['drama', 'horror', 'scifi', 'romance', 'action']",['US'],0.0,tt4334266,5.2,31275.0,18.249,5.3,-0.0608,-0.5423
tm898614,Sweet Girl,MOVIE,devastated husband vows bring justice people responsible wifes death protecting family left daughter,2021,R,110,"['action', 'drama', 'thriller']",['US'],0.0,tt10731768,5.5,31312.0,106.627,6.7,-0.4939,0.4588
tm350379,Ghostland,MOVIE,mother two inherits home aunt first night new home confronted murderous intruders fights daughters lives sixteen years later daughters reunite house things get strange,2018,R,91,"['thriller', 'horror', 'drama', 'european']","['CA', 'FR']",0.0,tt6195094,6.4,31379.0,34.263,7.4,-0.8591,0.0
tm852360,The Man Toronto,MOVIE,case mistaken identity worlds deadliest assassin known man toronto new york city screwup forced team confused airbnb,2022,PG-13,110,"['action', 'thriller', 'drama', 'romance', 'comedy']",['US'],0.0,tt11671006,5.8,31497.0,1439.906,6.449,-0.8591,0.0
ts89744,How Sell Drugs Online ( Fast ),SHOW,win back girlfriend school drug dealer moritz answer clear sell better drugs teenage bedroom joins forces best friend lenny launch turns unexpectedly successful online drug market soon accidental drug dealers theyre faced standard drug empire problems meeting demand quality control importantly getting caught,2019,TV-MA,32,"['comedy', 'crime', 'drama', 'romance']",['DE'],3.0,tt9184994,7.9,31516.0,26.381,8.3,0.9601,0.0
ts287836,Into Night,SHOW,sun suddenly starts killing everything path passengers overnight flight brussels attempt survive means necessary,2020,TV-MA,36,"['scifi', 'drama', 'thriller']",['BE'],2.0,tt10919486,7.1,31559.0,22.983,7.5,-0.6597,0.0
tm853783,David Attenborough : A Life Our Planet,MOVIE,story life planet man seen natural world 90 years attenborough visited every continent globe exploring wild places planet documenting living world variety wonder addressing biggest challenges facing life planet film offers powerful message hope future generations,2020,PG,83,['documentation'],['GB'],0.0,tt11989890,8.9,31625.0,15.935,8.5,0.8176,0.0
tm315255,Ip Man 4 : The Finale,MOVIE,following death wife ip man travels san francisco ease tensions local kung fu masters star student bruce lee searching better future son,2019,PG,107,"['action', 'drama', 'history']","['CN', 'HK']",0.0,tt2076298,7.0,31692.0,19.541,7.2,-0.7845,0.0
ts58155,Alias Grace,SHOW,based true story grace marks housemaid immigrant ireland imprisoned 1843 perhaps wrongly murder employer thomas kinnear grace claims memory murder yet facts irrefutable decade dr simon jordan tries help grace recall past,2017,TV-MA,44,"['drama', 'crime', 'history', 'thriller']",['CA'],1.0,tt1034007,7.7,32177.0,13.586,7.3,-0.128,0.4215
tm29269,Jodhaa Akbar,MOVIE,jodhaa akbar sixteenth century love story marriage alliance gave birth true love great mughal emperor akbar rajput princess jodhaa,2008,PG-13,214,"['romance', 'history', 'war', 'action', 'drama']",['IN'],0.0,tt0449994,7.5,32440.0,11.959,7.4,0.946,0.0
ts90311,Vinland Saga,SHOW,thousand years vikings made quite name reputation strongest families thirst violence thorfinn son one vikings greatest warriors spends boyhood battlefield enhancing skills adventure redeem mostdesired revenge father murdered,2019,TV-MA,24,"['animation', 'action', 'drama', 'war', 'history']",['JP'],2.0,tt10233448,8.8,32535.0,15.663,8.6,-0.7037,0.0
ts2727,Derek,SHOW,derek loyal nursing home caretaker sees good quirky coworkers struggle prejudice shrinking budgets care elderly residents,2013,TV-MA,27,"['drama', 'comedy', 'european']",['GB'],3.0,tt2616280,8.1,32622.0,9.295,7.4,0.5574,0.0
tm916405,The Outpost,MOVIE,small unit us soldiers alone remote combat outpost keating located deep valley three mountains afghanistan battles defend overwhelming force taliban fighters coordinated attack battle kamdesh known bloodiest american engagement afghan war 2009 bravo troop 361 cav became one decorated units 19year conflict,2020,R,123,"['history', 'action', 'war', 'drama']","['BG', 'US']",0.0,tt3833480,6.8,32952.0,31.294,6.9,-0.9337,0.0
tm141707,Blood Bone,MOVIE,los angeles excon takes underground fighting world storm quest fulfill promise dead friend,2009,R,93,"['thriller', 'sport', 'action', 'crime', 'drama']",['US'],0.0,tt0346631,6.7,33051.0,33.787,7.4,0.1531,0.0
tm348993,22-Jul,MOVIE,norway 22 july 2011 neonazi terrorist anders behring breivik murdered 77 young people attending labour party youth camp utya island outside oslo threepart story focus survivors attacks political leadership norway lawyers involved,2018,R,143,"['thriller', 'crime', 'drama', 'history', 'european']","['US', 'IS', 'NO']",0.0,tt7280898,6.8,33609.0,33.575,7.2,-0.8834,0.0
tm417496,Dumplin ',MOVIE,prove point measuring fitting texas teen willowdean dumplin dickson enters local pageant run exbeauty queen mom,2018,PG-13,110,"['comedy', 'drama']",['US'],0.0,tt4878482,6.5,33689.0,11.4,6.8,0.0,0.0
ts77795,Derry Girls,SHOW,amidst political conflict northern ireland 1990s five high school students square universal challenges teenager,2018,TV-MA,27,['comedy'],['GB'],3.0,tt7120662,8.4,34026.0,16.567,8.1,-0.25,0.0
ts22082,Knight Rider,SHOW,michael long undercover police officer shot investigating case left dead assailants rescued wilton knight wealthy dying millionaire inventor arranges lifesaving surgery including new face new identitythat michael knight michael given special computerized indestructible car called knight industries two thousand nicknamed kitt mission apprehend criminals beyond reach law series depicts michaels exploits kitt battle forces evil behalf foundation law government,1982,TV-PG,51,"['scifi', 'action', 'crime', 'drama']",['US'],4.0,tt0083437,6.9,34115.0,50.267,7.5,-0.8658,0.0
tm157461,Coming Soon,MOVIE,pirated dvd seller zafer formerly extra movies swore give illegal works wife wanted get divorce win family back oldfashioned crew decided make movie called summit end evil fantastic science fiction movie couldnt shot since 1977 funny entertaining emotional journey awaits waded adventure unqualified crew,2014,PG,134,"['romance', 'drama', 'comedy']",['TR'],0.0,tt3698408,7.3,34137.0,6.194,6.745,0.8126,0.0
tm285317,IO,MOVIE,young scientist searches way save dying earth finds connection man whos racing catch last shuttle planet,2019,PG-13,96,"['scifi', 'romance', 'drama']",['US'],0.0,tt3256226,4.7,34180.0,25.116,4.9,0.4939,0.0
tm219233,Loving,MOVIE,story richard mildred loving interracial couple whose challenge antimiscegenation arrest marriage virginia led legal battle would end us supreme court,2016,PG-13,123,"['drama', 'romance']","['GB', 'US']",0.0,tt4669986,7.0,34326.0,16.664,6.7,0.6486,0.5994
tm170758,Hop,MOVIE,eb easter bunnys teenage son heads hollywood determined become drummer rock n roll band la hes taken fred outofwork slacker hits eb car,2011,PG,101,"['animation', 'comedy', 'family', 'fantasy']",['US'],0.0,tt1411704,5.4,34363.0,19.141,5.7,0.34,0.0
tm244229,Everybody Knows,MOVIE,laura spanish woman living buenos aires returns hometown outside madrid argentinian husband children however trip upset unexpected events bring secrets open,2018,R,132,"['drama', 'thriller', 'crime', 'european']","['IT', 'ES', 'FR']",0.0,tt4964788,6.9,34365.0,11.374,6.5,-0.3818,0.0
tm191431,Double Team,MOVIE,hes oneman arsenal enough voltage rock free world dont play rules youre either sideor way americas top counterterrorist usually works alonethis time hes got company,1997,R,93,"['action', 'scifi', 'comedy', 'thriller']","['HK', 'US']",0.0,tt0119013,4.8,34396.0,14.599,5.1,0.4703,0.0
tm1165462,Senior Year,MOVIE,thirtysevenyearold woman wakes twentyyear coma returns high school popular cheerleader finish senior year become prom queen main plot empowerment lgbtq rights progress years,2022,R,112,"['comedy', 'drama']",['US'],0.0,tt5315212,5.5,34419.0,232.337,5.9,0.7579,0.0
ts80617,The Protector,SHOW,epic adventure hakan young shopkeeper whose modern world gets turned upside learns hes connected secret ancient order tasked protecting istanbul,2018,TV-MA,44,"['action', 'fantasy', 'scifi', 'drama']",['TR'],4.0,tt7668518,6.5,34629.0,24.058,7.3,0.3182,0.0
tm1064228,Fatherhood,MOVIE,widowed new dad copes doubts fears heartache dirty diapers sets raise daughter inspired true story,2021,PG-13,109,"['drama', 'comedy']","['CA', 'US']",0.0,tt4733624,6.6,34661.0,88.619,7.6,-0.6124,0.0
ts270910,Vikings : Valhalla,SHOW,sequel vikings hundred years passed new generation legendary heroes arises forge destiny make history,2022,TV-MA,51,"['war', 'action', 'drama', 'history', 'romance']",['US'],1.0,tt11311302,7.1,34833.0,236.161,7.98,0.5106,0.0
tm219817,Talvar,MOVIE,hardened cop deals three conflicting perspectives involving brutal double murder case complicated prime suspects parents supposedly killed teenage daughter,2015,PG,132,"['thriller', 'drama', 'crime']",['IN'],0.0,tt4934950,8.1,34943.0,9.212,7.5,-0.9607,0.0
ts21580,Longmire,SHOW,wyoming sheriff rebuilds life career following death wife based walt longmire series mystery novels written bestselling author craig johnson,2012,TV-14,53,"['drama', 'western', 'crime', 'action']",['US'],6.0,tt1836037,8.3,35021.0,36.854,7.8,-0.5994,0.0
tm427335,Freaks,MOVIE,kept locked inside house father 7yearold chloe lives fear fascination outside world abnormals create constant threator believes mysterious stranger offers glimpse whats really happening outside chloe soon finds truth isnt simple danger real,2019,R,105,"['scifi', 'thriller', 'drama']","['US', 'CA']",0.0,tt8781414,6.7,35021.0,56.909,6.8,0.7332,-0.1027
ts20678,Saved Bell,SHOW,lovable schemer zack morris leads pals adventures californias bayside high school friends navigate relationships final exams school dances breakups frequently frustrating principal mr richard belding best keep check,1989,TV-G,23,"['family', 'comedy', 'romance']",['US'],5.0,tt0096694,7.1,35034.0,19.855,8.0,0.8957,0.4215
tm244325,Mute,MOVIE,mute man violent past forced take teeming underworld nearfuture berlin searches missing girlfriend,2018,R,126,"['scifi', 'thriller', 'drama']","['GB', 'DE']",0.0,tt1464763,5.4,35158.0,15.734,5.6,-0.8442,0.0
tm355783,Eli,MOVIE,boy named eli rare autoimmune disorder confined special experimental clinic treatment soon begins experiencing supernatural forces turning supposedly safe facility haunted prison fellow patients,2019,R,98,"['horror', 'thriller', 'drama']",['US'],0.0,tt5294518,5.8,35214.0,31.78,6.0,-0.5423,0.0
ts85985,Cowboy Bebop,SHOW,long style perpetually short cash bounty hunters spike jet faye trawl solar system looking jobs outrun spikes past,2021,TV-MA,45,"['scifi', 'action', 'drama', 'fantasy', 'comedy', 'crime']",['US'],1.0,tt1267295,6.6,35427.0,17.479,6.8,0.0,0.0
tm88366,Main Hoon Na,MOVIE,army major goes undercover college student mission professional personal protect generals daughter radical militant find estranged halfbrother,2004,PG,179,"['drama', 'action', 'comedy', 'romance', 'thriller']",['IN'],0.0,tt0347473,7.0,35484.0,12.629,6.9,0.3818,0.0
ts80709,Another Life,SHOW,massive alien artifact lands earth niko breckinridge leads interstellar mission track source make first contact,2019,TV-MA,42,"['scifi', 'drama', 'thriller']",['US'],2.0,tt8369840,5.2,35536.0,56.037,6.1,0.0,0.0
tm285107,Victoria & Abdul,MOVIE,queen victoria strikes unlikely friendship young indian clerk named abdul karim,2017,PG-13,111,"['drama', 'history']","['GB', 'US']",0.0,tt5816682,6.8,35690.0,11.743,7.0,0.1027,0.0
tm226948,The Shack,MOVIE,suffering family tragedy mack phillips spirals deep depression causing question innermost beliefs facing crisis faith receives mysterious letter urging abandoned shack deep oregon wilderness despite doubts mack journeys shack encounters enigmatic trio strangers led woman named papa meeting mack finds important truths transform understanding tragedy change life forever,2017,PG-13,132,"['drama', 'fantasy']",['US'],0.0,tt2872518,6.2,35748.0,110.758,7.5,-0.947,0.0
ts84633,The Promised Neverland,SHOW,surrounded forest gated entrance grace field house inhabited orphans happily living together one big family looked mama isabella although required take tests daily children free spend time see fit usually playing outside long venture far orphanage rule expected follow matter however good times must come end every months child adopted sent live new family never heard however three oldest siblings suspicions actually happening orphanage discover cruel fate awaits children living grace field including twisted nature beloved mama,2019,TV-MA,23,"['animation', 'thriller', 'scifi', 'action', 'drama', 'horror', 'fantasy']",['JP'],2.0,tt8788458,8.3,36018.0,42.367,8.843,0.9442,0.3612
ts88577,Hollywood,SHOW,group aspiring actors filmmakers postworld war ii hollywood try make big matter cost,2020,TV-MA,50,"['drama', 'history']",['US'],1.0,tt9827854,7.5,36052.0,11.855,7.6,-0.5859,0.0
tm35700,Paan Singh Tomar,MOVIE,paan singh tomar goes celebrated runner star brigand rebel life sports fails unfold planned,2012,PG,135,"['drama', 'crime', 'sport', 'thriller', 'action']",['IN'],0.0,tt1620933,8.2,36077.0,4.424,7.4,0.0772,0.0
ts78590,The Mechanism,SHOW,scandal erupts brazil investigation alleged government corruption via oil construction companies loosely inspired true events,2018,TV-MA,46,"['drama', 'crime', 'thriller']",['BR'],2.0,tt6873658,8.0,36136.0,8.383,7.4,0.4767,0.0
ts41975,Shooter,SHOW,bob lee swagger expert marksman living exile coaxed back action learning plot kill president,2016,TV-14,41,"['action', 'war', 'drama']",['US'],3.0,tt4181172,7.5,36165.0,45.055,7.1,-0.6908,0.0
ts42168,Resurrection : Ertugrul,SHOW,erturul bey knights templar 13th century alba step step struggle brutal mongols depicts process establishing ottoman principality,2014,TV-14,57,"['action', 'war', 'drama', 'history']",['TR'],5.0,tt4320258,7.9,36177.0,30.409,7.7,-0.7506,0.0
tm976166,Malcolm & Marie,MOVIE,filmmaker girlfriend return home movie premiere smoldering tensions painful revelations push toward romantic reckoning,2021,R,106,"['romance', 'drama']",['US'],0.0,tt12676326,6.6,36395.0,22.675,7.1,-0.4404,0.0
ts20791,Z Nation,SHOW,three years zombie virus gutted country team everyday heroes must transport known survivor plague new york california last functioning viral lab waits blood,2014,TV-14,43,"['action', 'comedy', 'drama', 'horror', 'romance', 'scifi']",['US'],5.0,tt3843168,6.6,36415.0,66.412,7.2,0.7003,0.0
ts89840,Virgin River,SHOW,seeing ad midwife recently divorced bigcity nurse moves redwood forests california meets intriguing man,2019,TV-14,44,"['drama', 'romance']",['US'],4.0,tt9077530,7.4,36459.0,169.37,8.034,0.0,0.0
ts36856,F Family,SHOW,follow murphy family back 1970s kids roamed wild beer flowed freely nothing came man tv,2015,TV-MA,27,"['comedy', 'drama', 'animation']",['US'],5.0,tt4326894,8.0,36562.0,18.906,7.3,0.4404,0.0
tm470240,The Half It,MOVIE,shy straighta student ellie hired sweet inarticulate jock paul needs help wooing popular girl school new unlikely friendship gets tricky ellie discovers feelings girl,2020,PG-13,104,"['comedy', 'romance', 'drama']",['US'],0.0,tt9683478,6.9,36576.0,17.948,7.2,0.8316,0.0
ts104401,Ragnarok,SHOW,small norwegian town experiencing warm winters violent downpours seems headed ragnarok unless someone intervenes time,2020,TV-MA,47,"['thriller', 'action', 'drama', 'fantasy', 'scifi']",['NO'],2.0,tt9251798,7.5,36863.0,118.364,8.067,-0.4588,0.0
tm30170,Don,MOVIE,dcp desilva sees way bring justice feared head criminal empire recruiting man named vijay looks exactly like crime boss ruse works well soon vijay finds life danger desilva one knows true identity dies,2006,PG-13,167,"['thriller', 'crime', 'action', 'european']",['IN'],0.0,tt0461936,7.1,37131.0,8.892,7.1,-0.5719,0.0
tm244197,Replicas,MOVIE,scientist becomes obsessed returning family normalcy terrible accident,2018,PG-13,94,"['scifi', 'thriller', 'drama']","['PR', 'US', 'GB', 'CN']",0.0,tt4154916,5.5,37340.0,27.644,6.1,-0.7845,0.0
tm459512,To All Boys : P.S . I Still Love You,MOVIE,lara jean peter taken romance pretend officially real another recipient one love letters enters picture,2020,PG-13,102,"['romance', 'comedy', 'drama']",['US'],0.0,tt9354842,6.0,37471.0,38.468,6.898,0.8126,0.6369
tm847805,Ludo,MOVIE,ludo butterfly effect despite chaos crowd world lives inextricably connected resurfaced sex tape rogue suitcase money four wildly different stories overlap whims fate chance one eccentric criminal,2020,PG-13,150,"['crime', 'comedy', 'drama', 'action']",['IN'],0.0,tt7212754,7.6,37528.0,10.329,7.5,0.1526,0.0
ts52830,Gilmore Girls : A Year Life,SHOW,set nearly decade finale original series revival follows lorelai rory emily gilmore four seasons change,2016,TV-14,92,"['drama', 'comedy']",['US'],1.0,tt5435008,7.6,37577.0,14.808,7.6,0.3182,0.0
ts287559,Jupiter 's Legacy,SHOW,worlds first generation superheroes received powers 1930s become revered elder guard present superpowered children struggle live legendary feats parents,2021,TV-MA,45,"['scifi', 'action', 'drama', 'thriller', 'fantasy']",['US'],1.0,tt5774002,6.7,37848.0,59.076,7.3,0.25,0.0
ts19036,The Fairly OddParents,SHOW,zany fastpaced adventures 10yearold boy fairy godparents inadvertently create havoc grant wishes pintsized charge,2001,TV-Y7,23,"['comedy', 'scifi', 'animation', 'family', 'fantasy']","['CA', 'US']",10.0,tt0235918,7.2,38046.0,67.192,7.7,0.4019,0.0
ts57850,HAPPY !,SHOW,corrupt excop turned hitman nick saxs life changed forever relentlessly positive imaginary blue winged horse named happy,2017,TV-MA,43,"['scifi', 'action', 'comedy', 'crime', 'fantasy', 'thriller']",['US'],2.0,tt2452242,8.1,38172.0,13.215,7.5,0.8074,0.6114
ts88613,Formula 1 : Drive Survive,SHOW,drivers managers team owners live life fast lane track one cutthroat season formula 1 racing,2019,TV-MA,38,"['documentation', 'sport']",['GB'],6.0,tt8289930,8.6,38345.0,40.781,8.4,0.0,0.0
ts41149,The Ranch,SHOW,pro athlete didnt pan colt hes helping dad brother keep ranch afloat figuring fits family,2016,TV-MA,30,"['comedy', 'drama', 'western']",['US'],5.0,tt4998212,7.4,38420.0,25.365,7.5,0.296,0.0
tm922788,The Babysitter : Killer Queen,MOVIE,two years defeating satanic cult led babysitter bee coles trying forget past focus surviving high school old enemies unexpectedly return cole outsmart forces evil,2020,R,101,"['comedy', 'horror']",['US'],0.0,tt11024272,5.8,38684.0,83.924,6.4,-0.872,-0.6486
tm161263,The Cave,MOVIE,group biologists discovers huge network unexplored caves romania believing undisturbed ecosystem produced new species hire best american team underwater cave explorers world exploring deeper underwater caves rockslide blocks exit soon discover larger carnivorous creature added food chain,2005,PG-13,97,"['horror', 'thriller', 'action', 'scifi', 'european']","['DE', 'US']",0.0,tt0402901,5.1,38734.0,13.695,5.3,0.6808,0.0
tm464557,The Perfect Date,MOVIE,beau problem earn money college high schooler creates dating app lets act standin boyfriend,2019,PG-13,93,"['romance', 'comedy']",['US'],0.0,tt8201170,5.8,38796.0,51.174,6.5,-0.1531,0.5719
tm420797,Sierra Burgess Is Loser,MOVIE,case mistaken identity results unexpected romance popular girl high school biggest loser must come together win crushes,2018,PG-13,105,"['romance', 'comedy', 'drama']",['US'],0.0,tt3120280,5.8,38841.0,14.072,6.3,0.34,-0.5267
ts22018,iCarly,SHOW,watch carly sam freddie try balance everyday 8th grade lives newfound fame managing starring awesome show web,2007,TV-G,26,"['comedy', 'family', 'romance']",['US'],6.0,tt0972534,6.7,38877.0,100.996,8.0,0.7906,0.0
ts82849,The Kominsky Method,SHOW,aging actor long ago enjoyed brush fame makes living acting coach,2018,TV-MA,26,"['drama', 'comedy']",['US'],3.0,tt7255502,8.2,38900.0,18.106,7.6,0.7351,0.0
tm841797,The Ice Road,MOVIE,remote diamond mine collapses far northern canada ice road driver must lead impossible rescue mission frozen ocean save trapped miners,2021,PG-13,109,"['action', 'thriller', 'drama']",['US'],0.0,tt3758814,5.6,38927.0,35.718,7.009,0.5106,0.0
tm244403,ARQ,MOVIE,two old friends living dystopic future become trapped mysterious time loop one may something ongoing battle omnipotent corporation ragtag band rebels,2016,R,88,"['scifi', 'thriller', 'action']",['US'],0.0,tt5640450,6.3,39108.0,20.157,6.1,-0.5719,0.0
tm886464,The Wrong Missy,MOVIE,guy meets woman dreams invites companys corporate retreat realizes sent invite wrong person,2020,R,90,"['romance', 'comedy']",['US'],0.0,tt9619798,5.7,39237.0,31.686,6.2,0.25,-0.4767
ts271888,Fate : The Winx Saga,SHOW,comingofage journey five fairies attending alfea magical boarding school otherworld must learn master powers navigating love rivalries monsters threaten existence,2021,TV-MA,50,"['scifi', 'drama', 'fantasy', 'action']",['US'],2.0,tt8179402,6.8,39519.0,97.114,8.373,0.3818,0.0
ts20097,Hemlock Grove,SHOW,one quench allconsuming thirst tame beast clawing way sleepy pennsylvania village hemlock grove two young men struggle accept painful truths family mystery white tower terrifying new threat powerful turn predators prey,2013,TV-MA,49,"['thriller', 'scifi', 'drama', 'fantasy', 'horror']",['US'],3.0,tt2309295,7.0,39998.0,22.596,7.3,-0.6249,0.0
tm181081,The Railway Man,MOVIE,victim world war iis death railway sets find responsible torture true story,2013,R,116,"['drama', 'history', 'european', 'romance', 'war']","['AU', 'CH', 'GB']",0.0,tt2058107,7.1,40175.0,8.518,6.9,-0.8658,0.0
tm130574,Did You Hear About Morgans ?,MOVIE,new york city estranged couple witness murder relocated smalltown wyoming part witnessprotection program,2009,PG-13,103,"['comedy', 'drama', 'romance']",['US'],0.0,tt1314228,4.9,40551.0,12.459,5.4,-0.6908,0.0
ts35554,Scream : The TV Series,SHOW,starts youtube video going viral soon leads problems teenagers lakewood serves catalyst murder opens window towns troubled past everyone secrets everyone tells lies everyone fair game,2015,TV-14,43,"['thriller', 'drama', 'crime', 'horror', 'comedy']",['US'],3.0,tt3921180,7.1,40676.0,38.018,6.9,-0.8979,-0.4019
tm443615,Rebecca,MOVIE,whirlwind romance wealthy widower nave bride moves family estate cant escape haunting shadow late wife,2020,PG-13,123,"['romance', 'drama', 'thriller']",['GB'],0.0,tt2235695,6.0,41232.0,11.042,6.3,0.7503,0.0
ts129445,The Spy,SHOW,based life israeli spy eli cohen,2019,TV-MA,53,"['drama', 'history']",['FR'],1.0,tt5952634,7.9,41237.0,16.993,7.6,0.0,0.0
tm313683,Veronica,MOVIE,madrid june 1991 celebrating session ouija friends vernica besieged dangerous supernatural presences threaten harm entire family,2017,R,105,['horror'],['ES'],0.0,tt5862312,6.2,41284.0,55.175,6.2,-0.34,0.0
tm849022,Hillbilly Elegy,MOVIE,urgent phone call pulls yale law student back ohio hometown reflects three generations family history future,2020,R,117,['drama'],['US'],0.0,tt6772802,6.7,41469.0,12.825,6.8,0.2023,0.0
tm1020073,Thunder Force,MOVIE,world supervillains commonplace two estranged childhood best friends reunite one devises treatment gives powers protect city,2021,PG-13,107,"['scifi', 'comedy', 'fantasy', 'action']",['US'],0.0,tt10121392,4.4,41508.0,47.631,5.7,0.872,0.0
ts256072,The Woman House Across Street Girl Window,SHOW,anna every day sits wine staring window watching life go without handsome neighbor moves across street anna starts see light end tunnel witnesses gruesome murder,2022,TV-MA,26,"['thriller', 'crime', 'drama', 'comedy']",['US'],1.0,tt13315324,6.3,41822.0,14.902,7.0,-0.8089,0.0
tm136061,Suffragette,MOVIE,based true events foot soldiers early feminist movement forced underground evade state,2015,PG-13,106,"['drama', 'history']","['GB', 'FR']",0.0,tt3077214,6.9,41983.0,12.013,7.3,-0.0516,0.0
tm166628,The Smurfs 2,MOVIE,evil wizard gargamel creates couple mischievous smurflike creatures called naughties hopes let harness allpowerful magical smurfessence discovers real smurf give wants secret spell smurfette knows turn naughties real smurfs gargamel kidnaps smurfette brings paris winning adoration millions worlds greatest sorcerer papa clumsy grouchy vanity return world reunite human friends patrick grace winslow rescue smurfette always felt different smurfs find new connection naughties vexy hackus smurfs convince love true blue,2013,PG,105,"['comedy', 'animation', 'fantasy', 'family']",['US'],0.0,tt2017020,5.3,42011.0,32.819,5.8,0.9761,0.0
tm983270,Outside Wire,MOVIE,near future drone pilot sent deadly militarized zone must work android officer locate doomsday device,2021,R,116,"['action', 'scifi', 'thriller', 'fantasy']",['US'],0.0,tt10451914,5.4,42078.0,87.801,6.4,-0.5859,0.0
ts35253,Dark Matter,SHOW,sixperson crew derelict spaceship awakens stasis farthest reaches space memories wiped clean recollection got board clue identities cargo bay full weaponry destination remote mining colony become war zone idea whose side face deadly decision amnesiacs turn backs history pasts catch,2015,TV-14,43,"['scifi', 'thriller', 'drama', 'action']",['CA'],3.0,tt4159076,7.5,42177.0,19.743,6.7,-0.4767,0.0258
ts58367,Safe,SHOW,daughter goes missing widower begins uncovering dark secrets people closest,2018,TV-MA,45,"['drama', 'thriller', 'crime', 'european']",['GB'],1.0,tt7902072,7.2,42239.0,9.531,6.9,-0.296,0.4404
ts85398,Our Planet,SHOW,experience planets natural beauty examine climate change impacts living creatures ambitious documentary spectacular scope,2019,TV-G,50,['documentation'],['GB'],1.0,tt9253866,9.3,42259.0,19.942,8.8,0.8555,0.0
tm78671,Cleaner,MOVIE,single father former cop tom cutler unusual occupation cleans death scenes hes called sterilize wealthy suburban residence brutal shooting cutler shocked learn may unknowingly erased crucial evidence entangling dirty criminal coverup,2007,R,88,"['thriller', 'crime']",['US'],0.0,tt0896798,6.1,42285.0,11.509,6.0,-0.9337,0.1779
ts38511,Love,SHOW,rebellious mickey goodnatured gus navigate thrills agonies modern relationships,2016,TV-MA,32,"['comedy', 'drama', 'romance']",['US'],3.0,tt4061080,7.7,42357.0,26.397,7.3,0.0772,0.6369
ts95572,The Serpent,SHOW,twisting reallife story charles sobhraj murderer thief seductive master disguise hidden darkness mid70s asias hippie trail,2021,TV-MA,57,"['crime', 'drama', 'thriller']",['GB'],1.0,tt7985576,7.6,42371.0,12.904,7.6,-0.9001,0.0
tm200690,The Forest,MOVIE,set aokigahara forest reallife place japan people go end lives backdrop young american woman comes search twin sister mysteriously disappeared,2016,R,95,"['horror', 'thriller', 'scifi', 'drama', 'fantasy']",['US'],0.0,tt3387542,4.8,42561.0,33.204,5.2,-0.2263,0.0
tm243326,Anon,MOVIE,set nearfuture world privacy ignorance anonymity private memories recorded crime almost ceases exist trying solve series unsolved murders sal frieland stumbles onto young woman appears subverted system disappeared identity history record sal realizes may end crime beginning known girl sal must find becomes next victim,2018,R,100,"['scifi', 'thriller', 'action', 'drama', 'crime', 'european']","['US', 'GB']",0.0,tt5419536,6.1,42608.0,21.915,5.919,-0.9403,0.0
ts82851,Messiah,SHOW,wary cia officer investigates charismatic man sparks spiritual movement stirs political unrest exactly want,2020,TV-MA,45,"['drama', 'thriller']",['US'],1.0,tt7671598,7.6,42667.0,19.659,7.4,0.0772,0.0
tm501313,Gunpowder Milkshake,MOVIE,three generations women fight back could take everything,2021,R,114,"['action', 'thriller', 'crime']","['FR', 'DE', 'US']",0.0,tt8368408,6.0,42709.0,106.522,6.398,-0.3818,0.0
ts22267,Trailer Park Boys,SHOW,follow boozefueled misadventures three longtime pals petty serial criminals run scams nova scotia trailer park,2001,TV-MA,25,"['comedy', 'crime']",['CA'],12.0,tt0290988,8.6,42733.0,22.603,8.0,-0.8519,0.0
ts296472,The Chestnut Man,SHOW,grisly murder scene sits figurine made chestnuts creepy clue two detectives hunt killer linked politicians missing child,2021,TV-MA,55,"['crime', 'drama', 'thriller']",['DK'],1.0,tt10834220,7.7,42817.0,49.565,7.7,-0.9042,0.0
tm73058,Om Shanti Om,MOVIE,reincarnated 30 years killed suspicious onset fire smalltime actor determined punish person ignited blaze,2007,PG,162,"['thriller', 'drama', 'action', 'comedy', 'fantasy', 'romance']",['IN'],0.0,tt1423972,6.7,43052.0,11.847,7.021,-0.886,0.0
tm244175,The Zookeeper 's Wife,MOVIE,account keepers warsaw zoo jan antonina zabinski helped save hundreds people animals nazi invasion,2017,PG-13,126,"['war', 'drama', 'history']","['CZ', 'GB', 'US']",0.0,tt1730768,7.0,43091.0,23.231,7.4,0.4767,0.0
tm1020438,Spiderhead,MOVIE,near future convicts offered chance volunteer medical subjects shorten sentence one subject new drug capable generating feelings love begins questioning reality emotions,2022,R,106,"['scifi', 'thriller', 'drama', 'action', 'crime']",['US'],0.0,tt9783600,5.4,43239.0,996.869,5.8,0.8271,0.0
tm205890,The Take,MOVIE,michael mason american pickpocket living paris finds hunted cia steals bag contains wallet sean briar field agent case soon realises michael pawn much bigger game also best asset uncover largescale conspiracy,2016,R,92,"['action', 'drama', 'crime', 'thriller']","['US', 'FR', 'LU', 'GB']",0.0,tt2368619,6.3,43449.0,17.563,6.3,0.0,0.0
tm161525,The Green Inferno,MOVIE,group student activists travel new york city amazon save rainforest however arrive vast green landscape soon discover alone good deed goes unpunished,2013,R,100,"['thriller', 'horror']","['US', 'CA', 'CL']",0.0,tt2403021,5.3,44016.0,32.224,5.7,0.7003,0.0
tm1038686,Bo Burnham : Inside,MOVIE,stuck covid19 lockdown us comedian musician bo burnham attempts stay sane happy writing shooting performing oneman comedy special,2021,R,87,"['comedy', 'drama', 'music', 'reality']",['US'],0.0,tt14544192,8.7,44074.0,11.434,8.2,0.8591,0.0
ts20429,Sword Art Online,SHOW,near future virtual reality massive multiplayer online roleplaying game vrmmorpg called sword art online released players control avatars bodies using piece technology called nerve gear one day players discover log game creator holding captive unless reach 100th floor games tower defeat final boss however die game die real life struggle survival starts,2012,TV-MA,23,"['scifi', 'action', 'animation', 'drama', 'western', 'fantasy', 'thriller', 'romance', 'comedy']",['JP'],4.0,tt2250192,7.6,44606.0,58.325,8.284,-0.9186,0.0
ts42169,ERASED,SHOW,satoru fujinuma struggling manga artist ability turn back time prevent deaths mother killed turns back time solve mystery ends back elementary school disappearance classmate kayo,2016,TV-14,22,"['drama', 'thriller', 'animation', 'fantasy', 'scifi']",['JP'],1.0,tt5249462,8.5,44643.0,25.494,8.7,-0.6249,0.0
tm239760,Blair Witch,MOVIE,students camping trip discover something sinister lurking beyond trees,2016,R,89,"['thriller', 'horror']","['US', 'CA']",0.0,tt4426214,5.0,44716.0,19.407,5.2,-0.6597,-0.3612
tm418847,The Silence,MOVIE,world attack deadly creatures hunt sound teen family seek refuge outside city encounter mysterious cult,2019,PG-13,90,"['drama', 'thriller', 'fantasy', 'horror', 'scifi', 'european']",['DE'],0.0,tt7315484,5.3,44818.0,35.51,6.04,-0.4767,0.0
tm103732,Udaan,MOVIE,upon returning industrial hometown young man must decide whether follow dreams acquiesce fathers plans future,2010,R,138,['drama'],['IN'],0.0,tt1639426,8.1,44862.0,5.019,7.3,0.4019,0.0
ts55762,Kingdom,SHOW,zombie thriller set koreas medieval joseon dynasty defeated corruption famine mysterious rumor kings death spreads strange plague renders infected immune death hungry flesh crown prince fallen victim conspiracy sets journey unveil evil scheme save people,2019,TV-MA,48,"['action', 'scifi', 'thriller', 'history', 'drama', 'horror']",['KR'],2.0,tt6611916,8.3,44874.0,42.052,8.4,-0.9702,0.0
ts225855,All Us Are Dead,SHOW,high school becomes ground zero zombie virus outbreak trapped students must fight way turn one rabid infected,2022,TV-MA,61,"['action', 'drama', 'scifi', 'horror', 'thriller', 'fantasy']",['KR'],2.0,tt14169960,7.5,45027.0,491.672,8.452,-0.8481,-0.6486
tm858869,Stowaway,MOVIE,threeperson crew mission mars faces impossible choice unplanned passenger jeopardizes lives everyone board,2021,PG-13,117,"['thriller', 'action', 'scifi', 'drama']","['DE', 'US']",0.0,tt9203694,5.6,45090.0,23.376,5.875,0.0,0.0
ts687,The 4400,SHOW,4400 centers return 4400 people previously presumed dead reported missing reappear earth though aged physically seem deeper alterations ranging superhuman strength unexplained healing touch government agency formed track 4400 people one commits murder,2004,TV-14,44,"['drama', 'scifi', 'thriller']",['US'],4.0,tt0389564,7.3,45249.0,37.169,7.2,-0.836,0.0
ts217231,Heartstopper,SHOW,teens charlie nick discover unlikely friendship might something navigate school young love comingofage series,2022,TV-14,28,"['romance', 'drama']",['GB'],3.0,tt10638036,8.7,45476.0,165.66,9.027,0.7964,0.0
ts55720,GLOW,SHOW,1980s la crew misfits reinvent gorgeous ladies wrestling,2017,TV-MA,34,"['drama', 'comedy', 'sport', 'reality']",['US'],4.0,tt0784878,8.0,45533.0,17.486,7.4,0.6124,0.0
ts235655,Outer Banks,SHOW,tightknit group teens unearths longburied secret setting chain illicit events takes adventure theyll never forget,2020,TV-MA,49,"['thriller', 'action', 'drama', 'romance', 'crime']",['US'],2.0,tt10293938,7.5,45815.0,39.319,8.555,0.4526,0.0
ts256710,Archive 81,SHOW,archivist takes job restoring damaged videotapes gets pulled vortex mystery involving missing director demonic cult,2022,TV-MA,54,"['drama', 'scifi', 'horror', 'thriller']",['US'],1.0,tt13365348,7.3,45954.0,61.695,7.4,-0.4404,0.0
ts88379,Dracula,SHOW,transylvania 1897 blooddrinking count dracula drawing plans victorian london warned dead travel fast,2020,TV-MA,88,"['drama', 'action', 'thriller', 'fantasy', 'horror']",['GB'],1.0,tt9139220,6.8,45971.0,25.177,7.142,-0.7506,0.0
ts36015,Into Badlands,SHOW,land controlled feudal barons great warrior young boy embark journey across dangerous land find enlightenment genrebending martial arts series loosely based classic chinese tale journey west,2015,TV-14,43,"['action', 'drama']",['US'],3.0,tt3865236,7.9,46030.0,22.624,7.6,0.0516,0.0
tm1080445,The Gray Man,MOVIE,shadowy cia agent uncovers damning agency secrets hes hunted across globe sociopathic rogue operative whos put bounty head,2022,PG-13,128,"['thriller', 'action']","['US', 'CZ']",0.0,tt1649418,6.6,46071.0,510.268,6.851,-0.34,0.0
tm239707,The Do-Over,MOVIE,life bank manager turned upside friend past manipulates faking death taking adventure,2016,PG-13,108,"['action', 'comedy']",['US'],0.0,tt4769836,5.7,46260.0,11.466,5.672,-0.296,0.0
tm233294,War Machine,MOVIE,rock star general bent winning impossible war afghanistan takes us inside complex machinery modern war inspired true story general stanley mcchrystal,2017,R,122,"['drama', 'comedy', 'war']",['US'],0.0,tt4758646,6.0,46276.0,12.235,5.552,0.1531,-0.5994
ts21367,Jane Virgin,SHOW,comedydrama following chaste young woman accidentally impregnated via artificial insemination struggles inform devoutly religious family make right choices concerning child based telenovela juana la virgen,2014,TV-14,42,"['drama', 'comedy']",['US'],5.0,tt3566726,7.8,46286.0,62.316,7.952,-0.5994,0.0
tm139532,Before I Wake,MOVIE,intense heart pounding supernatural thriller jessie kate bosworth mark thomas jane decide take sweet loving 8yearold boy cody unbeknownst cody terrified falling asleep first assume previous unstable homes caused aversion sleep soon discover codys dreams manifest reality sleeps one moment experience incredible wonder codys imagination next horrific nature night terrors save new family jessie mark embark dangerous hunt uncover truth behind codys nightmares,2016,PG-13,97,"['drama', 'fantasy', 'horror', 'thriller']",['US'],0.0,tt3174376,6.2,46334.0,99.185,6.4,-0.743,0.0
ts279892,Ginny & Georgia,SHOW,angsty awkward fifteen year old ginny miller often feels mature thirty year old mother irresistible dynamic georgia miller years run georgia desperately wants put roots picturesque new england give family something theyve never normal life carpool kombucha georgias past threatens familys new way life georgia anything protect family,2021,TV-14,54,"['drama', 'comedy']",['US'],1.0,tt10813940,7.4,46343.0,71.27,8.1,0.7351,0.0
tm266714,CHiPS,MOVIE,adventures two california highway patrol motorcycle officers make rounds freeways los angeles,2017,R,100,"['action', 'comedy', 'crime']",['US'],0.0,tt0493405,6.0,46783.0,34.887,6.1,0.34,0.0
tm239927,Official Secrets,MOVIE,true story british intelligence whistleblower katharine gun whoprior 2003 iraq invasionleaked topsecret nsa memo exposing joint usuk illegal spying operation members un security council memo proposed blackmailing member states voting war,2019,R,112,"['drama', 'thriller', 'history', 'crime', 'war', 'romance']","['GB', 'US']",0.0,tt5431890,7.3,46901.0,13.217,7.249,-0.5719,0.0
ts235758,Never Have I Ever,SHOW,complicated life modernday first generation indian american teenage girl inspired mindy kalings childhood,2020,TV-14,28,"['comedy', 'drama']",['US'],4.0,tt10062292,7.8,47000.0,47.843,8.183,0.4939,0.0
tm300615,Mudbound,MOVIE,postworld war ii south two families pitted barbaric social hierarchy unrelenting landscape simultaneously fight battle home battle abroad,2017,R,135,"['drama', 'war']",['US'],0.0,tt2396589,7.4,47676.0,9.749,7.4,-0.8934,0.0
ts20248,Reign,SHOW,mary queen scots faces political sexual intrigue treacherous world french court,2013,TV-14,42,"['drama', 'fantasy', 'history']",['US'],4.0,tt2710394,7.5,47751.0,50.864,8.0,0.0,0.0
tm214825,The Ridiculous 6,MOVIE,longlost outlaw father returns tommy white knife stockburn goes adventurefilled journey across old west five brothers,2015,PG-13,119,"['western', 'comedy', 'action']",['US'],0.0,tt2479478,4.8,47935.0,40.711,5.152,0.0,-0.3612
ts224901,The Stranger,SHOW,web secrets sends family man adam price desperate quest uncover truth people closest,2020,TV-MA,45,"['thriller', 'crime', 'drama']",['GB'],1.0,tt9698480,7.3,48298.0,11.603,7.4,0.0,0.0
tm455636,The Dirt,MOVIE,story mtley cre rise sunset strip club scene early 1980s superstardom,2019,R,108,"['drama', 'comedy', 'music']",['US'],0.0,tt0800325,6.9,48445.0,15.86,7.518,0.0,-0.34
tm847998,Hubie Halloween,MOVIE,hubie dubois despite devotion hometown salem massachusetts legendary halloween celebration figure mockery kids adults alike year something really going bump night hubie save halloween,2020,PG-13,103,"['horror', 'comedy', 'thriller', 'fantasy']",['US'],0.0,tt10682266,5.2,48575.0,18.454,6.0,-0.1481,0.0
tm919961,Pieces Woman,MOVIE,young mothers home birth ends unfathomable tragedy begins yearlong odyssey mourning fractures relationships loved ones deeply personal story woman learning live alongside loss,2020,R,127,['drama'],"['CA', 'HU', 'US']",0.0,tt11161474,7.0,48664.0,10.502,7.098,-0.6908,0.0
tm946869,Texas Chainsaw Massacre,MOVIE,nearly 50 years hiding leatherface returns terrorize group idealistic influencers accidentally disrupt carefully shielded world remote texas town,2022,R,83,"['horror', 'thriller', 'crime']",['US'],0.0,tt11755740,4.8,48828.0,331.065,5.2,-0.6808,0.0
tm366567,When We First Met,MOVIE,noah spends perfect first night girl dreams avery gets relegated friend zone spends next three years wondering went wrong gets unexpected chance travel back time alter night fate,2018,PG-13,97,"['fantasy', 'comedy', 'romance']",['US'],0.0,tt5783956,6.4,48885.0,15.879,6.6,0.8176,0.0
tm36475,Kabhi Khushi Kabhie Gham,MOVIE,years father disowns adopted brother marrying woman lower social standing young man goes mission reunite family,2001,G,210,"['drama', 'romance']",['IN'],0.0,tt0248126,7.4,49273.0,13.699,7.9,-0.296,0.0
tm86995,Christmas Kranks,MOVIE,daughter blair leaves family nest luther nora krank decide book island cruise beat yuletide blues skip holidays decision boycott tradition whole neighborhood uproar blair call son christmas eve announce surprise visit new fiance kranks twelve hours perform miracle pull neighbors together throw best celebration ever,2004,PG,99,"['comedy', 'family']",['US'],0.0,tt0388419,5.4,49302.0,17.708,6.1,0.886,0.0
tm184608,Texas Chainsaw 3D,MOVIE,young woman learns inherited texas estate deceased grandmother embarking road trip friends uncover roots finds sole owner lavish isolated victorian mansion newfound wealth comes price stumbles upon horror awaits mansions dank cellars,2013,R,87,"['thriller', 'horror']",['US'],0.0,tt1572315,4.8,49312.0,53.401,5.4,0.1531,0.0
tm192769,Vegas Vacation,MOVIE,griswold family hits road typically illfated vacation time glitzy mecca slots showgirlslas vegas,1997,PG,94,['comedy'],['US'],0.0,tt0120434,5.9,49377.0,12.537,6.1,0.0,0.0
tm428557,The Laundromat,MOVIE,idyllic vacation takes unthinkable turn ellen martin begins investigating fake insurance policy find rabbit hole questionable dealings linked panama city law firm vested interest helping worlds wealthiest citizens amass larger fortunes,2019,R,96,"['drama', 'history', 'comedy', 'crime']",['US'],0.0,tt5868244,6.3,49391.0,10.319,6.0,0.5719,0.0
ts219660,Alice Borderland,SHOW,group bored delinquents transported parallel dimension part survival game,2020,TV-MA,47,"['action', 'drama', 'scifi', 'thriller', 'fantasy']",['JP'],2.0,tt10795658,7.6,49446.0,71.018,8.2,-0.2732,0.0
tm281935,A Bad Moms Christmas,MOVIE,amy kiki carla three underappreciated overburdened women rebel challenges expectations super bowl mothers christmas creating perfect holiday families wasnt hard enough hosting entertaining mothers,2017,R,104,['comedy'],['US'],0.0,tt6360762,5.6,49478.0,20.005,6.3,0.9371,-0.5423
tm160132,Soul Surfer,MOVIE,true story teen surfer bethany hamilton lost arm shark attack courageously overcame odds become champion sheer determination unwavering faith,2011,PG,106,"['drama', 'family', 'sport']",['US'],0.0,tt1596346,7.0,49599.0,42.736,7.1,0.8779,0.0
tm101334,Death Funeral,MOVIE,aarons fathers funeral today family home everything goes wrong funeral home delivers wrong body cousin accidentally drugs fianc aarons successful younger brother ryan flies new york broke arrogant top mysterious stranger wants word aaron,2010,R,92,"['comedy', 'drama']",['US'],0.0,tt1321509,5.7,49901.0,15.989,5.8,-0.9186,-0.7506
ts38199,The Magicians,SHOW,brakebills university secret institution specializing magic amidst unorthodox education spellcasting group twentysomething friends soon discover magical fantasy world read children real poses grave danger humanity,2015,TV-14,44,"['scifi', 'drama', 'fantasy']",['US'],5.0,tt4254242,7.6,50193.0,41.602,7.7,-0.4404,0.0
ts237713,Sweet Tooth,SHOW,perilous adventure across postapocalyptic world lovable boy whos halfhuman halfdeer searches new beginning gruff protector,2021,TV-14,45,"['drama', 'scifi', 'fantasy', 'action']",['US'],2.0,tt12809988,7.8,50215.0,63.287,8.0,0.743,0.4588
tm88045,How Do You Know,MOVIE,cut usa softball team feeling bit past prime lisa finds evaluating life middle love triangle corporate guy crisis competes current baseballplaying beau,2010,PG-13,121,"['comedy', 'drama', 'romance']",['US'],0.0,tt1341188,5.4,50383.0,9.889,5.251,-0.128,0.0
tm843444,Da 5 Bloods,MOVIE,four africanamerican vietnam veterans return vietnam search remains fallen squad leader promise buried treasure heroes battle forces humanity nature confronted lasting ravages immorality vietnam war,2020,R,156,"['war', 'drama']",['US'],0.0,tt9777644,6.5,50520.0,16.232,6.6,-0.5574,0.0
tm118238,Wyatt Earp,MOVIE,covering life times one wests iconic heroes wyatt earp weaves intricate tale earp friends family star studded cast sweeping cinematography authentic costumes wyatt earp led way western revival 90s,1994,PG-13,191,"['western', 'crime', 'action', 'drama']",['US'],0.0,tt0111756,6.7,50774.0,14.677,6.751,0.7906,0.0
tm106278,Everything Must Go,MOVIE,alcoholic relapses causing lose wife job holds yard sale front lawn attempt start new neighbor might key return form,2011,R,97,"['romance', 'comedy', 'drama']",['US'],0.0,tt1531663,6.4,50792.0,9.825,6.1,-0.4019,0.0
ts57120,Good Girls,SHOW,three good girl suburban wives mothers suddenly find desperate circumstances decide stop playing safe risk everything take power back,2018,TV-14,42,"['drama', 'crime', 'comedy']",['US'],4.0,tt6474378,7.7,50919.0,33.403,8.1,0.25,0.4404
tm821143,Ma Rainey 's Black Bottom,MOVIE,tensions rise trailblazing blues singer rainey band gather recording studio chicago 1927,2020,R,94,"['drama', 'music']",['US'],0.0,tt10514222,6.9,50988.0,10.662,6.7,-0.4019,0.0
ts6506,The Borgias,SHOW,set 15th century italy height renaissance borgias chronicles corrupt rise patriarch rodrigo borgia papacy proceeds commit every sin book amass retain power influence enormous wealth family,2011,TV-MA,51,"['drama', 'crime', 'history', 'romance']","['HU', 'US', 'CA']",3.0,tt1582457,7.9,51041.0,18.887,7.6,0.2023,0.0
ts35251,Grace Frankie,SHOW,elegant proper grace freewheeling eccentric frankie pair frenemies whose lives turned upside permanently intertwined husbands leave together must face starting 70s 21st century world,2015,TV-MA,29,"['drama', 'comedy']",['US'],7.0,tt3609352,8.2,51116.0,25.429,7.6,0.7351,0.4215
ts18010,Bloodline,SHOW,dramatic thriller explores demons lurking beneath surface contemporary american family rayburns hardworking pillars florida keys community black sheep son comes home 45th anniversary parents hotel threatens expose rayburns dark secrets shameful past pushing siblings limits family loyalty,2015,TV-MA,57,"['drama', 'thriller']",['US'],3.0,tt3520702,7.9,51422.0,17.338,7.3,-0.4588,0.0
ts300391,Clickbait,SHOW,family man nick brewer abducted crime sinister online twist closest race uncover behind,2021,TV-MA,46,"['crime', 'drama', 'thriller']","['US', 'AU']",1.0,tt10888878,7.2,51476.0,40.623,7.644,-0.8934,0.0
ts223210,Do n't F * * k Cats : Hunting Internet Killer,SHOW,group online justice seekers track guy posted video killing kittens,2019,TV-MA,62,"['documentation', 'crime']",['GB'],1.0,tt11318602,8.0,51559.0,13.548,7.7,-0.25,-0.6486
tm412550,Set It Up,MOVIE,two overworked underpaid assistants come plan get bosses backs setting,2018,R,105,"['romance', 'comedy']",['US'],0.0,tt5304992,6.5,51861.0,18.364,6.9,-0.0516,0.0
tm271951,Apostle,MOVIE,1905 man travels remote island search missing sister kidnapped mysterious religious cult,2018,R,130,"['thriller', 'drama', 'horror', 'fantasy']","['US', 'GB']",0.0,tt6217306,6.3,51890.0,14.414,6.1,-0.296,0.0
tm67635,Kuch Kuch Hota Hai,MOVIE,anjali left heartbroken best friend secret crush rahul falls love tina years later tinas young daughter tries fulfil mothers last wish uniting rahul anjali,1998,G,185,"['romance', 'comedy', 'drama']",['IN'],0.0,tt0172684,7.6,52036.0,12.35,7.7,0.8555,0.0
tm448792,In Shadow Moon,MOVIE,1988 philadelphia police officer thomas locke lockhart hungry become detective begins tracking serial killer whose crimes defy scientific explanation killer mysteriously resurfaces nine years later lockes obsession finding truth threatens destroy career family possibly sanity,2019,R,115,"['scifi', 'crime', 'thriller']","['US', 'CA']",0.0,tt8110640,6.2,52206.0,23.952,6.2,-0.9413,0.0
tm76835,Jab We Met,MOVIE,depressed wealthy businessman spunky carefree young woman embark unexpected journey changes lives,2007,PG-13,144,"['romance', 'comedy', 'drama']",['IN'],0.0,tt1093370,7.9,52531.0,8.69,7.4,0.2263,0.0
tm310706,Extinction,MOVIE,chief mechanic factory haunted apocalyptic nightmares becomes hero earth invaded mysterious army bent destruction,2018,R,96,"['scifi', 'thriller', 'action', 'drama']",['US'],0.0,tt3201640,5.8,52635.0,28.029,6.009,-0.8225,0.0
tm228677,The Space Between Us,MOVIE,interplanetary adventure space shuttle embarks first mission colonize mars discover takeoff one astronauts pregnant shortly landing dies complications giving birth first human born red planet never revealing father thus begins extraordinary life gardner elliot inquisitive highly intelligent boy reaches age 16 met 14 people unconventional upbringing,2016,PG-13,121,"['drama', 'romance', 'action', 'scifi']","['CN', 'US']",0.0,tt3922818,6.4,52698.0,23.219,7.1,0.8464,0.0
ts55982,Anne E,SHOW,comingofage story outsider odds numerous challenges fights love acceptance place world series centers young orphaned girl late 1890s abusive childhood spent orphanages homes strangers mistakenly sent live elderly woman aging brother time 13yearold anne transform lives eventually small town live unique spirit fierce intellect brilliant imagination,2017,TV-G,46,"['drama', 'family']",['CA'],3.0,tt5421602,8.7,52756.0,150.37,8.8,0.7845,0.0
ts81294,Manifest,SHOW,landing turbulent routine flight crew passengers montego air flight 828 discover five years passed seemed like hours new realities become clear deeper mystery unfolds returned passengers soon realize may meant something greater ever thought possible,2018,TV-14,42,"['drama', 'thriller', 'scifi']",['US'],4.0,tt8421350,7.1,53185.0,145.572,7.7,0.765,0.0
tm151807,Creep,MOVIE,looking work aaron comes across cryptic online ad 1000 day filming service discretion appreciated low cash full naivet decides go drives cabin remote mountain town meets josef cinematic subject day josef sincere project seems heartfelt aaron begins film day goes becomes clear josef says intentions pure,2014,R,82,"['horror', 'thriller']",['US'],0.0,tt2428170,6.3,53408.0,16.301,6.4,0.875,0.0
tm426428,After,MOVIE,tessa young dedicated student dutiful daughter loyal girlfriend high school sweetheart entering first semester college tessas guarded world opens meets hardin scott mysterious brooding rebel makes question thought knew wants life,2019,PG-13,102,"['drama', 'romance']",['US'],0.0,tt4126476,5.2,53460.0,238.494,7.166,0.872,0.0
tm176481,Chennai Express,MOVIE,rahul embarks journey small town tamil nadu fulfill last wish grandfather ashes immersed holy water rameshwaram en route meets woman hailing unique family south find love journey exuberant lands south india unanticipated drive awaits,2013,PG-13,141,"['romance', 'drama', 'action', 'comedy']",['IN'],0.0,tt2112124,6.0,53939.0,8.622,6.6,0.9313,0.0
tm433381,Mirage,MOVIE,mysterious thunderstorm vera young mother manages save life danger good deed causes disturbing chain unexpected consequences,2018,R,129,"['fantasy', 'thriller', 'drama', 'romance', 'european']",['ES'],0.0,tt6908274,7.4,54188.0,19.839,7.5,-0.1531,0.0
tm114476,Stuart Little 2,MOVIE,stuart adorable white mouse still lives happily adoptive family littles east side manhattans central park crazy mouse adventures store stuart human brother george mischievous cat snowbell set rescue friend,2002,G,78,"['animation', 'comedy', 'family', 'action', 'fantasy']",['US'],0.0,tt0243585,5.5,54193.0,36.691,5.733,0.9231,0.0
tm983787,Ava,MOVIE,black ops assassin forced fight survival job goes dangerously wrong,2020,R,96,"['thriller', 'crime', 'action', 'drama']",['US'],0.0,tt8784956,5.4,54279.0,155.235,5.753,-0.8934,0.0
ts82912,Ratched,SHOW,origins story beginning 1947 follows ratcheds journey evolution nurse fullfledged monster tracking murderous progression mental health care system,2020,TV-MA,54,"['drama', 'history', 'thriller', 'crime']",['US'],2.0,tt7423538,7.2,54291.0,35.227,7.8,-0.25,0.0
tm139841,Sinister 2,MOVIE,young mother twin sons move rural house thats marked death,2015,R,97,"['horror', 'thriller']","['US', 'CA', 'GB']",0.0,tt2752772,5.3,54305.0,34.866,5.8,-0.5994,-0.5994
tm136601,Walk Shame,MOVIE,reporters dream becoming news anchor compromised onenight stand leaves stranded downtown la without phone car id money 8 hours make important job interview life,2014,R,95,['comedy'],['US'],0.0,tt2463288,6.0,54465.0,23.897,5.9,0.4215,-0.4767
tm148910,Haider,MOVIE,young man returns kashmir fathers disappearance confront uncle man suspects role fathers fate,2014,PG-13,150,"['action', 'drama', 'thriller', 'crime']",['IN'],0.0,tt3390572,8.1,54709.0,7.372,7.1,-0.4767,0.0
tm160800,Chaos,MOVIE,seattle detective quentin conners unfairly suspended partner jason york leaves police force tragic shooting pearl street bridge hostage criminal die bank heist hostage situation conners assigned charge operation rookie shane dekker partner thieves lead lorenz apparently steal penny bank chasing gangsters police team disclose planted virus system stealing one billion dollars different accounts using principle chaos theory find lorenz killing accomplices,2005,R,106,"['crime', 'drama', 'action', 'thriller', 'european']","['CA', 'GB', 'US']",0.0,tt0402910,6.4,54900.0,17.029,6.3,-0.9858,-0.5719
tm133087,Steel Magnolias,MOVIE,young beautician newly arrived small louisiana town finds work local salon small group women share close bond friendship welcome fold,1989,PG,119,"['comedy', 'drama', 'romance']",['US'],0.0,tt0098384,7.3,54946.0,11.69,7.2,0.8519,0.0
tm230551,Ip Man 3,MOVIE,band brutal gangsters led crooked property developer make play take city master ip forced take stand,2015,PG-13,105,"['action', 'drama', 'history']","['HK', 'CN']",0.0,tt2888046,7.0,54977.0,38.051,7.0,-0.6908,0.0
ts42120,Travelers,SHOW,hundreds years last surviving humans discover means sending consciousness back time directly people 21st century travelers assume lives seemingly random people secretly working teams perform missions order save humanity terrible future,2016,TV-MA,45,"['scifi', 'thriller', 'drama']",['CA'],3.0,tt5651844,8.0,55485.0,37.756,7.6,0.3182,0.0
tm370212,Adrift,MOVIE,true story survival young couples chance encounter leads first love adventure lifetime face one catastrophic hurricanes recorded history,2018,PG-13,96,"['action', 'thriller', 'romance', 'drama', 'european']","['HK', 'IS', 'US']",0.0,tt6306064,6.6,55597.0,17.991,6.9,0.7964,0.0
tm137869,Wild Card,MOVIE,las vegas bodyguard lethal skills gambling problem gets trouble mob one last play nothing,2015,R,92,"['action', 'thriller', 'crime', 'drama']",['US'],0.0,tt2231253,5.6,55605.0,66.805,5.6,-0.4588,0.0
tm460948,Always Be My Maybe,MOVIE,reunited 15 years famous chef sasha hometown musician marcus feel old sparks attraction struggle adapt others worlds,2019,PG-13,102,"['romance', 'comedy']",['US'],0.0,tt7374948,6.8,55686.0,11.434,6.6,0.1779,0.0
tm212927,Mr . Right,MOVIE,girl falls perfect guy happens fatal flaw hes hitman run crime cartels employ,2016,R,90,"['action', 'comedy', 'romance']",['US'],0.0,tt2091935,6.3,55955.0,16.884,6.439,-0.5106,0.0
tm49592,LOL,MOVIE,world connected youtube itunes facebook lola friends navigate peer pressures high school romance friendship dodging sometimes overbearing confused parents lolas mom anne accidentally reads teenage daughters racy journal realizes wide communication gap grown,2012,PG-13,92,"['drama', 'comedy', 'romance']",['US'],0.0,tt1592873,4.3,55976.0,14.465,6.1,0.4939,0.4215
tm239743,Batman : The Killing Joke,MOVIE,batman hunts escaped joker clown prince crime attacks gordon family prove diabolical point mirroring fall madness,2016,R,76,"['animation', 'drama', 'action', 'thriller', 'crime']",['US'],0.0,tt4853102,6.4,56275.0,25.747,6.615,-0.8316,-0.4939
tm320570,Tully,MOVIE,marlo mother three including newborn gifted night nanny brother hesitant first quickly forms bond thoughtful surprising sometimes challenging nanny named tully,2018,R,96,"['comedy', 'drama']","['CA', 'US']",0.0,tt5610554,7.0,57576.0,13.592,6.8,0.5106,0.0
tm47171,OMG : Oh My God !,MOVIE,shopkeeper takes god court shop destroyed earthquake,2012,G,125,"['drama', 'fantasy', 'comedy']",['IN'],0.0,tt2283748,8.1,58017.0,7.512,7.3,-0.2732,0.3382
ts58133,Manhunt,SHOW,inspired actual events true crime anthology series takes deep dive dark twisted minds terrorists follows brave souls hunt,2017,TV-14,43,"['crime', 'drama', 'thriller']",['US'],2.0,tt5618256,8.1,58120.0,18.55,7.7,0.2023,0.0
tm113576,Little Women,MOVIE,father away chaplain civil war jo meg beth amy grow mother somewhat reduced circumstances close family inevitably squabbles tragedies bond holds even later male friends start become part household,1994,PG,115,"['drama', 'romance', 'family']",['US'],0.0,tt0110367,7.3,58178.0,13.683,7.314,-0.5719,0.0
tm189764,Menace II Society,MOVIE,young street hustler attempts escape rigors temptations ghetto quest better life,1993,R,97,"['drama', 'crime', 'thriller']",['US'],0.0,tt0107554,7.5,58179.0,13.928,7.542,0.5574,-0.4939
tm135307,Blackhat,MOVIE,man released prison help american chinese authorities pursue mysterious cyber criminal dangerous search leads chicago hong kong,2015,R,133,"['action', 'crime', 'thriller']",['US'],0.0,tt2717822,5.4,58192.0,38.675,5.5,-0.7964,0.0
tm165593,Rumor Has It ...,MOVIE,sarah huttingers return home fiance convinces sedate proper countryclub lifestyle family isnt maybe huttinger family isnt even uncovers secrets suggest huttingers neither sedate proper,2005,PG-13,97,"['romance', 'comedy', 'drama']","['DE', 'US']",0.0,tt0398375,5.5,58247.0,13.521,5.6,0.1779,0.0
tm305129,Sing 2,MOVIE,buster new cast sights set debuting new show crystal tower theater glamorous redshore city connections singers must sneak crystal entertainment offices run ruthless wolf mogul jimmy crystal gang pitches ridiculous idea casting lion rock legend clay calloway show buster must embark quest find nowisolated clay persuade return stage,2021,PG,110,"['comedy', 'family', 'fantasy', 'music', 'drama', 'animation']",['US'],0.0,tt6467266,7.4,58423.0,545.619,8.052,0.5574,0.0
tm174683,Arthur Christmas,MOVIE,christmas santa vast army highly trained elves produce gifts distribute around world one night however one 600 million children receive gift santa christmas eve missed deemed acceptable onearthur arthur claus santas misfit son executes unauthorised rookie mission get last present half way around globe dawn christmas morning,2011,PG,97,"['drama', 'animation', 'family', 'comedy', 'fantasy']","['GB', 'US']",0.0,tt1430607,7.1,58635.0,22.092,6.7,0.4588,0.0
tm49178,Vampires,MOVIE,church enlists team vampirehunters hunt destroy group vampires searching ancient relic allow exist sunlight,1998,R,104,"['fantasy', 'action', 'horror', 'thriller']",['US'],0.0,tt0120877,6.1,58670.0,10.108,6.3,-0.3818,0.0
ts103133,I Am Not Okay This,SHOW,sydney teenage girl navigating trials tribulations high school dealing complexities family budding sexuality mysterious superpowers beginning awaken deep within,2020,TV-MA,21,"['drama', 'fantasy', 'scifi', 'comedy']",['US'],1.0,tt9446688,7.5,58674.0,27.985,8.2,0.0,-0.1695
tm312676,Leave No Trace,MOVIE,father daughter live perfect mysterious existence forest park beautiful nature reserve near portland oregon rarely making contact world small mistake tips authorities sent increasingly erratic journey search place call,2018,PG,109,['drama'],"['CA', 'US']",0.0,tt8324306,7.1,58727.0,14.795,6.8,0.7351,-0.34
tm1080083,The Lost Daughter,MOVIE,womans seaside vacation takes dark turn obsession young mother forces confront secrets past,2021,R,122,['drama'],"['GR', 'GB', 'US']",0.0,tt9100054,6.7,58882.0,36.068,6.6,-0.4767,-0.3182
tm111600,The Sweetest Thing,MOVIE,christinas love life stuck neutral years avoiding hazards meaningful relationship one night clubhopping girlfriends meets peter perfect match fed playing games finally gets courage let guard follow heart discover peter suddenly left town accompanied courtney sets capture one got away,2002,R,84,"['comedy', 'romance']",['US'],0.0,tt0253867,5.1,58884.0,10.625,5.5,0.8957,0.0
tm204035,Spectral,MOVIE,specialops team dispatched fight supernatural beings taken european city,2016,PG-13,109,"['thriller', 'action', 'scifi']",['US'],0.0,tt2106651,6.3,59040.0,30.663,6.43,-0.3818,0.0
ts102086,Behind Her Eyes,SHOW,follows louise single mom son parttime job psychiatrists office begins affair boss strikes unlikely friendship wife,2021,TV-MA,50,"['thriller', 'drama']",['GB'],1.0,tt9698442,7.2,59293.0,29.851,7.6,0.1027,0.0
tm949309,The White Tiger,MOVIE,ambitious indian driver uses wit cunning escape poverty rise top epic journey based new york times bestseller,2021,R,125,"['drama', 'crime']","['SG', 'US', 'IN']",0.0,tt6571548,7.1,59441.0,19.472,6.955,0.3182,0.0
tm1046932,Kate,MOVIE,ruthless criminal operative less 24 hours exact revenge enemies process forms unexpected bond daughter one past victims,2021,R,106,"['action', 'drama', 'thriller', 'crime']","['US', 'JP', 'TH']",0.0,tt7737528,6.2,59480.0,64.19,6.7,-0.9062,0.0
tm825714,The Harder They Fall,MOVIE,outlaw discovers enemy released prison reunites gang seek revenge,2021,R,139,"['action', 'drama', 'western']",['US'],0.0,tt10696784,6.5,59833.0,114.813,6.746,-0.8807,0.0
tm121879,A River Runs Through It,MOVIE,river runs cinematographically stunning true story norman maclean story follows norman brother paul experiences life growing love fly fishing keeps together despite varying life circumstances untamed west montana 1920s,1992,PG,123,['drama'],['US'],0.0,tt0105265,7.2,59854.0,19.58,7.1,0.8834,0.0
ts72247,Disenchantment,SHOW,set ruined medieval city called dreamland disenchantment follows grubby adventures harddrinking princess feisty elf companion personal demon,2018,TV-14,28,"['scifi', 'comedy', 'fantasy', 'animation', 'action']",['US'],4.0,tt5363918,7.2,59907.0,49.462,7.561,-0.1779,0.0
ts39015,A Series Unfortunate Events,SHOW,orphaned baudelaire children face trials tribulations evil count olaf quest uncover secret parents death,2017,TV-PG,47,"['drama', 'action', 'comedy', 'family']",['US'],3.0,tt4834206,7.8,59959.0,55.144,7.345,-0.8519,-0.4588
tm458585,Dolemite Is My Name,MOVIE,story rudy ray moore created iconic big screen pimp character dolemite 1970s,2019,R,118,"['drama', 'comedy', 'history']",['US'],0.0,tt8526872,7.2,60334.0,11.036,7.0,0.25,0.0
ts36545,Quantico,SHOW,diverse group recruits arrived fbi quantico base training best brightest vetted seems impossible one suspected masterminding biggest attack new york city since 911,2015,TV-14,43,"['drama', 'thriller', 'crime']",['US'],3.0,tt4428122,6.6,60567.0,23.057,6.5,0.6369,0.0
tm332071,Velvet Buzzsaw,MOVIE,big money artists megacollectors pay high price art collides commerce series paintings unknown artist discovered supernatural force enacts revenge allowed greed get way art,2019,R,113,"['thriller', 'horror', 'comedy']",['US'],0.0,tt7043012,5.7,60629.0,16.079,5.3,-0.8225,0.0
ts108385,Inventing Anna,SHOW,journalist lot prove investigates case anna delvey instagramlegendary german heiress stole hearts new yorks social scene stole money well,2022,TV-MA,68,['drama'],['US'],1.0,tt8740976,6.8,61061.0,74.876,6.8,0.2732,0.0
tm32144,We Are Marshall,MOVIE,plane crash claims lives members marshall university football team fans teams new coach surviving players try keep football program alive,2006,PG,131,"['drama', 'sport']",['US'],0.0,tt0758794,7.0,61345.0,13.173,6.9,0.2732,0.0
tm244148,Mowgli : Legend Jungle,MOVIE,human child raised wolves must face menacing tiger named shere khan well origins,2018,PG-13,105,"['action', 'drama', 'fantasy']","['GB', 'US']",0.0,tt2388771,6.5,61622.0,24.646,6.5,0.2732,0.0
ts12787,Code Geass : Lelouch Rebellion,SHOW,japan invaded conquered britannian empire japan known area 11 citizens known elevens britannian empire takes away japans autonomous power imposes rule use knightmares empires rule never faltered cracks begun show,2006,TV-14,24,"['scifi', 'action', 'animation', 'drama', 'war', 'thriller']",['JP'],3.0,tt0994314,8.7,62367.0,35.011,8.493,-0.1027,-0.128
tm82718,G.O.R.A .,MOVIE,carpet dealer ufo photo forger arif abducted aliens must outwit evil commanderinchief gora planet held,2004,PG-13,127,"['action', 'comedy', 'scifi']",['TR'],0.0,tt0384116,8.0,62386.0,7.047,7.2,-0.8271,0.0
tm100015,Takers,MOVIE,seasoned team bank robbers including gordon jennings john rahway aj brothers jake jesse attica successfully complete latest heist lead life luxury planning next job ghost former member team released prison convinces group strike armored car carrying 20 million takers carefully plot strategy draw nearer exacting grand heist reckless police officer inches closer apprehending criminals,2010,PG-13,107,"['action', 'crime', 'drama', 'thriller']",['US'],0.0,tt1135084,6.2,62464.0,15.872,6.228,-0.6249,0.0
ts56261,Castlevania,SHOW,dark medieval fantasy following last surviving member disgraced belmont clan trying save eastern europe extinction hand vlad dracula tepe inspired classic video game series,2017,TV-MA,26,"['animation', 'drama', 'fantasy', 'horror', 'action']",['US'],4.0,tt6517102,8.3,62722.0,50.499,8.3,0.8316,0.0
tm181270,The Frozen Ground,MOVIE,alaska state trooper partners young woman escaped clutches serial killer robert hansen bring murderer justice based actual events,2013,R,105,"['thriller', 'crime', 'drama']",['US'],0.0,tt2005374,6.4,62972.0,10.449,6.3,-0.7579,0.0
ts17942,Chappelle 's Show,SHOW,dave chappelles singular point view unleashed combination laidback standup streetsmart sketches,2003,TV-14,21,"['comedy', 'music']",['US'],3.0,tt0353049,8.8,63107.0,14.116,8.1,0.128,0.0
ts87453,Space Force,SHOW,fourstar general begrudgingly teams eccentric scientist get us militarys newest agency space force ready liftoff,2020,TV-MA,30,['comedy'],['US'],2.0,tt9612516,6.7,63379.0,21.173,6.6,0.3612,0.0
tm140391,Pan,MOVIE,living bleak existence london orphanage 12yearold peter finds whisked away fantastical world neverland adventure awaits meets new friend james hook warrior tiger lily must band together save neverland ruthless pirate blackbeard along way rebellious mischievous boy discovers true destiny becoming hero forever known peter pan,2015,PG,111,"['action', 'fantasy', 'family', 'comedy']","['US', 'GB']",0.0,tt3332064,5.7,63788.0,24.494,6.0,0.9451,0.0
tm417416,Five Feet Apart,MOVIE,seventeenyearold stella spends time hospital cystic fibrosis patient life full routines boundaries selfcontrol get put test meets impossibly charming teen illness theres instant flirtation though restrictions dictate must maintain safe distance connection intensifies temptation throw rules window embrace attraction,2019,PG-13,116,"['romance', 'drama']",['US'],0.0,tt6472976,7.2,63916.0,86.377,8.3,0.9001,0.0
tm19494,The Replacements,MOVIE,maverick oldguard coach jimmy mcginty hired wake players strike help washington sentinels advance playoffs impossible dream hinges whether replacements hunker job mcginty dusts secret dossier explayers never got chance screwed one given knits together baddream team guys may give sentinels title shot,2000,PG-13,118,"['comedy', 'sport']",['US'],0.0,tt0191397,6.6,64771.0,30.982,6.6,0.6234,0.0
ts20604,Friday Night Lights,SHOW,trials triumphs life small town dillon texas high school football everything,2006,TV-14,43,"['drama', 'sport']",['US'],5.0,tt0758745,8.7,65199.0,19.681,8.1,0.4588,0.0
tm192431,The Devil 's Own,MOVIE,frankie mcguire one iras deadliest assassins draws american family crossfire terrorism sent us buy weapons frankie housed family tom omeara new york cop knows nothing frankies real identity surprising friendship toms growing suspicions forces frankie choose promise peace lifetime murder,1997,R,107,"['crime', 'thriller', 'drama', 'action', 'european']",['US'],0.0,tt0962637,6.2,65323.0,12.863,6.1,-0.6369,-0.6597
tm156811,Queen,MOVIE,rani 24yearold homely girl decides go honeymoon alone fianc calls wedding traveling around europe finds joy makes friends gains newfound independence,2014,PG-13,146,"['comedy', 'drama']",['IN'],0.0,tt3322420,8.1,65418.0,8.434,7.4,0.8074,0.0
tm431321,21 Bridges,MOVIE,embattled nypd detective thrust citywide manhunt pair cop killers uncovering massive unexpected conspiracy night unfolds lines become blurred pursuing pursuit,2019,R,99,"['action', 'drama', 'crime', 'thriller']",['US'],0.0,tt8688634,6.6,65845.0,29.285,6.7,-0.8271,0.0
ts53545,Santa Clarita Diet,SHOW,theyre ordinary husband wife realtors undergoes dramatic change sends road death destruction good way,2017,TV-MA,29,"['comedy', 'horror']",['US'],3.0,tt5580540,7.8,66326.0,19.982,7.5,-0.6908,0.0
ts20983,Neon Genesis Evangelion,SHOW,turn century angels returned earth seeking wipe humanity apocalyptic fury devastated mankinds last remnants moved underground wait day angels would come back finish job fifteen years later day come time humanity ready fight back terrifying biomechanical weapons known evangelions watch shinji rei asuka rest mysterious shadow agency nerv battle save earth total annihilation,1995,TV-14,24,"['drama', 'scifi', 'animation', 'action', 'fantasy', 'thriller']",['JP'],1.0,tt0112159,8.5,66629.0,49.27,8.637,-0.9595,0.0
tm12499,The Net,MOVIE,angela bennett freelance software engineer lives world computer technology cyber friend asks bennett debug new game inadvertently becomes involved conspiracy soon turn life upside make target assassination,1995,PG-13,114,"['thriller', 'action', 'crime', 'drama']",['US'],0.0,tt0113957,5.9,66667.0,15.935,6.0,-0.4404,0.0
ts21981,iZombie,SHOW,medical student becomes zombie joins coroners office order gain access brains must reluctantly eat maintain humanity every brain eats also inherits memories must solve deaths help medical examiner police detective,2015,TV-14,42,"['crime', 'scifi', 'drama', 'comedy', 'horror']",['US'],5.0,tt3501584,7.8,67213.0,45.203,7.792,0.7579,0.0
tm151447,The November Man,MOVIE,excia operative brought back personal mission finds pitted former pupil deadly game involving high level cia officials russian presidentelect,2014,R,108,"['thriller', 'action', 'crime']","['GB', 'US']",0.0,tt2402157,6.2,67737.0,19.151,6.1,0.0,0.0
tm192199,Spawn,MOVIE,murdered corrupt colleagues covert government agency al simmons makes pact devil resurrected see beloved wife wanda exchange return earth simmons agrees lead hells army destruction mankind,1997,PG-13,96,"['scifi', 'action', 'drama', 'horror']",['US'],0.0,tt0120177,5.2,68184.0,16.989,5.343,-0.8555,0.0
tm144345,Kal Ho Naa Ho,MOVIE,naina introverted perpetually depressed girls life changes meets aman aman secret changes lives forever embroiled rohit nainas best friend conceals love,2003,PG,186,"['drama', 'romance', 'comedy']",['IN'],0.0,tt0347304,7.9,68551.0,12.001,7.5,0.8519,0.0
ts90621,Kota Factory,SHOW,dedicated shrimati sl loney ji shri irodov ji maanniya hc verma ji kota factory tvfs latest original indias first black white show highlights problems present day iitjee aspirants face daytoday lives,2019,TV-MA,39,"['drama', 'comedy']",['IN'],2.0,tt9432978,9.1,69316.0,9.584,8.3,0.3818,0.0
tm160371,A Very Harold & Kumar Christmas,MOVIE,six years elapsed since guantanamo bay leaving harold kumar estranged one another different families friends lives kumar arrives harolds doorstep holiday season mysterious package hand inadvertently burns harolds fatherinlaws beloved christmas tree fix problem harold kumar embark mission new york city find perfect christmas tree stumbling trouble every single turn,2011,R,108,"['comedy', 'fantasy', 'romance']",['US'],0.0,tt1268799,6.2,69562.0,17.242,6.0,0.891,0.0
tm161029,Mr. Peabody & Sherman,MOVIE,young boy dog happens geniuslevel iq spring action timemachine stolen moments history begin changed,2014,PG,92,"['action', 'family', 'animation', 'romance', 'comedy', 'fantasy', 'history', 'scifi']",['US'],0.0,tt0864835,6.8,69669.0,37.533,6.7,-0.4939,0.0
tm98978,The Blue Lagoon,MOVIE,two small children ships cook survive shipwreck find safety idyllic tropical island soon however cook dies young boy girl left days become years emmeline richard make home surrounded exotic creatures natures beauty ever see civilization,1980,R,104,"['romance', 'action', 'drama']",['US'],0.0,tt0080453,5.8,69844.0,50.324,6.156,0.765,0.0
ts36885,Ash vs Evil Dead,SHOW,bruce campbell reprises role ash williams aging lothario chainsawhanded monster hunter whos spent last three decades avoiding maturity terrors evil dead deadite plague threatens destroy mankind hes forced face demons metaphorical literal,2015,TV-MA,30,"['action', 'scifi', 'comedy', 'horror', 'fantasy', 'thriller']",['US'],3.0,tt4189022,8.4,70087.0,30.426,7.7,-0.9744,-0.8658
tm319818,Outlaw King,MOVIE,forced exile english crowned king scotland legendary warrior robert bruce fights reclaim throne,2018,R,121,"['action', 'drama', 'history', 'war']","['US', 'GB']",0.0,tt6679794,6.9,70822.0,24.14,6.8,-0.6908,0.0
ts21885,Unbreakable Kimmy Schmidt,SHOW,woman rescued doomsday cult lands new york city must navigate world didnt think even existed anymore,2015,TV-14,30,"['comedy', 'drama']",['US'],4.0,tt3339966,7.6,71266.0,25.634,7.2,-0.25,0.0
tm178712,Scary Movie 5,MOVIE,home newlyformed family happy parents dan jody haunted sinister paranormal activities determined expel insidious force install security cameras discover family stalked evil dead demon,2013,PG-13,89,"['comedy', 'horror']",['US'],0.0,tt0795461,3.5,71405.0,122.985,4.8,-0.9022,-0.4939
tm10739,Johnny Mnemonic,MOVIE,dystopian 2021 johnny data trafficker implant allows securely store data sensitive regular computer networks one delivery run accepts package exceeds implants safety limitsand kill data removed timebut also contains information far important valuable ever imagined race time must avoid assassins sent kill remove data ends life,1995,R,97,"['action', 'drama', 'scifi', 'thriller']","['CA', 'US']",0.0,tt0113481,5.6,71563.0,10.75,5.7,-0.296,0.0
tm61056,Dil Chahta Hai,MOVIE,three inseparable childhood friends college nothing comes fall love wildly different approaches relationships creates tension,2001,G,184,"['romance', 'comedy', 'drama']",['IN'],0.0,tt0292490,8.1,71586.0,5.704,7.0,-0.12,0.0
ts20280,Marco Polo,SHOW,epic adventure follows early years famous explorer travels exotic silk road great kublai khans court marco soon finds navigating khans world greed betrayal sexual intrigue rivalry greatest challenge yet even becomes trusted companion khan violent quest become emperor world,2014,TV-MA,55,"['action', 'drama', 'history', 'documentation']",['US'],2.0,tt2189461,8.0,71735.0,22.636,7.4,0.5574,0.0
tm436844,The Christmas Chronicles,MOVIE,siblings kate teddy try prove santa claus real accidentally cause sleigh crash save christmas,2018,PG,104,"['comedy', 'family', 'fantasy']",['US'],0.0,tt2990140,7.0,71740.0,16.532,7.1,-0.2263,0.0
ts87953,Locke & Key,SHOW,three siblings move ancestral estate fathers gruesome murder discover new homes magical keys must used stand evil creature wants keys powers,2020,TV-14,48,"['drama', 'thriller', 'scifi', 'horror', 'fantasy']",['US'],3.0,tt3007572,7.4,72031.0,48.22,8.1,-0.8779,0.0
tm219248,The Fundamentals Caring,MOVIE,suffered tragedy ben becomes caregiver earn money first client trevor hilarious 18yearold muscular dystrophy one paralyzed emotionally one paralyzed physically ben trevor hit road trip western states folks collect along way help test skills surviving outside calculated existence together come understand importance hope necessity true friendship,2016,R,97,"['comedy', 'drama']",['US'],0.0,tt2452386,7.3,72083.0,14.985,7.326,0.8442,0.4939
tm821789,Mank,MOVIE,1930s hollywood reevaluated eyes scathing social critic alcoholic screenwriter herman j mankiewicz races finish screenplay citizen kane 1941,2020,R,131,"['comedy', 'drama']",['US'],0.0,tt10618286,6.8,72295.0,13.068,6.8,-0.2732,0.0
tm242705,Raw,MOVIE,justines family everyone vet vegetarian 16 shes gifted teen ready take first year vet school older sister also studies gets time settle hazing starts right away justine forced eat raw meat first time life unexpected consequences emerge true self begins form,2016,R,99,"['horror', 'drama', 'fantasy', 'european']","['FR', 'BE']",0.0,tt4954522,7.0,72460.0,14.899,7.08,0.3182,0.0
tm447963,Fractured,MOVIE,driving crosscountry ray wife daughter stop highway rest area daughter falls breaks arm frantic rush hospital clash checkin nurse ray finally able get doctor wife daughter go downstairs mri ray exhausted passes chair lobby upon waking record knowledge rays family ever checked,2019,R,99,['thriller'],['US'],0.0,tt4332232,6.4,72478.0,35.497,6.7,-0.7579,0.0
tm416779,The Woman Window,MOVIE,agoraphobic woman living alone new york begins spying new neighbors witness disturbing act violence,2021,R,100,"['drama', 'thriller', 'crime']",['US'],0.0,tt6111574,5.7,72490.0,23.639,6.1,-0.8555,0.0
tm26638,The Texas Chainsaw Massacre : The Beginning,MOVIE,chrissie friends set road trip final fling one shipped vietnam along way bikers harass foursome cause accident throws chrissie vehicle lawman arrives scene kills one bikers brings chrissies friends hewitt homestead young leatherface learning tools terror,2006,R,91,"['thriller', 'horror', 'documentation']",['US'],0.0,tt0420294,5.8,72845.0,57.763,6.1,-0.7906,0.0
ts37971,Master None,SHOW,30yearold new york actor dev takes pillars maturity first big job serious relationship busting sex offenders subway,2015,TV-MA,32,"['drama', 'comedy']",['US'],3.0,tt4635276,8.3,72881.0,11.678,7.6,-0.4215,0.0
tm992844,The Dig,MOVIE,wwii looms wealthy widow hires amateur archaeologist excavate burial mounds estate make historic discovery echoes britains past resonate face uncertain future,2021,PG-13,112,"['history', 'drama']",['GB'],0.0,tt3661210,7.1,73079.0,20.072,6.9,-0.0772,0.0
ts22164,Monty Python 's Flying Circus,SHOW,british sketch comedy series shows composed surreality risqu innuendoladen humour sight gags observational sketches without punchlines,1969,TV-14,30,"['comedy', 'european']",['GB'],4.0,tt0063929,8.8,73424.0,17.617,8.306,0.6808,0.0
tm1048362,Army Thieves,MOVIE,mysterious woman recruits bank teller ludwig dieter lead group aspiring thieves topsecret heist early stages zombie apocalypse,2021,R,127,"['comedy', 'crime', 'thriller', 'scifi', 'horror', 'romance', 'action']","['DE', 'US']",0.0,tt13024674,6.4,73790.0,157.021,6.9,-0.5106,-0.5106
tm134791,Unfriended,MOVIE,video chatting one night six high school friends receive skype message classmate killed exactly one year ago first think prank girl starts revealing friends darkest secrets realize dealing something world something wants dead,2015,R,82,"['thriller', 'horror', 'drama']",['US'],0.0,tt3713166,5.5,73854.0,26.429,5.5,-0.7783,0.0
tm159901,Miss Congeniality 2 : Armed Fabulous,MOVIE,triumph miss united states pageant fbi agent gracie hart becomes overnight sensation new face fbi time spring action pageants winner cheryl emcee stan abducted,2005,PG-13,115,"['action', 'comedy', 'crime']",['US'],0.0,tt0385307,5.1,74637.0,21.495,5.7,0.7003,0.4215
tm362198,Scary Stories Tell Dark,MOVIE,mill valley pennsylvania halloween night 1968 playing joke school bully stella friends decide sneak supposedly haunted house belonged powerful bellows family unleashing dark forces unable control,2019,PG-13,108,"['horror', 'thriller']","['US', 'CA', 'CN']",0.0,tt3387520,6.2,74754.0,36.326,6.5,0.3818,-0.4939
ts82914,Dead Me,SHOW,hotheaded widow searching hitandrun driver mowed husband befriends eccentric optimist isnt quite seems,2019,TV-MA,31,"['thriller', 'crime', 'drama', 'comedy']",['US'],2.0,tt8064302,8.0,74989.0,26.155,7.299,0.5267,-0.6486
ts78305,Elite,SHOW,three working class kids enroll exclusive school spain clash wealthy poor students leads tragedy,2018,TV-MA,48,"['thriller', 'drama', 'crime']",['ES'],5.0,tt7134908,7.4,75337.0,224.739,8.1,-0.6705,0.0
tm175843,Dark Skies,MOVIE,producers paranormal activity insidious sinister comes dark skies supernatural thriller follows young family living suburbs husband wife daniel lacey barret witness escalating series disturbing events involving family safe peaceful home quickly unravels becomes clear barret family targeted unimaginably terrifying deadly force daniel lacey take matters hands solve mystery family,2013,PG-13,97,"['scifi', 'thriller', 'horror', 'documentation']",['US'],0.0,tt2387433,6.3,75663.0,22.342,6.3,-0.2263,0.0
tm183523,Oldboy,MOVIE,everyday man three half days limited resources discover imprisoned nondescript room 20 years without explanation,2013,R,104,"['action', 'drama', 'thriller']",['US'],0.0,tt1321511,5.7,75728.0,20.164,5.9,-0.5994,0.0
ts225522,Unorthodox,SHOW,hasidic jewish woman brooklyn flees berlin arranged marriage taken group musicians past comes calling,2020,TV-MA,54,['drama'],['DE'],1.0,tt7607544,8.0,76083.0,15.173,7.9,-0.1779,0.0
ts75879,Big Mouth,SHOW,teenage friends find lives upended wonders horrors puberty edgy comedy reallife pals nick kroll andrew goldberg,2017,TV-MA,27,"['comedy', 'animation', 'romance']",['US'],6.0,tt6524350,7.9,76088.0,61.436,7.9,0.2263,0.0
tm182125,Zindagi Na Milegi Dobara,MOVIE,three friends inseparable childhood decide go threeweeklong bachelor road trip spain order reestablish bond explore thrilling adventures one gets married learn adventure,2011,PG,166,"['romance', 'drama', 'comedy']",['IN'],0.0,tt1562872,8.1,76565.0,11.997,7.6,0.872,0.0
tm141648,Seventh Son,MOVIE,john gregory seventh son seventh son also local spook protected country witches boggarts ghouls manner things go bump night however john young anymore seeking apprentice carry trade failed survive last hope young farmers son named thomas ward survive training become spook many others couldnt,2014,PG-13,102,"['action', 'fantasy']","['US', 'GB', 'CN', 'CA']",0.0,tt1121096,5.5,76939.0,45.215,5.5,0.3612,0.0
ts75097,Maniac,SHOW,two strangers drawn mysterious pharmaceutical trial theyre assured complications sideeffects whatsoever solve problems permanently things go planned,2018,TV-MA,39,"['scifi', 'comedy', 'drama']",['US'],1.0,tt5580146,7.7,77069.0,14.064,7.4,0.1531,-0.4767
tm310953,Sorry Bother You,MOVIE,alternate presentday version oakland black telemarketer cassius green discovers magical key professional success propels macabre universe,2018,R,111,"['scifi', 'fantasy', 'comedy', 'drama']",['US'],0.0,tt5688932,6.9,77407.0,10.334,6.8,0.5719,-0.4019
tm233425,A Silent Voice : The Movie,MOVIE,shouya ishida starts bullying new girl class shouko nishimiya deaf teasing continues rest class starts turn shouya lack compassion leave elementary school shouko shouya speak older wiser shouya tormented past behaviour decides must see shouko wants atone sins already late,2016,PG-13,130,"['animation', 'drama', 'romance', 'family']",['JP'],0.0,tt5323662,8.1,77667.0,162.66,8.409,-0.6705,0.0
ts227305,Tiger King,SHOW,zoo owner spirals control amid cast eccentric characters true murderforhire story underworld big cat breeding,2020,TV-MA,44,"['documentation', 'crime']",['US'],2.0,tt11823076,7.5,77790.0,9.63,7.0,0.4215,0.0
ts223537,Maid,SHOW,inspired powerful new york times bestselling memoir maid hard work low pay mothers survive stephanie land maid chronicle single mother turns housekeeping barely make ends meet battles poverty homelessness bureaucracy,2021,TV-MA,54,"['drama', 'comedy']",['US'],1.0,tt11337908,8.4,77885.0,0.6,8.0,-0.4215,0.0
tm77649,Premonition,MOVIE,depressed housewife learns husband killed car accident day previously awakens next morning find alive well home awakens day world still dead,2007,PG-13,96,"['thriller', 'drama', 'fantasy']",['US'],0.0,tt0477071,5.9,78494.0,14.21,6.3,-0.91,0.0
tm313149,12 Strong,MOVIE,team special forces head afghanistan aftermath september 11th attacks attempt dismantle taliban,2018,R,131,"['drama', 'action', 'war', 'history']",['US'],0.0,tt1413492,6.5,79980.0,67.199,6.2,-0.0516,0.5106
ts87242,Shadow Bone,SHOW,world cleaved two massive barrier perpetual darkness young soldier uncovers power might finally unite country struggles hone power dangerous forces plot thugs thieves assassins saints war take magic survive,2021,TV-14,52,"['scifi', 'drama', 'fantasy', 'action']",['US'],1.0,tt2403776,7.6,80009.0,28.08,8.2,-0.936,0.0
tm218052,Drishyam,MOVIE,simple streetsmart man tries protect family tough cop looking missing son,2015,R,163,"['thriller', 'crime', 'drama']",['IN'],0.0,tt4430212,8.2,80320.0,9.208,7.9,-0.0258,0.0
tm6859,My Girl,MOVIE,vada sultenfuss obsessed death mother dead father runs funeral parlor also love english teacher joins poetry class summer impress thomas j best friend allergic everything sticks vada despite hangups vadas father hires shelly begins fall things take turn worse,1991,PG,103,"['drama', 'family', 'romance', 'comedy', 'european']",['US'],0.0,tt0102492,6.9,80590.0,20.545,7.4,-0.296,0.0
tm136257,Beasts No Nation,MOVIE,based experiences agu child fighting civil war unnamed fictional west african country follows agus journey hes forced join group soldiers fears commander many men around fledgling childhood brutally shattered war raging country first torn conflicting revulsion fascination,2015,R,137,"['drama', 'war']","['GH', 'US']",0.0,tt1365050,7.7,80750.0,10.424,7.6,-0.9774,-0.296
tm847085,The Social Dilemma,MOVIE,documentarydrama hybrid explores dangerous human impact social networking tech experts sounding alarm creations,2020,PG-13,94,"['drama', 'documentation']",['US'],0.0,tt11464826,7.6,80916.0,20.38,7.5,-0.4404,-0.1779
ts21197,Merlin,SHOW,unlikely friendship merlin young man gifted extraordinary magical powers prince arthur heir crown camelot,2008,TV-PG,44,"['action', 'drama', 'scifi', 'fantasy', 'european']",['GB'],5.0,tt1199099,7.9,80927.0,74.931,7.9,0.4404,0.0
tm140342,"I , Frankenstein",MOVIE,200 years shocking creation dr frankensteins creature adam still walks earth finds middle war fate humanity adam discovers holds key could destroy humankind,2014,PG-13,92,"['thriller', 'scifi', 'horror', 'action', 'fantasy']","['AU', 'US']",0.0,tt1418377,5.1,80985.0,22.094,5.3,-0.8402,0.0
tm68436,Barfi !,MOVIE,cute hes shrewd girls love cops hate cant speak always talked naughty antics make scream never listen cos cant next summer ride rollercoaster emotions barfii chalu chaplin,2012,G,151,"['drama', 'romance', 'comedy']",['IN'],0.0,tt2082197,8.1,81198.0,7.897,7.5,0.2023,0.0
ts56969,Atypical,SHOW,sam 18yearold autism spectrum takes funny yet painful journey selfdiscovery love independence upends family,2017,TV-14,31,"['comedy', 'drama']",['US'],4.0,tt6315640,8.3,81643.0,37.513,8.3,0.6369,0.0
tm54450,Christine,MOVIE,geeky student arnie cunningham falls christine rusty 1958 plymouth fury becomes obsessed restoring classic automobile former glory car changes arnie whose newfound confidence turns arrogance behind wheel exotic beauty arnies girlfriend leigh best friend dennis reach met fury like,1983,R,110,"['horror', 'thriller', 'european']",['US'],0.0,tt0085333,6.7,81922.0,23.418,6.8,0.8658,0.0
ts82526,Narcos : Mexico,SHOW,see rise guadalajara cartel american dea agent learns danger targeting narcos 1980s mexico,2018,TV-MA,58,"['drama', 'crime']",['US'],3.0,tt8714904,8.4,82042.0,92.102,7.9,-0.5267,0.0
tm39828,Semi-Pro,MOVIE,jackie moon owner promoter coach star player flint michigan tropics american basketball association aba 1976 aba collapses national basketball association nba plans merge best teams aba end season top four teams make move worst teams fold tropics worst team league want make nba jackie moon must rally team start winning problem fact jackie moon really coach star basketball player thinks keep team oblivion leave mark city jackie moon must inspire team win fourth place playoffs,2008,R,94,"['comedy', 'sport', 'european']",['US'],0.0,tt0839980,5.8,82159.0,12.789,5.6,0.5994,0.0
tm832916,The Midnight Sky,MOVIE,postapocalyptic tale follows augustine lonely scientist arctic races stop sully fellow astronauts returning home mysterious global catastrophe,2020,PG-13,118,"['drama', 'scifi', 'thriller', 'fantasy']",['US'],0.0,tt10539608,5.6,82362.0,22.231,5.8,-0.8442,0.0
tm148379,The Cat Hat,MOVIE,conrad sally walden home alone pet fish raining outside nothing cat hat walks front door introduces imagination first fun games things get hand cat must go go go parents get back,2003,PG,82,"['family', 'fantasy', 'comedy', 'action']",['US'],0.0,tt0312528,4.0,82684.0,66.8,5.3,0.6705,0.0
tm369594,I 'm Thinking Ending Things,MOVIE,nothing seems woman experiencing misgivings new boyfriend joins road trip meet parents remote farm,2020,R,134,"['drama', 'thriller', 'fantasy']",['US'],0.0,tt7939766,6.6,83093.0,17.61,6.6,0.0,0.0
tm217228,Death Note,MOVIE,young man comes possess supernatural notebook death note grants power kill person simply writing name pages decides use notebook kill criminals change world enigmatic detective attempts track end reign terror,2017,NC-17,101,"['horror', 'thriller', 'crime', 'fantasy', 'drama', 'action']",['US'],0.0,tt1241317,4.5,84119.0,22.306,4.2,-0.9661,-0.5994
ts80959,Sacred Games,SHOW,link pasts leads honest cop fugitive gang boss whose cryptic warning spurs officer quest save mumbai cataclysm,2018,TV-MA,50,"['action', 'drama', 'crime', 'thriller']",['IN'],2.0,tt6077448,8.5,86279.0,14.613,8.1,0.6249,0.0
tm893480,Project Power,MOVIE,exsoldier teen cop collide new orleans hunt source behind dangerous new pill grants users temporary superpowers,2020,R,113,"['crime', 'scifi', 'action', 'thriller']",['US'],0.0,tt7550000,6.0,86407.0,22.48,6.5,-0.3612,0.0
tm498803,Spenser Confidential,MOVIE,two boston police officers murdered excop spenser teams nononsense roommate hawk take criminals,2020,R,111,"['action', 'comedy', 'drama', 'thriller', 'crime']",['US'],0.0,tt8629748,6.2,86593.0,21.502,6.545,-0.8442,0.0
ts84146,Emily Paris,SHOW,ambitious chicago marketing exec emily unexpectedly lands dream job paris embraces new life juggles work friends romance,2020,TV-MA,29,"['drama', 'comedy', 'romance']",['US'],2.0,tt8962124,6.9,86631.0,42.991,7.995,0.8957,0.0
tm280828,The Babysitter,MOVIE,cole stays past bedtime discovers hot babysitter part satanic cult stop nothing keep quiet,2017,R,85,"['comedy', 'horror']",['US'],0.0,tt4225622,6.4,86953.0,52.287,6.102,-0.296,0.0
tm46436,Thir13en Ghosts,MOVIE,arthur two children kathy bobby inherit uncle cyruss estate glass house serves prison 12 ghosts family accompanied bobbys nanny attorney enter house find trapped inside evil machine designed devil powered dead open eye hell aided dennis ghost hunter rival kalina ghost rights activist set ghosts free group must get house alive,2001,R,91,"['horror', 'thriller', 'fantasy']","['CA', 'US']",0.0,tt0245674,5.6,87083.0,50.592,6.2,-0.9753,0.0
tm463762,RRR,MOVIE,fictional history two legendary revolutionaries journey away home began fighting country 1920s,2022,R,187,"['drama', 'action']",['IN'],0.0,tt8178634,8.0,87515.0,53.526,7.8,-0.3612,0.0
tm196296,A Monster Calls,MOVIE,boy imagines monster helps deal difficult life see world different way,2016,PG-13,108,"['drama', 'animation', 'family', 'fantasy', 'thriller', 'european']","['US', 'GB', 'ES']",0.0,tt3416532,7.4,87806.0,84.977,7.2,0.0258,0.0
tm101249,Cop Out,MOVIE,detectives jimmy paul despite nine years partners still sometimes seem like polar oppositesespecially pauls unpredictable antics get suspended without pay already strapped cash trying pay daughters wedding jimmy decides sell rare baseball card thats worth tens thousands unfortunately collectors shop robbed card vanishes crook paul jimmy end going rogue tracking card drug ring behind theft time without backupexcept,2010,R,107,"['crime', 'action', 'comedy', 'thriller']",['US'],0.0,tt1385867,5.5,88026.0,13.63,5.6,-0.1301,0.0
tm449105,Polar,MOVIE,retiring assassin realizes target hit winds back game going head head gang younger ruthless killers,2019,R,118,"['action', 'drama', 'crime', 'thriller', 'european']","['DE', 'US']",0.0,tt4139588,6.3,88281.0,30.208,6.3,-0.6486,0.0
ts41956,Designated Survivor,SHOW,tom kirkman lowlevel cabinet member suddenly appointed president united states catastrophic attack state union kills everyone presidential line succession,2016,TV-14,44,"['war', 'action', 'drama', 'thriller']",['US'],3.0,tt5296406,7.5,89300.0,40.372,7.2,-0.7351,0.3612
tm82765,Swades,MOVIE,nasa employee mohan bhargav comes india take grandmother along home abroad stay native place comes across various social issues faced villagers decides take stand improve quality life,2004,G,189,"['drama', 'european']","['IN', 'US']",0.0,tt0367110,8.1,89556.0,10.352,7.4,0.4404,0.0
tm1126268,Hustle,MOVIE,basketball scout discovers phenomenal street ball player spain sees prospect opportunity get back nba,2022,R,117,"['drama', 'sport', 'comedy']",['US'],0.0,tt8009428,7.4,89770.0,746.928,7.9,0.6124,0.0
tm420826,The Highwaymen,MOVIE,1934 frank hamer manny gault two former texas rangers commissioned put end wave vicious crimes perpetrated bonnie parker clyde barrow notorious duo infamous robbers coldblooded killers nevertheless worshiped public,2019,R,133,"['drama', 'thriller', 'crime']",['US'],0.0,tt1860242,6.9,89893.0,14.256,6.7,-0.743,0.0
tm208622,American Ultra,MOVIE,mike unmotivated stoner whose smalltown life livein girlfriend phoebe suddenly turned upside unbeknownst mike actually highly trained lethal sleeper agent blink eye secret past comes back haunt mike thrust middle deadly government operation forced summon inner actionhero order survive,2015,R,96,"['action', 'comedy', 'scifi']","['CH', 'US']",0.0,tt3316948,6.1,89912.0,20.733,6.1,-0.7964,0.0
tm428856,I Am Mother,MOVIE,teenage girl raised underground robot mother designed repopulate earth following extinction event unique bond threatened inexplicable stranger arrives alarming news,2019,PG-13,114,"['scifi', 'horror', 'drama', 'thriller']",['AU'],0.0,tt6292852,6.7,89926.0,20.904,6.696,-0.5423,0.0
tm161282,Penguins Madagascar,MOVIE,skipper kowalski rico private join forces undercover organization north wind stop villainous dr octavius brine destroying world know,2014,PG,92,"['family', 'animation', 'action', 'comedy', 'scifi']",['US'],0.0,tt1911658,6.6,89930.0,92.315,6.505,-0.765,0.0
tm168921,The Smurfs,MOVIE,evil wizard gargamel chases tiny blue smurfs village tumble magical world fact smack dab middle central park three apples high stuck big apple smurfs must find way get back village gargamel tracks,2011,PG,103,"['animation', 'family', 'action', 'comedy', 'fantasy']",['US'],0.0,tt0472181,5.4,90097.0,56.324,5.8,-0.7506,0.0
tm69926,Here Comes Boom,MOVIE,high school biology teacher moonlights mixedmartial arts fighter effort raise money save schools music program,2012,PG,105,"['action', 'comedy', 'sport']",['US'],0.0,tt1648179,6.4,90126.0,15.732,6.2,0.5859,0.0
ts22176,Stargate SG-1,SHOW,story stargate sg1 begins year events feature film united states government learns ancient alien device called stargate access network devices multitude planets sg1 elite air force special operations team one two dozen teams earth explore galaxy defend alien threats goauld replicators ori,1997,TV-PG,44,"['scifi', 'drama', 'action']","['CA', 'US']",10.0,tt0118480,8.4,90196.0,88.851,8.3,0.4019,0.0
tm423373,Andhadhun,MOVIE,series mysterious events changes life blind pianist must report crime actually never witnessed,2018,R,139,"['thriller', 'drama', 'comedy', 'crime', 'music']",['IN'],0.0,tt8108198,8.2,90237.0,13.893,7.7,-0.7351,0.0
tm194792,The Boy,MOVIE,american nanny shocked new english familys boy actually lifesized doll violates list strict rules disturbing events make believe doll really alive,2016,PG-13,97,"['horror', 'thriller']",['US'],0.0,tt3882082,6.0,90853.0,29.848,5.9,-0.719,0.0
ts86497,Russian Doll,SHOW,nadia keeps dying reliving 36th birthday party shes trapped surreal time loop staring barrel mortality,2019,TV-MA,28,"['comedy', 'drama']",['US'],2.0,tt7520794,7.8,91649.0,18.072,7.5,-0.1779,0.0
ts80856,Chilling Adventures Sabrina,SHOW,16th birthday nears sabrina must choose witch world family human world friends based archie comic,2018,TV-14,57,"['thriller', 'scifi', 'drama', 'fantasy', 'horror']",['US'],4.0,tt7569592,7.4,91958.0,80.61,8.306,0.1531,0.3182
tm57190,The One,MOVIE,sheriffs deputy fights alternate universe version grows stronger alternate self kills,2001,PG-13,87,"['thriller', 'action', 'scifi']",['US'],0.0,tt0267804,5.9,92007.0,21.223,6.1,-0.5574,0.0
tm849004,Eurovision Song Contest : The Story Fire Saga,MOVIE,two smalltown aspiring musicians chase pop star dreams global music competition high stakes scheming rivals onstage mishaps test bond,2020,PG-13,123,"['music', 'comedy']",['US'],0.0,tt8580274,6.5,92086.0,10.817,6.4,0.4019,-0.34
tm444017,"Extremely Wicked , Shockingly Evil Vile",MOVIE,chronicle crimes ted bundy perspective longtime girlfriend elizabeth kloepfer refused believe truth years,2019,R,110,"['crime', 'thriller', 'drama']",['US'],0.0,tt2481498,6.7,92156.0,19.891,7.0,0.0258,-0.9375
ts32835,Hunter x Hunter,SHOW,twelveyearold gon freecss one day discovers father always told dead alive father ging hunter member societys elite license go anywhere almost anything gon determined follow fathers footsteps decides take hunter examination eventually find father prove hunter right way learns becoming hunter previously thought challenges must face considered toughest world,2011,TV-14,23,"['action', 'animation', 'comedy', 'fantasy']",['JP'],3.0,tt2098220,9.0,92162.0,178.265,8.8,-0.144,0.0
ts87466,Demon Slayer : Kimetsu Yaiba,SHOW,taisho period japan tanjiro kindhearted boy sells charcoal living finds family slaughtered demon make matters worse younger sister nezuko sole survivor transformed demon though devastated grim reality tanjiro resolves become demon slayer turn sister back human kill demon massacred family,2019,TV-MA,25,"['scifi', 'action', 'animation', 'horror', 'fantasy', 'thriller']",['JP'],3.0,tt9335498,8.7,93604.0,94.263,8.809,-0.9217,0.0
tm136483,The DUFF,MOVIE,biancas universe turns upside learns high school refers duff designated ugly fat friend hoping erase label enlists help charming jock favorite teacher together theyll face schools mean girl remind everyone someones duff thats totally fine,2015,PG-13,101,"['comedy', 'romance']",['US'],0.0,tt1666801,6.4,93675.0,26.748,6.8,0.923,0.0
tm11556,The Quick Dead,MOVIE,mysterious woman comes compete quickdraw elimination tournament town taken notorious gunman,1995,R,107,"['action', 'thriller', 'western', 'romance']","['JP', 'US']",0.0,tt0114214,6.5,93767.0,13.056,6.5,-0.4404,-0.6486
ts38204,Making Murderer,SHOW,filmed 10 years reallife thriller follows dna exoneree exposing police corruption becomes suspect grisly new crime,2015,TV-14,62,"['documentation', 'crime']",['US'],2.0,tt5189670,8.6,94419.0,8.723,7.9,-0.7506,-0.6808
tm116324,Jackass : The Movie,MOVIE,johnny knoxville band maniacs perform variety stunts grossout gags big screen first time wander around japan panda outfits wreak havoc civilized golf course even stunts involving live alligators,2002,R,88,"['comedy', 'documentation', 'action']",['US'],0.0,tt0322802,6.6,94423.0,25.23,6.3,-0.7269,-0.4215
tm169719,42,MOVIE,powerful story jackie robinson legendary baseball player broke major league baseballs color barrier joined roster brooklyn dodgers film follows innovative dodgers general manager branch rickey mlb executive first signed robinson minors helped bring show,2013,PG-13,128,"['drama', 'sport']",['US'],0.0,tt0453562,7.5,94520.0,18.267,7.1,0.34,0.0
tm287684,The Ritual,MOVIE,group college friends reunite trip forest encounter menacing presence woods thats stalking,2017,R,94,"['thriller', 'horror']","['CA', 'GB']",0.0,tt5638642,6.3,95551.0,24.321,6.2,0.4767,0.0
ts20305,Naruto,SHOW,another world ninja ultimate power village hidden leaves live stealthiest ninja land twelve years earlier fearsome ninetailed fox terrorized village claimed many lives subdued spirit sealed within body baby boy boy naruto uzumaki grown become ninjaintraining whos interested pranks studying ninjutsu naruto determined become greatest ninja ever,2002,TV-PG,23,"['animation', 'action', 'scifi', 'comedy', 'fantasy', 'thriller']",['JP'],6.0,tt0409591,8.4,96729.0,218.843,8.363,0.5574,0.0
tm414584,Rambo : Last Blood,MOVIE,fighting demons decades john rambo lives peace family ranch arizona rest interrupted gabriela granddaughter housekeeper mara disappears crossing border mexico meet biological father rambo become true father figure gabriela years undertakes desperate dangerous journey find,2019,R,101,"['drama', 'action', 'crime', 'thriller', 'western']","['US', 'CN']",0.0,tt1206885,6.1,96740.0,88.199,6.5,-0.6369,0.0
tm173195,The Rite,MOVIE,seminary student michael kovak reluctantly attends exorcism school vatican hes rome michael meets unorthodox priest introduces darker side faith uncovering devils reach even one holiest places earth,2011,PG-13,114,"['drama', 'thriller', 'horror']","['US', 'HU', 'IT']",0.0,tt1161864,6.0,97585.0,22.593,6.1,-0.296,0.0
ts77398,Lost Space,SHOW,crashlanding alien planet robinson family fights odds survive escape theyre surrounded hidden dangers,2018,TV-PG,49,"['drama', 'scifi', 'action', 'thriller', 'family']",['US'],3.0,tt5232792,7.3,98084.0,55.052,7.654,-0.6369,-0.3182
tm979026,"tick , tick ... BOOM !",MOVIE,cusp 30th birthday jonathon larson promising young theater composer navigates love friendship pressures life artist new york city,2021,PG-13,121,['drama'],['US'],0.0,tt8721424,7.5,98370.0,33.246,7.8,0.8176,0.0
ts221904,Unbelievable,SHOW,teenager charged lying rape allegation two determined investigative female detectives discover far sinister truth,2019,TV-MA,48,"['drama', 'crime']",['US'],1.0,tt7909970,8.4,98384.0,20.378,8.1,-0.8779,0.2023
tm140843,Self/less,MOVIE,extremely wealthy elderly man dying cancer undergoes radical medical procedure transfers consciousness body healthy young man everything may good seems starts uncover mystery bodys origins secret organization kill keep secrets,2015,PG-13,118,"['thriller', 'action', 'scifi', 'drama']",['US'],0.0,tt2140379,6.5,98837.0,24.941,6.407,-0.4033,0.0
ts221200,The Haunting Bly Manor,SHOW,au pairs tragic death henry wingrave hires young american nanny care orphaned niece nephew reside bly manor estates chef owen groundskeeper jamie housekeeper mrs grose seems manor centuries dark secrets love loss waiting unearthed chilling tale,2020,TV-MA,55,"['thriller', 'drama', 'scifi', 'horror']",['US'],1.0,tt10970552,7.3,99047.0,29.636,7.8,-0.2263,-0.2732
tm187279,Philomena,MOVIE,woman searches adult son taken away decades ago forced live convent,2013,PG-13,97,"['drama', 'comedy', 'european']",['GB'],0.0,tt2431286,7.6,99647.0,9.752,7.4,-0.4588,0.0
tm238722,Collateral Beauty,MOVIE,retreating life tragedy man questions universe writing love time death receiving unexpected answers begins see things interlock even loss reveal moments meaning beauty,2016,PG-13,97,"['romance', 'drama']",['US'],0.0,tt4682786,6.7,99712.0,25.409,7.3,-0.3818,0.5859
tm102337,A Nightmare Elm Street,MOVIE,film brings back horror icon freddy krueger darker sinister character ever freddy prowl group teenagers stalked soon learn common factor making targets twisted killer,2010,R,95,"['horror', 'thriller', 'crime', 'drama']",['US'],0.0,tt1179056,5.2,99894.0,39.672,5.5,-0.9169,0.0
tm410435,To All Boys I 've Loved Before,MOVIE,lara jeans love life goes imaginary control secret letters every boy shes ever fallen mysteriously mailed,2018,PG-13,100,"['comedy', 'romance', 'drama']",['US'],0.0,tt8179390,7.1,101175.0,83.421,7.7,0.4019,0.5994
ts36550,DC 's Legends Tomorrow,SHOW,heroes alone enough world needs legends seen future one desperately try prevent happening timetraveling rogue rip hunter tasked assembling disparate group heroes villains confront unstoppable threat one planet stake time ragtag team defeat immortal threat unlike anything ever known,2016,TV-14,42,"['drama', 'action', 'scifi']",['US'],7.0,tt4532368,6.8,101178.0,63.898,7.4,-0.9118,0.0
tm132273,Home,MOVIE,earth taken overlyconfident boov alien race search new place call home humans promptly relocated boov get busy reorganizing planet one resourceful girl tip manages avoid capture finds accidental accomplice banished boov named oh two fugitives realize theres lot stake intergalactic relations embark road trip lifetime,2015,PG,94,"['family', 'fantasy', 'comedy', 'animation', 'scifi']",['US'],0.0,tt2224026,6.6,101975.0,50.179,6.8,-0.3612,0.0
tm187979,Cloudy Chance Meatballs 2,MOVIE,disastrous food storm first film flint friends forced leave town flint accepts invitation idol chester v join live corp company tasked clean island best inventors world create technologies betterment mankind flint discovers machine still operates creates mutant food beasts like living pickles hungry tacodiles shrimpanzees apple piethons friends must return save world,2013,PG,95,"['animation', 'scifi', 'drama', 'comedy', 'family', 'fantasy']",['US'],0.0,tt1985966,6.3,102071.0,64.17,6.443,0.9545,0.25
tm145655,St. Vincent,MOVIE,young boy whose parents divorced finds unlikely friend mentor misanthropic bawdy hedonistic war veteran lives next door,2014,PG-13,102,"['comedy', 'drama']",['US'],0.0,tt2170593,7.2,102820.0,18.905,7.1,-0.1779,0.0
ts296046,Lupin,SHOW,inspired adventures arsne lupin gentleman thief assane diop sets avenge father injustice inflicted wealthy family,2021,TV-MA,46,"['crime', 'drama', 'thriller', 'action', 'comedy']",['FR'],3.0,tt2531336,7.5,102888.0,66.66,7.9,0.0,0.0
tm187791,In Line Fire,MOVIE,veteran secret service agent frank horrigan man haunted failure save president kennedy serving protection detail dallas thirty years later man calling booth threatens life current president forcing horrigan come back protection detail confront ghosts past,1993,R,128,"['drama', 'thriller', 'crime', 'action']",['US'],0.0,tt0107206,7.2,102916.0,19.8,6.973,-0.7579,-0.34
ts53051,The OA,SHOW,prairie johnson blind child comes home community grew sight restored hail miracle others dangerous mystery prairie wont talk fbi parents seven years went missing,2016,TV-MA,55,"['scifi', 'drama', 'fantasy']",['US'],2.0,tt4635282,7.8,103176.0,33.623,7.6,-0.128,0.0
tm370144,The Mitchells vs. Machines,MOVIE,quirky dysfunctional familys road trip upended find middle robot apocalypse suddenly become humanitys unlikeliest last hope,2021,PG,109,"['comedy', 'family', 'scifi', 'animation']",['US'],0.0,tt7979580,7.6,103825.0,35.602,8.0,0.4404,0.0
tm239286,The Cloverfield Paradox,MOVIE,orbiting planet brink war scientists test device solve energy crisis end facetoface dark alternate reality,2018,PG-13,102,"['horror', 'thriller', 'scifi', 'drama', 'action']",['US'],0.0,tt2548396,5.5,104068.0,21.122,5.6,-0.7269,-0.1027
tm191387,Anaconda,MOVIE,national geographic film crew taken hostage insane hunter takes along quest capture worlds largest deadliest snake,1997,PG-13,89,"['horror', 'thriller', 'action']","['PE', 'US', 'BR']",0.0,tt0118615,4.8,104213.0,34.405,5.1,-0.4019,0.0
tm103095,Ip Man 2,MOVIE,defeated best fighters imperial japanese army occupied shanghai ip man family settle postwar hong kong struggling make living master ip opens kung fu school bring celebrated art wing chun troubled youth hong kong growing reputation soon brings challenges powerful enemies including preeminent hung gar master hung quan,2010,R,108,"['drama', 'action', 'history', 'sport']","['HK', 'CN']",0.0,tt1386932,7.5,104500.0,4.516,7.5,-0.6486,0.0
tm65686,U.S . Marshals,MOVIE,us marshal sam gerard accompanying plane load convicts chicago new york plane crashes spectacularly mark sheridan escapes diplomatic security agent john royce assigned help gerard recapture sheridan becomes clear sheridan another murderer,1998,PG-13,131,"['thriller', 'crime', 'action']",['US'],0.0,tt0120873,6.5,105286.0,24.205,6.5,0.3818,0.0
tm58382,Not Another Teen Movie,MOVIE,bet gridiron hero john hughes high school sets turn bespectacled plain jane beautiful popular prom queen outrageous sendup teen movies 1980s 90s,2001,R,89,['comedy'],['US'],0.0,tt0277371,5.7,105352.0,36.438,5.8,0.8074,0.0
tm1092864,The Unforgivable,MOVIE,woman released prison serving sentence violent crime reenters society refuses forgive past,2021,R,112,"['drama', 'crime']","['GB', 'US', 'DE']",0.0,tt11233960,7.1,105353.0,74.153,7.5,-0.8519,0.0
ts215951,Midnight Mass,SHOW,isolated island community experiences miraculous events frightening omens arrival charismatic mysterious young priest,2021,TV-MA,64,"['fantasy', 'horror', 'action', 'drama', 'scifi']",['US'],1.0,tt10574558,7.7,106385.0,73.108,7.613,-0.6705,0.0
tm173066,The Interpreter,MOVIE,silvia broome interpreter united nations headquarters overhears plans assassination american secret service agent sent investigate,2005,PG-13,128,"['thriller', 'crime', 'european']","['GB', 'US', 'FR', 'DE']",0.0,tt0373926,6.4,106781.0,12.694,6.299,-0.2732,0.0
tm141390,Friday 13th,MOVIE,group young adults visit boarded campsite named crystal lake soon encounter mysterious jason voorhees deadly intentions,2009,R,97,"['horror', 'thriller']",['US'],0.0,tt0758746,5.5,106970.0,45.551,5.8,0.0,0.0
tm154986,Deliverance,MOVIE,intent seeing cahulawassee river turned one huge lake outdoor fanatic lewis medlock takes friends riverrafting trip theyll never forget dangerous american backcountry,1972,R,109,"['drama', 'action', 'thriller', 'european']",['US'],0.0,tt0068473,7.7,107673.0,10.01,7.3,0.8234,0.0
tm169949,Just Like Heaven,MOVIE,shortly david abbott moves new san francisco digs unwelcome visitor hands winsome elizabeth martinson asserts apartment promptly vanishes starts appearing disappearing david thinks shes ghost elizabeth convinced shes alive,2005,PG-13,95,"['romance', 'drama', 'comedy', 'fantasy']",['US'],0.0,tt0425123,6.7,108029.0,17.486,6.9,0.0772,0.7003
tm318206,Den Thieves,MOVIE,gritty crime saga follows lives elite unit la county sheriffs dept states successful bank robbery crew outlaws plan seemingly impossible heist federal reserve bank,2018,R,140,"['thriller', 'crime', 'drama', 'action']",['US'],0.0,tt1259528,7.0,110108.0,47.326,6.7,0.0772,-0.5106
tm111163,Eraser,MOVIE,us marshall john kruger erases identities people enrolled witness protection program current assignment protect lee cullen whos uncovered evidence weapons manufacturer works selling terrorist groups kruger discovers theres corrupt agent within program must guard life trying protect lees,1996,R,115,"['thriller', 'action', 'drama', 'crime']","['US', 'CA']",0.0,tt0116213,6.1,110921.0,19.437,6.0,-0.5267,0.0
tm43399,Lagaan : Once Upon Time India,MOVIE,1890s india arrogant british commander challenges harshly taxed residents champaner highstakes cricket match,2001,PG,224,"['romance', 'drama', 'action', 'sport']",['IN'],0.0,tt0169102,8.1,111053.0,10.097,7.3,-0.4404,0.0
tm174256,Red Riding Hood,MOVIE,valerie love brooding outsider peter parents arranged marry another man wealthy unwilling lose valerie peter plan run away together learn valeries older sister killed werewolf prowls dark forest surrounding village hungry revenge people call famed werewolf hunter father solomon help kill wolf solomons arrival brings unintended consequences warns wolf takes human form day could one,2011,PG-13,100,"['fantasy', 'thriller', 'horror', 'drama', 'romance']","['CA', 'US']",0.0,tt1486185,5.4,112015.0,24.404,6.0,-0.802,0.0
tm119281,Bonnie Clyde,MOVIE,1930s bored waitress bonnie parker falls love excon named clyde barrow together start violent crime spree country stealing cars robbing banks,1967,R,110,"['crime', 'drama', 'action']",['US'],0.0,tt0061418,7.7,112048.0,15.687,7.5,-0.8402,0.0
tm233482,The Foreigner,MOVIE,quan humble london businessman whose longburied past erupts revengefueled vendetta person left love teenage daughter dies irish republican army car bombing relentless search find terrorists leads catandmouse conflict british government official whose past may hold clues identities elusive killers,2017,R,113,"['action', 'thriller', 'crime', 'drama', 'european']","['IN', 'CN', 'US', 'GB']",0.0,tt1615160,7.0,113338.0,32.05,6.8,-0.743,0.0
tm140389,Paddington,MOVIE,young peruvian bear travels london search new home finding lost alone paddington station meets kindly brown family,2014,PG,95,"['comedy', 'family', 'fantasy', 'animation', 'european']","['US', 'FR', 'GB']",0.0,tt1109624,7.2,113735.0,34.868,7.1,-0.0258,0.0
tm176630,The Butler,MOVIE,look life cecil gaines served eight presidents white houses head butler 1952 1986 unique frontrow seat political racial history made,2013,PG-13,132,"['drama', 'european']",['US'],0.0,tt1327773,7.2,114768.0,15.115,7.355,0.0,0.0
ts34435,Cowboy Bebop,SHOW,2071 roughly fifty years accident hyperspace gateway made earth almost uninhabitable humanity colonized rocky planets moons solar system amid rising crime rate inter solar system police issp set legalized contract system registered bounty hunters also referred cowboys chase criminals bring alive return reward,1998,TV-14,25,"['animation', 'action', 'scifi', 'western', 'comedy', 'drama', 'thriller']",['JP'],1.0,tt0213338,8.9,115448.0,35.402,8.522,-0.6124,0.0
ts21867,Schitt 's Creek,SHOW,formerly filthy rich video store magnate johnny rose soap star wife moira two kids berhipster son david socialite daughter alexis suddenly find broke forced live schitts creek small depressing town bought joke,2015,TV-14,22,['comedy'],['CA'],6.0,tt3526078,8.5,115758.0,25.254,7.6,-0.3818,0.0
ts81120,The Last Dance,SHOW,10part documentary chronicling untold story michael jordan chicago bulls dynasty rare neverbeforeseen footage sound 199798 championship season plus 100 interviews famous figures basketballs biggest names,2020,TV-MA,50,"['documentation', 'history', 'sport']",['US'],1.0,tt8420184,9.1,115915.0,27.702,8.2,0.4404,0.0
tm244174,Okja,MOVIE,young girl named mija risks everything prevent powerful multinational company kidnapping best friend massive animal named okja,2017,PG-13,122,"['scifi', 'fantasy', 'action', 'drama']","['KR', 'US']",0.0,tt3967856,7.3,116305.0,25.911,7.415,0.8481,0.0
ts82913,When They See Us,SHOW,five teens harlem become trapped nightmare theyre falsely accused brutal attack central park,2019,TV-MA,74,"['drama', 'crime', 'history']",['US'],1.0,tt7137906,8.9,116560.0,20.965,8.2,-0.9153,0.0
tm27268,Monster House,MOVIE,monsters bed scary enough happens entire house get three teens aim find go decrepit neighboring home unlock frightening secrets,2006,PG,91,"['animation', 'comedy', 'family', 'fantasy']",['US'],0.0,tt0385880,6.6,117008.0,51.891,6.6,-0.7506,0.0
ts20339,One Piece,SHOW,years ago fearsome pirate king gol roger executed leaving huge pile treasure famous one piece behind whoever claims one piece named new king pirates monkey luffy boy consumed devil fruit decides follow footsteps idol pirate shanks find one piece helps course body properties rubber hes surrounded bevy skilled fighters thieves help along way luffy anything get one piece become king pirates,1999,TV-14,23,"['animation', 'action', 'comedy', 'drama', 'fantasy']",['JP'],21.0,tt0388629,8.8,117129.0,143.457,8.764,-0.4215,0.0
ts20371,Top Gear,SHOW,fastpaced stuntfilled motor show tests whether cars mundane extraordinary live manufacturers claims longrunning show travels locations around world performing extreme stunts challenges see featured cars capable current hosts paddy mcguinness chris harris andrew freddie flintoff,2002,TV-PG,58,"['comedy', 'reality', 'european', 'music']",['GB'],32.0,tt1628033,8.7,117240.0,45.549,7.4,0.4404,0.2023
tm986168,The Guilty,MOVIE,demoted police officer assigned call dispatch desk conflicted receives emergency phone call kidnapped woman,2021,R,91,"['drama', 'thriller', 'action', 'crime']",['US'],0.0,tt9421570,6.3,117984.0,33.761,6.4,-0.3818,-0.4215
ts81884,Bodyguard,SHOW,troubled war veteran assigned protect controversial politician may target terror plot,2018,TV-MA,60,"['war', 'drama', 'thriller', 'crime', 'european']",['GB'],2.0,tt7493974,8.1,118124.0,19.085,7.9,-0.8591,0.0
tm32885,Rang De Basanti,MOVIE,group friends graduate delhi university listlessly haunt old campus british filmmaker casts film shes making freedom fighters british rule although group largely apolitical tragic death friend owing local government corruption awakens patriotism inspired freedom fighters represent film friends collectively decide avenge killing,2006,PG-13,157,"['drama', 'history', 'comedy', 'crime']",['IN'],0.0,tt0405508,8.1,118477.0,6.848,7.2,0.765,0.0
ts56683,The Sinner,SHOW,small new york town haunted detective hunts answers perplexing crimes wrestling demons,2017,TV-MA,45,"['crime', 'drama', 'thriller']",['US'],4.0,tt6048596,7.9,118746.0,51.938,7.5,-0.4767,0.0
tm153284,The Giver,MOVIE,seemingly perfect community without war pain suffering differences choice young boy chosen learn elderly man true pain pleasure real world,2014,PG-13,97,"['drama', 'scifi', 'thriller', 'romance']",['US'],0.0,tt0435651,6.4,118877.0,17.987,6.5,0.9652,0.34
tm150214,Freddy vs. Jason,MOVIE,attempt free state forgotten limbo evil dreamdemon freddy krueger devises plan manipulate undead mass murderer jason voorhees slicinganddicing way teenage population springwood master dreams loses control monster brutal fight death way,2003,R,97,"['horror', 'action']","['IT', 'US']",0.0,tt0329101,5.7,118925.0,65.747,6.0,-0.9571,0.0
ts20457,The Legend Korra,SHOW,avatar korra headstrong rebellious feisty young woman continually challenges breaks tradition quest become fully realized avatar story avatar struggles find balance within,2012,TV-Y7,23,"['animation', 'drama', 'family', 'scifi', 'action', 'fantasy', 'comedy']",['US'],4.0,tt1695360,8.4,119272.0,56.153,8.307,-0.5267,0.0
tm79895,Halloween,MOVIE,committed 17 years michael myers grown man still dangerous escapes mental institution committed 10 year old immediately returns haddonfield wants find baby sister laurie anyone crosses path mortal danger,2007,R,109,['horror'],['US'],0.0,tt0373883,6.0,119606.0,38.491,6.2,-0.4215,0.0
tm24088,Scary Movie 4,MOVIE,cindy finds house lives haunted little boy goes quest find killed also alien tripods invading world uncover secret order stop,2006,PG-13,83,"['comedy', 'horror']",['US'],0.0,tt0362120,5.1,120997.0,83.018,5.5,-0.8689,-0.4939
tm94606,Let Me In,MOVIE,bullied young boy befriends young female vampire lives secrecy guardian remake movie let right one adaptation book,2010,R,116,"['drama', 'horror', 'thriller', 'fantasy', 'european']","['GB', 'US']",0.0,tt1228987,7.1,121008.0,22.791,6.8,-0.6249,0.0
tm148671,A Walk Among Tombstones,MOVIE,private investigator matthew scudder hired drug kingpin find kidnapped murdered wife,2014,R,113,"['drama', 'thriller', 'action', 'crime']",['US'],0.0,tt0365907,6.5,121232.0,67.95,6.309,-0.6597,0.0
tm148270,Something 's Got ta Give,MOVIE,harry sanborn aged music industry exec fondness younger women like marin latest trophy girlfriend things get little awkward harry suffers heart attack home marins mother erica left care erica doctor love triangle starts take shape,2003,PG-13,128,"['drama', 'comedy', 'romance']",['US'],0.0,tt0337741,6.7,121364.0,14.619,6.6,0.7996,0.0
ts21567,Gilmore Girls,SHOW,set charming town stars hollow connecticut series follows captivating lives lorelai rory gilmore motherdaughter pair relationship people dream,2000,TV-14,46,"['comedy', 'drama']",['US'],8.0,tt0238784,8.2,121462.0,58.578,7.827,0.7003,0.0
tm272060,What Happened Monday,MOVIE,world families limited one child due overpopulation set identical septuplets must avoid put long sleep government dangerous infighting investigating disappearance one,2017,R,123,"['scifi', 'thriller', 'drama', 'action', 'crime', 'fantasy']","['FR', 'RO', 'GB', 'BE', 'DE']",0.0,tt1536537,6.8,121772.0,60.669,7.2,-0.7351,0.0
tm171042,The Call,MOVIE,jordan turner experienced 911 operator makes error judgment call ends badly jordan rattled unsure continue teenager casey welson abducted back mans car calls 911 jordan one called upon use experience insights quick thinking help casey escape save make sure man brought justice,2013,R,94,"['thriller', 'crime', 'drama', 'horror', 'action', 'european']",['US'],0.0,tt1911644,6.7,121843.0,41.764,6.8,0.296,0.0
tm137342,Tears Sun,MOVIE,navy seal lieutenant ak waters elite squadron tactical specialists forced choose duty humanity following orders ignoring conflict surrounds finding courage follow conscience protect group innocent refugees democratic government nigeria collapses country taken ruthless military dictator waters fiercely loyal hardened veteran dispatched routine mission retrieve doctors without borders physician,2003,R,121,"['war', 'action', 'drama', 'thriller']",['US'],0.0,tt0314353,6.6,121957.0,43.254,6.797,0.2732,-0.2263
tm435520,The Two Popes,MOVIE,frustrated direction church cardinal bergoglio requests permission retire 2012 pope benedict instead facing scandal selfdoubt introspective pope benedict summons harshest critic future successor rome reveal secret would shake foundations catholic church,2019,PG-13,125,"['drama', 'comedy', 'history']",['US'],0.0,tt8404614,7.6,122069.0,11.465,7.5,-0.9022,0.0
tm368699,The Devil All Time,MOVIE,knockemstiff ohio neighboring backwoods sinister characters converge around young arvin russell fights evil forces threaten family,2020,R,138,"['crime', 'drama', 'thriller', 'horror']",['US'],0.0,tt7395114,7.1,122321.0,22.872,7.3,-0.9274,-0.6597
tm36237,Contraband,MOVIE,brotherinlaw runs afoul drug lord family man chris farraday turns skill abandoned long agosmugglingto repay debt job goes wrong farraday finds wanted cops crooks killers alike,2012,R,109,"['action', 'drama', 'crime', 'thriller']","['FR', 'US', 'GB']",0.0,tt1524137,6.4,122383.0,46.41,6.3,-0.9169,0.0
ts12724,30 Rock,SHOW,liz lemon head writer latenight tv variety show new york tries juggle egos around chasing dream,2006,TV-14,25,"['comedy', 'sport']",['US'],7.0,tt0496424,8.3,122698.0,48.88,7.4,0.25,0.0
ts35563,Supergirl,SHOW,twentyfouryearold kara zorel taken danvers family 13 sent away krypton must learn embrace powers previously hiding danvers teach careful powers reveal unexpected disaster setting journey heroism,2015,TV-14,42,"['scifi', 'action', 'drama']",['US'],6.0,tt4016454,6.2,122911.0,91.102,7.3,0.1027,0.0
tm239676,Hush,MOVIE,deaf woman stalked psychotic killer secluded home,2016,R,82,"['horror', 'thriller']",['US'],0.0,tt5022702,6.6,123667.0,20.608,6.7,-0.6486,0.0
tm233377,The Edge Seventeen,MOVIE,two high school girls best friends one dates others older brother totally sisters nemesis,2016,R,105,"['drama', 'comedy']",['US'],0.0,tt1878870,7.3,124099.0,31.226,7.2,0.8074,0.0
tm417392,The King,MOVIE,england 15th century hal capricious prince lives among populace far court forced circumstances reluctantly accept throne become henry v,2019,R,140,"['history', 'war', 'drama', 'romance']","['US', 'AU']",0.0,tt7984766,7.2,124438.0,25.987,7.2,-0.2023,0.0
tm441231,Murder Mystery,MOVIE,longawaited trip europe new york city cop hairdresser wife scramble solve baffling murder aboard billionaires yacht,2019,PG-13,90,"['comedy', 'crime', 'romance', 'action']","['IT', 'MC', 'US', 'CA']",0.0,tt1618434,6.0,124599.0,22.376,6.2,-0.5859,-0.6908
tm177480,Police Academy,MOVIE,new rules enforced lady mayoress mean sex weight height intelligence need longer factor joining police force opens floodgates sundry enter police academy much chagrin instructors everyone choice though social misfit mahoney forced sign alternative jail sentence doesnt take long falls foul boorish lieutenant harris long mahoney realises enjoying police cadet decides wants stay harris decides wants mahoney,1984,R,97,"['crime', 'comedy']",['US'],0.0,tt0087928,6.7,124881.0,25.533,6.6,0.2263,0.0
tm78919,Mr. Bean 's Holiday,MOVIE,mr bean wins trip cannes unwittingly separates young boy father must help two reunite way discovers france bicycling true love among things,2007,G,90,"['family', 'comedy', 'european']","['US', 'FR', 'DE', 'GB']",0.0,tt0453451,6.4,125160.0,32.512,6.3,0.9246,0.4019
tm449070,Black Mirror : Bandersnatch,MOVIE,1984 young programmer begins question reality adapts dark fantasy novel video game mindbending tale multiple endings,2018,R,90,"['drama', 'thriller', 'scifi', 'fantasy']","['GB', 'US']",0.0,tt9495224,7.1,125229.0,17.397,6.8,0.3182,0.0
tm244207,Triple Frontier,MOVIE,struggling make ends meet former special ops soldiers reunite highstakes heist stealing 75 million south american drug lord,2019,R,125,"['thriller', 'action', 'crime', 'drama']",['US'],0.0,tt1488606,6.4,125883.0,28.54,6.3,-0.5859,0.0
tm232579,Hunt Wilderpeople,MOVIE,ricky defiant young city kid finds run cantankerous foster uncle wild new zealand bush national manhunt ensues two forced put aside differences work together survive,2016,PG-13,101,"['drama', 'comedy']",['NZ'],0.0,tt4698684,7.8,128676.0,11.591,7.7,-0.5994,0.0
tm170442,Margin Call,MOVIE,thriller revolves around key people investment bank 24hour period early stages financial crisis,2011,R,107,"['thriller', 'drama']",['US'],0.0,tt1615147,7.1,128874.0,14.851,6.8,-0.5719,0.0
tm186589,Cliffhanger,MOVIE,year losing friend tragic 4000foot fall former ranger gabe walker partner hal called return peak rescue group stranded climbers learn climbers actually thieving hijackers looking boxes full money,1993,R,112,"['action', 'thriller', 'comedy', 'animation']","['IT', 'US', 'FR']",0.0,tt0106582,6.5,128972.0,27.78,6.5,0.2263,0.0
ts216679,Bridgerton,SHOW,wealth lust betrayal set backdrop regency era england seen eyes powerful bridgerton family,2020,TV-MA,62,"['drama', 'history', 'romance']",['US'],4.0,tt8740790,7.3,129085.0,106.118,8.2,0.296,0.0
ts81007,After Life,SHOW,tony perfect life wife lisa suddenly dies tony changes contemplating taking life decides instead live long enough punish world saying whatever likes,2019,TV-MA,28,"['comedy', 'drama']",['GB'],3.0,tt8398600,8.4,129243.0,19.931,7.843,0.4767,0.0
tm834851,I Care Lot,MOVIE,crooked legal guardian drains savings elderly wards meets match woman tries swindle turns first appears,2020,R,118,"['drama', 'thriller', 'comedy', 'crime']","['GB', 'US']",0.0,tt9893250,6.3,129321.0,30.192,6.6,-0.4404,0.4939
tm40319,Savages,MOVIE,pot growers ben chon face mexican drug cartel kidnapped shared girlfriend,2012,R,131,"['drama', 'thriller', 'crime', 'action']",['US'],0.0,tt1615065,6.4,129746.0,15.525,6.4,0.34,-0.5267
tm315174,Phantom Thread,MOVIE,1950s london renowned british dressmaker reynolds woodcock comes across alma young strongwilled woman soon becomes ever present life muse lover,2017,R,130,"['drama', 'romance']","['US', 'GB']",0.0,tt5776858,7.4,130006.0,14.833,7.3,0.5859,0.0
tm700,"10,000 BC",MOVIE,prehistoric epic follows young mammoth hunters journey uncharted territory secure future tribe,2008,PG-13,109,"['action', 'drama', 'fantasy', 'history', 'thriller']","['US', 'ZA']",0.0,tt0443649,5.1,130813.0,24.671,5.4,0.34,0.0
tm97070,Life As We Know It,MOVIE,distastrous first date caterer holly network sports director messer common dislike love goddaughter sophie suddenly become sophie world holly messer must set differences aside juggling careers social calendars theyll find common ground living roof,2010,PG-13,114,"['comedy', 'romance', 'drama']",['US'],0.0,tt1055292,6.5,131623.0,40.534,6.9,0.3818,0.0
ts88361,"Love , Death & Robots",SHOW,terrifying creatures wicked surprises dark comedy converge nsfw anthology animated stories presented tim miller david fincher,2019,TV-MA,13,"['scifi', 'animation', 'thriller', 'horror', 'comedy', 'fantasy', 'drama', 'action']",['US'],3.0,tt9561862,8.4,131937.0,156.46,8.3,-0.5719,0.0772
tm147211,The Men Who Stare Goats,MOVIE,reporter iraq might story lifetime meets lyn cassady guy claims former member us armys new earth army unit employs paranormal powers missions,2009,R,94,"['comedy', 'war']","['US', 'GB']",0.0,tt1234548,6.2,132177.0,19.022,6.0,0.0,0.0
ts36577,The Last Kingdom,SHOW,show heroic deeds epic battles thematic depth embraces politics religion warfare courage love loyalty universal search identity combining real historical figures events fictional characters story people combined strength one iconic kings history order reclaim land build place call home,2015,TV-MA,55,"['action', 'drama', 'war', 'history', 'european']",['GB'],5.0,tt4179452,8.5,132561.0,153.281,8.3,0.9313,0.0
tm118637,John Q,MOVIE,john quincy archibald father husband whose son diagnosed enlarged heart finds receive transplant hmo insurance cover therefore decides take hospital full patients hostage hospital puts sons name donors list,2002,PG-13,116,"['drama', 'thriller', 'crime']",['US'],0.0,tt0251160,7.0,133215.0,32.229,7.121,0.0,0.0
ts20824,The Originals,SHOW,spinoff vampire diaries set new orleans originals centers mikaelson siblings otherwise known worlds original vampires klaus elijah rebekah klaus must take protg marcel charge new orleans order retake city originally built new orleans klaus departed city chased father mikael constructed marcel took charge klaus returned many years ego provoked become king city every king needs heir says klaus accepting unborn child child first born hybrid werewolf,2013,TV-14,43,"['scifi', 'drama', 'fantasy', 'horror']",['US'],5.0,tt2632424,8.3,133406.0,114.436,8.6,0.4215,0.0
tm120609,"Hail , Caesar !",MOVIE,hollywood star mysteriously disappears middle filming studio sends fixer get back,2016,PG-13,106,"['comedy', 'drama', 'music']",['US'],0.0,tt0475290,6.3,133837.0,11.125,5.9,-0.34,0.1511
tm145608,Awakenings,MOVIE,dr malcolm sayer shy research physician uses experimental drug awaken catatonic victims rare disease leonard first patient receive controversial treatment awakening filled awe enthusiasm proves rebirth sayer exuberant patient reveals lifes simple unutterably sweet pleasures introverted doctor,1990,PG-13,120,"['drama', 'european']",['US'],0.0,tt0099077,7.8,139240.0,12.23,7.8,0.8176,0.0
tm366889,Vice,MOVIE,george w bush picks dick cheney ceo halliburton co republican running mate 2000 presidential election stranger politics cheneys impressive rsum includes stints white house chief staff house minority whip defense secretary bush wins narrow margin cheney begins use newfound power help reshape country world,2018,R,132,"['comedy', 'drama', 'documentation']",['US'],0.0,tt6266538,7.2,139439.0,16.962,7.059,0.7845,0.0
ts53023,Riverdale,SHOW,set present series offers bold subversive take archie betty veronica friends exploring surreality smalltown life darkness weirdness bubbling beneath riverdales wholesome facade,2017,TV-14,42,"['crime', 'drama', 'thriller', 'romance']",['US'],6.0,tt5420376,6.6,141250.0,341.862,8.531,0.2263,0.0
tm137362,The Texas Chainsaw Massacre,MOVIE,picking traumatized young hitchhiker five friends find stalked hunted chainsawwielding killer family equally psychopathic killers,2003,R,98,"['horror', 'crime']",['US'],0.0,tt0324216,6.2,141736.0,80.47,6.2,-0.8481,0.0
tm191772,Seven Years Tibet,MOVIE,austrian mountaineer heinrich harrer journeys himalayas without family head expedition 1939 world war ii breaks arrogant harrer falls allied forces hands prisoner war escapes fellow detainee makes way llaso tibet meets 14yearold dalai lama whose friendship ultimately transforms outlook life,1997,PG-13,136,"['action', 'drama', 'history', 'war']",['US'],0.0,tt0120102,7.1,142903.0,13.766,7.2,-0.9022,0.0
tm375883,Klaus,MOVIE,jesper distinguishes postal academys worst student sent smeerensburg small village located icy island arctic circle grumpy inhabitants barely exchange words let alone letters jesper give abandon duty postman meets local teacher alva klaus mysterious carpenter lives alone cabin full handmade toys,2019,PG,96,"['fantasy', 'comedy', 'family', 'animation', 'european']",['ES'],0.0,tt4729430,8.1,143737.0,20.85,8.3,-0.875,0.0
ts22337,NCIS,SHOW,murder espionage terrorism stolen submarines team special agents investigates crime shred evidence connected navy marine corps personnel regardless rank position,2003,TV-14,43,"['crime', 'action', 'thriller', 'drama', 'comedy']",['US'],20.0,tt0364845,7.8,143846.0,251.622,7.6,-0.936,0.0
tm425889,The Ballad Buster Scruggs,MOVIE,vignettes weaving together stories six individuals old west end civil war following tales sharpshooting songster wannabe bank robber two weary traveling performers lone gold prospector woman traveling west uncertain future motley crew strangers undertaking carriage ride,2018,R,132,"['western', 'comedy', 'drama', 'romance']",['US'],0.0,tt6412452,7.3,144294.0,32.555,7.145,-0.9169,0.0
tm137693,Crimson Peak,MOVIE,aftermath family tragedy aspiring author torn love childhood friend temptation mysterious outsider trying escape ghosts past swept away house breathes bleeds remembers,2015,R,119,"['horror', 'thriller', 'romance', 'fantasy', 'drama']",['US'],0.0,tt2554274,6.5,146073.0,27.654,6.64,0.4019,0.0
tm81270,Starsky & Hutch,MOVIE,join uptight david starsky laidback ken hutch hutchinson theyre paired first time undercover cops new partners must overcome differences solve important case help street informant huggy bear persuasive criminal reese feldman,2004,PG-13,101,"['comedy', 'crime']",['US'],0.0,tt0335438,6.1,146880.0,13.938,5.8,0.25,0.0
ts14583,BoJack Horseman,SHOW,meet beloved sitcom horse 90s 20 years later bojack horseman star hit tv show horsin around today hes washed living hollywood complaining everything wearing colorful sweaters,2014,TV-MA,26,"['comedy', 'drama', 'animation']",['US'],6.0,tt3398228,8.8,148127.0,92.956,8.6,0.3612,0.0
ts21374,How Get Away Murder,SHOW,sexy suspensedriven legal thriller group ambitious law students brilliant mysterious criminal defense professor become entangled murder plot shake entire university change course lives,2014,TV-14,43,"['crime', 'drama', 'thriller']",['US'],6.0,tt3205802,8.1,148643.0,47.891,7.9,0.4404,-0.6908
tm23935,The Lake House,MOVIE,lonely doctor occupied unusual lakeside home begins exchanging love letters former resident frustrated architect must try unravel mystery behind extraordinary romance late,2006,PG,99,"['drama', 'thriller', 'fantasy', 'romance', 'documentation']",['US'],0.0,tt0410297,6.8,149070.0,16.31,7.0,0.4404,0.0
ts20573,The IT Crowd,SHOW,two nerds clueless female manager work basement successful company called help never treated respect,2006,TV-14,25,"['comedy', 'european']",['GB'],5.0,tt0487831,8.5,149586.0,31.031,8.108,0.3498,0.0
tm136308,Monster,MOVIE,emotionally scarred highway drifter shoots sadistic trick rapes ultimately becomes united states first female serial killer,2003,R,110,"['crime', 'drama', 'thriller', 'european']",['US'],0.0,tt0340855,7.3,150339.0,16.309,7.2,-0.802,0.0
tm187187,Last Action Hero,MOVIE,following death father young danny madigan takes comfort watching action movies featuring indestructible los angeles cop jack slater given magic ticket theater manager nick danny sucked screen bonds slater evil fictional villain benedict gets hands ticket enters real world danny jack must follow stop,1993,PG-13,131,"['action', 'fantasy', 'comedy', 'family']",['US'],0.0,tt0107362,6.4,150498.0,22.196,6.379,-0.9325,0.5574
ts37539,One-Punch Man,SHOW,saitama hero became hero fun three years special training though hes become strong hes practically invincible fact hes strong even mightiest opponents taken single punch turns devastatingly powerful actually kind bore passion hero lost along hair yet still faced new enemies every day much longer keep going,2015,TV-PG,22,"['action', 'animation', 'comedy', 'fantasy', 'scifi', 'horror', 'drama']",['JP'],2.0,tt4508902,8.7,152231.0,133.336,8.4,0.9774,0.0
ts21869,Sense8,SHOW,one gunshot one death one moment time irrevocably links eight minds disparate parts world putting others lives others secrets terrible danger ordinary people suddenly reborn sensates,2015,TV-MA,62,"['scifi', 'drama', 'thriller']",['US'],2.0,tt2431438,8.2,152865.0,34.974,7.8,-0.886,0.0
ts41766,The Good Place,SHOW,eleanor shellstrop ordinary woman extraordinary string events enters afterlife comes realize hasnt good person help wise afterlife mentor shes determined shed old way living discover awesome least pretty good person within,2016,TV-14,23,"['scifi', 'romance', 'comedy', 'drama', 'fantasy']",['US'],4.0,tt4955642,8.2,152884.0,33.793,8.0,0.2268,0.4404
tm14873,Dirty Harry,MOVIE,madman dubbed scorpio terrorizes san francisco hardnosed cop harry callahan famous takenoprisoners approach law enforcement tasked hunting psychopath harry eventually collars scorpio process rescuing kidnap victim see walk technicalities maverick detective determined nail maniac,1971,R,102,"['thriller', 'action', 'crime']",['US'],0.0,tt0066999,7.7,155051.0,12.817,7.5,-0.7845,-0.4404
tm199607,The Gift,MOVIE,simon robyn young married couple whose life going planned chance runin simons high school acquaintance sends world tailspin,2015,R,108,"['drama', 'thriller', 'documentation']","['AU', 'US']",0.0,tt4178092,7.0,155102.0,15.146,6.7,0.25,0.4404
tm143227,Begin Again,MOVIE,gretta budding songwriter finds alone boyfriend dave ditches life gains purpose dan record label executive notices talent,2013,R,104,"['drama', 'comedy', 'music', 'romance']",['US'],0.0,tt1980929,7.4,155249.0,15.514,7.254,0.4939,0.0
tm120108,Kung Fu Panda 3,MOVIE,continuing legendary adventures awesomeness po must face two hugely epic different threats one supernatural little closer home,2016,PG,95,"['action', 'animation', 'family', 'fantasy', 'drama', 'comedy']","['US', 'CN']",0.0,tt2267968,7.1,155678.0,91.033,6.851,-0.6444,-0.6908
tm288499,Roma,MOVIE,1970s mexico city two domestic workers help mother four husband away extended period time,2018,R,135,"['drama', 'european']","['US', 'MX']",0.0,tt6155172,7.7,155787.0,12.745,7.7,0.4019,0.0
ts20837,Outlander,SHOW,story claire randall married combat nurse 1945 mysteriously swept back time 1743 immediately thrown unknown world life threatened forced marry jamie chivalrous romantic young scottish warrior passionate affair ignited tears claires heart two vastly different men two irreconcilable lives,2014,TV-MA,60,"['scifi', 'romance', 'drama', 'fantasy']",['US'],6.0,tt3006802,8.4,156114.0,101.42,8.2,-0.4939,0.0
tm143984,London Has Fallen,MOVIE,london prime ministers funeral mike banning discovers plot assassinate attending world leaders,2016,R,99,"['action', 'thriller', 'drama', 'crime']","['GB', 'US', 'BG']",0.0,tt3300542,5.9,157409.0,47.627,6.145,-0.3612,-0.3612
tm849003,The Old Guard,MOVIE,four undying warriors whove secretly protected humanity centuries become targeted mysterious powers discover new immortal,2020,R,125,"['fantasy', 'action', 'thriller']",['US'],0.0,tt7556122,6.6,158247.0,20.588,7.2,0.5994,0.0
tm911973,Enola Holmes,MOVIE,searching missing mother intrepid teen enola holmes uses sleuthing skills outsmart big brother sherlock help runaway lord,2020,PG-13,123,"['crime', 'drama', 'action']",['US'],0.0,tt7846844,6.6,162511.0,22.461,7.3,0.128,0.0
tm674063,The Power Dog,MOVIE,charismatic rancher phil burbank inspires fear awe around brother brings home new wife son phil torments finds exposed possibility love,2021,R,126,"['drama', 'romance', 'western']","['GB', 'AU', 'CA', 'GR', 'NZ']",0.0,tt10293406,6.8,164844.0,41.183,6.8,0.5574,0.0
ts54102,Altered Carbon,SHOW,250 years ice prisoner returns life new body one chance win freedom solving mindbending murder,2018,TV-MA,52,"['scifi', 'thriller', 'action', 'drama']",['US'],2.0,tt2261227,7.9,164872.0,52.901,7.8,0.4939,0.0
tm78592,Michael Clayton,MOVIE,law firm brings fixer remedy situation lawyer breakdown representing chemical company knows guilty multibillion dollar class action suit,2007,R,114,"['thriller', 'drama', 'crime']",['US'],0.0,tt0465538,7.2,165109.0,16.97,6.7,-0.4215,0.0
ts78801,Cobra Kai,SHOW,karate kid sequel series picks 30 years events 1984 valley karate tournament finds johnny lawrence hunt redemption reopening infamous cobra kai karate dojo reignites old rivalry successful daniel larusso working maintain balance life without mentor mr miyagi,2018,TV-14,31,"['action', 'drama', 'sport', 'comedy']",['US'],5.0,tt7221388,8.5,166830.0,331.306,8.167,0.5859,0.0
tm315344,Molly 's Game,MOVIE,molly bloom young skier former olympic hopeful becomes successful entrepreneur target fbi investigation establishes highstakes international poker game,2017,R,140,"['drama', 'crime', 'sport']","['CN', 'CA', 'US']",0.0,tt4209788,7.4,167955.0,25.929,7.147,0.7964,0.0
tm193769,Steve Jobs,MOVIE,set backstage three iconic product launches ending 1998 unveiling imac steve jobs takes us behind scenes digital revolution paint intimate portrait brilliant man epicenter,2015,R,125,"['history', 'drama']","['GB', 'US']",0.0,tt2080374,7.2,168042.0,12.847,6.8,0.5859,0.0
tm180572,Insidious : Chapter 2,MOVIE,haunted lambert family seeks uncover mysterious childhood secret left dangerously connected spirit world,2013,PG-13,106,"['horror', 'thriller']",['US'],0.0,tt2226417,6.5,169039.0,68.55,6.7,-0.6597,0.0
tm456513,Army Dead,MOVIE,following zombie outbreak las vegas group mercenaries take ultimate gamble venturing quarantine zone pull greatest heist ever attempted,2021,R,148,"['horror', 'thriller', 'crime', 'scifi', 'action']",['US'],0.0,tt0993840,5.7,169348.0,131.869,6.3,0.6369,-0.6486
tm417553,6 Underground,MOVIE,faking death tech billionaire recruits team international operatives bold bloody mission take brutal dictator,2019,R,128,"['thriller', 'comedy', 'action']",['US'],0.0,tt8106534,6.1,172083.0,68.45,6.327,-0.9022,0.0
tm840196,The Trial Chicago 7,MOVIE,supposed peaceful protest turned violent clash police followed one notorious trials history,2020,R,130,"['drama', 'history', 'thriller']",['US'],0.0,tt1070874,7.7,173103.0,15.07,7.8,-0.6808,0.0
tm38980,Rise Guardians,MOVIE,evil spirit known pitch lays gauntlet take world immortal guardians must join forces first time protect hopes beliefs imagination children world,2012,PG,97,"['fantasy', 'action', 'family', 'animation', 'thriller', 'scifi', 'comedy', 'drama', 'european']",['US'],0.0,tt1446192,7.2,173157.0,52.108,7.4,0.5994,0.0
tm195209,Legend,MOVIE,suave charming volatile reggie kray unstable twin brother ronnie start leave mark london underworld 1960s using violence get want siblings orchestrate robberies murders running nightclubs protection rackets police detective leonard nipper read hot heels brothers continue rapid rise power achieve tabloid notoriety,2015,R,131,"['thriller', 'crime', 'drama', 'european']","['GB', 'US', 'FR']",0.0,tt3569230,6.9,178601.0,333.013,6.985,-0.5719,0.0
tm147913,PK,MOVIE,stranger city asks questions one asked known initials mans innocent questions childlike curiosity take journey love laughter letting go,2014,PG-13,153,"['drama', 'comedy', 'scifi', 'romance', 'fantasy']",['IN'],0.0,tt2338151,8.1,181406.0,10.001,7.7,0.8689,0.0
ts76243,The End F * * * ing World,SHOW,james 17 pretty sure psychopath alyssa also 17 cool moody new girl school pair make connection persuades embark darkly comedic road trip search real father,2017,TV-MA,21,"['drama', 'comedy', 'romance', 'thriller', 'crime']",['GB'],2.0,tt6257970,8.1,182217.0,50.694,8.2,0.7906,0.0
tm44402,"Girl , Interrupted",MOVIE,set changing world late 1960s susanna kaysens prescribed short rest psychiatrist met becomes strange unknown journey alices wonderland struggles thin line normal crazy susanna soon realizes hard get committed ultimately choose world people belong inside difficult world reality outside,1999,R,127,"['drama', 'european']","['DE', 'US']",0.0,tt0172493,7.3,183154.0,20.424,7.6,-0.7579,-0.296
tm1082564,The Adam Project,MOVIE,accidentally crashlanding 2022 timetraveling fighter pilot adam reed teams 12yearold self mission save future,2022,PG-13,106,"['drama', 'action', 'comedy', 'scifi']",['US'],0.0,tt2463208,6.7,183489.0,317.154,7.106,0.34,0.0
tm199700,The Danish Girl,MOVIE,gerda wegener asks husband einar fill portrait model einar discovers person shes meant begins living life lili elbe realized true self gerdas love support lili embarks groundbreaking journey transgender pioneer,2015,R,119,"['drama', 'romance', 'european']","['BE', 'DK', 'DE', 'GB', 'US']",0.0,tt0810819,7.1,183579.0,21.369,7.6,0.8658,0.0
tm147710,National Lampoon 's Christmas Vacation,MOVIE,christmastime griswolds preparing family seasonal celebration things never run smoothly clark wife ellen two kids clarks continual bad luck worsened obnoxious family guests manages keep going knowing christmas bonus due soon,1989,PG-13,97,"['comedy', 'european']",['US'],0.0,tt0097958,7.5,185760.0,18.862,7.2,-0.4404,0.0
tm244307,Bright,MOVIE,alternate presentday magical creatures live among us two la cops become embroiled prophesied turf battle,2017,R,117,"['fantasy', 'thriller', 'scifi', 'crime', 'action']",['US'],0.0,tt5519340,6.3,185996.0,36.593,6.2,-0.3818,0.4404
ts222333,Arcane,SHOW,amid stark discord twin cities piltover zaun two sisters fight rival sides war magic technologies clashing convictions,2021,TV-14,41,"['scifi', 'action', 'drama', 'animation', 'fantasy']",['US'],1.0,tt11126994,9.0,186899.0,106.45,9.081,-0.8481,0.0
tm81030,The Golden Compass,MOVIE,overhearing shocking secret precocious orphan lyra belacqua trades carefree existence roaming halls jordan college otherworldly adventure far north unaware part destiny,2007,PG-13,113,"['action', 'fantasy', 'family']","['GB', 'US']",0.0,tt0385752,6.1,187485.0,20.255,6.0,0.128,0.0
tm83786,Like Stars Earth,MOVIE,ishaan awasthi eightyearold whose world filled wonders one else seems appreciate colours fish dogs kites dont seem important adults much interested things like homework marks neatness ishaan seem get anything right class sent boarding school life changes forever,2007,PG,165,"['drama', 'family']",['IN'],0.0,tt0986264,8.3,189685.0,17.66,8.012,0.8228,0.3612
tm244220,Darkest Hour,MOVIE,thrilling inspiring true story begins eve world war ii within days becoming prime minister great britain winston churchill must face one turbulent defining trials exploring negotiated peace treaty nazi germany standing firm fight ideals liberty freedom nation unstoppable nazi forces roll across western europe threat invasion imminent unprepared public skeptical king party plotting churchill must withstand darkest hour rally nation attempt change course world history,2017,PG-13,125,"['drama', 'history', 'war', 'thriller', 'family']",['GB'],0.0,tt4555426,7.4,193208.0,21.927,7.351,0.9042,-0.4939
ts42069,The Crown,SHOW,gripping decadesspanning inside story majesty queen elizabeth ii prime ministers shaped britains postwar destiny crown tells inside story two famous addresses world buckingham palace 10 downing street intrigues love lives machinations behind great events shaped second half 20th century two houses two courts one crown,2016,TV-MA,56,"['drama', 'history', 'european']","['GB', 'US']",5.0,tt4786824,8.7,194243.0,75.521,8.2,0.8807,0.0
tm89036,Harold & Kumar Go White Castle,MOVIE,nerdy accountant harold irrepressible friend kumar get stoned watching television find utterly bewitched commercial white castle convinced must one nearby two set latenight odyssey takes deep new jersey somehow boys manage run afoul rednecks cops even carstealing neil patrick harris getting anywhere near beloved sliders,2004,R,83,['comedy'],['US'],0.0,tt0366551,7.0,194695.0,15.026,6.5,0.8402,0.0
tm496322,Extraction,MOVIE,tyler rake fearless black market mercenary embarks deadly extraction career hes enlisted rescue kidnapped son imprisoned international crime lord,2020,R,116,"['crime', 'drama', 'action', 'thriller']",['US'],0.0,tt8936646,6.7,196105.0,51.91,7.4,-0.0772,0.0
tm163686,Blue Jasmine,MOVIE,experiencing traumatic misfortune jasmine french wealthy woman new york moves san francisco live foster sister ginger firm purpose getting new life haunted anxiety memories past,2013,PG-13,99,"['drama', 'comedy', 'european']",['US'],0.0,tt2334873,7.3,201749.0,11.254,7.0,-0.7184,0.0
tm43808,The Talented Mr. Ripley,MOVIE,tom ripley calculating young man believes better fake somebody real nobody opportunity knocks form wealthy us shipbuilder hires tom travel italy bring back playboy son dickie ripley worms way idyllic lives dickie girlfriend plunging daring scheme duplicity lies murder,1999,R,139,"['thriller', 'drama', 'crime']",['US'],0.0,tt0134119,7.4,207524.0,13.78,7.2,-0.2263,0.5106
tm68272,Project X,MOVIE,three high school seniors throw party make name night progresses things spiral control word party spreads,2012,R,88,['comedy'],['US'],0.0,tt1636826,6.6,207830.0,148.44,6.8,0.6597,0.0
tm56574,You 've Got Mail,MOVIE,book superstore magnate joe fox independent book shop owner kathleen kelly fall love anonymity internetboth blissfully unaware hes trying put business,1998,PG,119,"['comedy', 'romance', 'drama']",['US'],0.0,tt0128853,6.7,211635.0,21.724,6.643,0.5267,0.0
tm204163,War Dogs,MOVIE,based true story two young men david packouz efraim diveroli 300 million contract pentagon arm americas allies afghanistan,2016,R,114,"['crime', 'war', 'comedy', 'drama']",['US'],0.0,tt2005151,7.1,212032.0,32.374,6.9,0.4215,-0.5994
tm53991,Big Daddy,MOVIE,lazy law school grad adopts kid impress girlfriend everything doesnt go planned becomes unlikely foster father,1999,PG-13,93,"['drama', 'comedy', 'european']",['US'],0.0,tt0142342,6.4,215053.0,26.848,6.45,0.2732,0.0
tm138875,When Harry Met Sally ...,MOVIE,travel chicago new york harry sally debate whether sex ruins friendship man woman eleven years later theyre still closer finding answer,1989,R,96,"['comedy', 'romance', 'drama']",['US'],0.0,tt0098635,7.7,216199.0,15.123,7.4,0.0,0.0
tm45454,Get Smart,MOVIE,identities secret agents control compromised chief promotes hapless eager analyst maxwell smart teams stylish capable agent 99 spy whose cover remains intact work together thwart evil plans kaos crafty operative,2008,PG-13,110,"['comedy', 'thriller', 'action']",['US'],0.0,tt0425061,6.5,216695.0,22.421,6.2,0.4939,0.4019
tm827648,El Camino : A Breaking Bad Movie,MOVIE,wake dramatic escape captivity jesse pinkman must come terms past order forge kind future,2019,R,123,"['crime', 'drama', 'thriller', 'action']",['US'],0.0,tt9243946,7.3,216847.0,42.566,6.91,0.6249,-0.5423
ts20564,New Girl,SHOW,jessica day offbeat adorable girl late 20s bad breakup moves three single guys goofy positive vulnerable honest fault jess faith people even shouldnt although shes dorky awkward shes comfortable skin prone friendships women shes used hanging boysespecially home,2011,TV-14,21,"['comedy', 'romance']",['US'],7.0,tt1826940,7.7,219079.0,72.923,7.3,0.8982,0.0
tm30205,Ip Man,MOVIE,semibiographical account yip man first martial arts master teach chinese martial art wing chun film focuses events surrounding ip took place city foshan 1930s 1940s second sinojapanese war directed wilson yip film stars donnie yen lead role features fight choreography sammo hung,2008,R,106,"['drama', 'fantasy', 'comedy', 'history', 'action']",['HK'],0.0,tt1220719,8.0,222372.0,21.074,7.7,-0.7579,0.0
tm243100,Hell High Water,MOVIE,divorced dad excon brother resort desperate scheme order save familys farm west texas,2016,R,102,"['thriller', 'western', 'action', 'crime', 'drama']",['US'],0.0,tt2582782,7.6,227350.0,28.227,7.303,0.2263,-0.6808
ts20292,Gotham,SHOW,everyone knows name commissioner gordon one crime worlds greatest foes man whose reputation synonymous law order known gordons story rise rookie detective police commissioner take navigate multiple layers corruption secretly ruled gotham city spawning ground worlds iconic villains circumstances created largerthanlife personas would become catwoman penguin riddler twoface joker,2014,TV-14,43,"['drama', 'scifi', 'thriller', 'action', 'crime']",['US'],5.0,tt3749900,7.8,227760.0,106.651,7.6,-0.6369,0.0
tm150112,Old School,MOVIE,three friends attempt recapture glory days opening fraternity near alma mater,2003,R,88,"['comedy', 'european']",['US'],0.0,tt0302886,7.0,229171.0,17.131,6.577,0.765,0.0
tm150260,Cloudy Chance Meatballs,MOVIE,inventor flint lockwood creates machine makes clouds rain food enabling downandout citizens chewandswallow feed falling food reaches gargantuan proportions flint must scramble avert disaster regain control machine put end wild weather town destroyed,2009,PG,90,"['animation', 'comedy', 'family', 'fantasy', 'scifi', 'romance', 'drama']",['US'],0.0,tt0844471,6.9,229274.0,58.945,6.6,-0.8074,0.25
ts79813,You,SHOW,dangerously charming intensely obsessive young man goes extreme measures insert lives transfixed,2018,TV-MA,47,"['crime', 'drama', 'thriller', 'romance']",['US'],3.0,tt7335184,7.7,230119.0,85.558,8.1,-0.101,0.0
ts76645,The Umbrella Academy,SHOW,family former child heroes grown apart must reunite continue protect world,2019,TV-14,50,"['comedy', 'drama', 'fantasy', 'scifi', 'action']",['US'],3.0,tt1312171,8.0,230211.0,388.952,8.7,0.7096,0.0
tm29737,Rambo,MOVIE,governments fail act behalf captive missionaries exgreen beret john james rambo sets aside peaceful existence along salween river wartorn region thailand take action although hes still haunted violent memories time us soldier vietnam war rambo hardly turn back aid workers desperately need help,2008,R,92,"['action', 'thriller', 'war', 'european']","['DE', 'US']",0.0,tt0462499,7.0,230333.0,72.224,6.6,-0.9022,0.0
ts58433,The Haunting Hill House,SHOW,crains fractured family confront haunting memories old home terrifying events drove,2018,TV-MA,58,"['thriller', 'drama', 'horror']",['US'],1.0,tt6763664,8.6,231950.0,50.336,8.1,-0.7579,-0.2732
tm2386,A Nightmare Elm Street,MOVIE,teenagers small town dropping like flies apparently grip mass hysteria causing suicides cops daughter nancy thompson traces cause child molester fred krueger burned alive angry parents many years krueger come back dreams killers children claiming lives revenge nancy boyfriend glen must devise plan lure monster realm nightmares real world,1984,R,91,['horror'],"['GB', 'US']",0.0,tt0087800,7.4,234068.0,48.358,7.3,-0.886,0.0
ts20660,Shameless,SHOW,chicagoan frank gallagher proud single dad six smart industrious independent kids without would perhaps better franks bar spending little money hes passed floor kids found ways grow spite may like family know make apologies exactly,2011,TV-MA,54,"['drama', 'comedy']",['US'],11.0,tt1586680,8.6,234232.0,252.934,8.112,0.3599,-0.34
tm150928,It Follows,MOVIE,carefree teenager jay sleeps older boyfriend first time learns latest recipient fatal curse passed victim victim via sexual intercourse death jay learns creep inexorably toward either friend stranger jays friends dont believe seemingly paranoid ravings begin see phantom assassins band together help defend,2014,R,101,"['horror', 'thriller']",['US'],0.0,tt3235888,6.8,236513.0,123.984,6.559,-0.3939,0.0
tm136808,Identity,MOVIE,complete strangers stranded remote desert motel raging storm soon find target deranged murderer numbers thin travelers begin turn tries figure killer,2003,R,90,['thriller'],['US'],0.0,tt0309698,7.3,240433.0,19.558,7.181,-0.9231,0.0
ts1639,The Blacklist,SHOW,raymond red reddington one fbis wanted fugitives surrenders person fbi headquarters washington dc claims fbi interests bringing dangerous criminals terrorists last two decades hes made list criminals terrorists matter fbi find know exist reddington calls blacklist reddington cooperate insists speak elizabeth keen rookie fbi profiler,2013,TV-14,43,"['thriller', 'drama', 'crime']",['US'],9.0,tt2741602,8.0,242640.0,227.557,7.6,-0.9442,0.0
tm74780,The Bucket List,MOVIE,corporate billionaire edward cole working class mechanic carter chambers worlds apart crossroads lives share hospital room discover two things common desire spend time left everything ever wanted unrealized need come terms together embark road trip lifetime becoming friends along way learning live life fullest insight humor,2007,PG-13,97,"['drama', 'comedy', 'european']",['US'],0.0,tt0825232,7.4,244028.0,22.0,7.2,0.8442,0.0
tm244259,Wind River,MOVIE,fbi agent teams towns veteran game tracker investigate murder occurred native american reservation,2017,R,107,"['thriller', 'crime', 'drama', 'western']","['FR', 'GB', 'US']",0.0,tt5362988,7.7,244463.0,26.743,7.427,-0.6908,0.0
ts8146,The 100,SHOW,100 years future earth abandoned due radioactivity last surviving humans live ark orbiting planet ark wont last forever repressive regime picks 100 expendable juvenile delinquents send earth see planet still habitable,2014,TV-14,42,"['scifi', 'drama', 'action']",['US'],7.0,tt2661044,7.6,245631.0,217.82,7.9,0.0608,0.0
tm40009,21,MOVIE,ben campbell young highly intelligent student mit boston strives succeed wanting scholarship transfer harvard school medicine desire become doctor ben learns afford 300000 four five years schooling comes poor workingclass background one evening ben introduced unorthodox math professor micky rosa small secretive club five students jill choi kianna fisher trained professor rosa skill card counting blackjack,2008,PG-13,123,"['crime', 'drama', 'history', 'thriller']",['US'],0.0,tt0478087,6.8,249016.0,27.013,6.7,0.7264,0.0
tm143085,Chappie,MOVIE,every child comes world full promise none chappie gifted special prodigy like child chappie come influence surroundingssome good badand rely heart soul find way world become man theres one thing makes chappie different one else robot,2015,R,120,"['crime', 'action', 'scifi', 'drama', 'thriller']","['MX', 'ZA', 'US']",0.0,tt1823672,6.8,249345.0,117.369,6.8,0.6643,0.0
tm93055,Grown Ups,MOVIE,high school basketball coach passes away five good friends former teammates reunite fourth july holiday weekend,2010,PG-13,102,"['comedy', 'drama', 'european']",['US'],0.0,tt1375670,5.9,249934.0,98.37,6.333,0.8271,0.0
ts82915,Sex Education,SHOW,inexperienced otis channels sex therapist mom teams rebellious maeve set underground sex therapy clinic school,2019,TV-MA,52,"['drama', 'comedy']",['GB'],4.0,tt7767422,8.3,251168.0,273.962,8.358,-0.296,0.0
tm74848,Total Recall,MOVIE,welcome rekall company turn dreams real memories factory worker named douglas quaid even though hes got beautiful wife loves mindtrip sounds like perfect vacation frustrating life real memories life superspy might needs procedure goes horribly wrong quaid becomes hunted man finding run police controlled chancellor cohaagen leader free world quaid teams rebel fighter find head underground resistance stop cohaagen line fantasy reality gets blurred fate world hangs balance quaid discovers true identity true love true fate,2012,PG-13,118,"['scifi', 'thriller', 'action', 'crime']","['CA', 'US']",0.0,tt1386703,6.2,253352.0,51.651,5.967,0.9744,0.0
ts8308,Community,SHOW,follow lives group students possibly worlds worst community college fictional locale greendale colorado,2009,TV-PG,23,['comedy'],['US'],6.0,tt1439629,8.5,257221.0,42.357,8.0,-0.6249,0.0
tm35463,Blow,MOVIE,boy named george jung grows struggling family 1950s mother nags husband trying make living family finally revealed georges father make living family goes bankrupt george want thing happen friend tuna 1960s suggests deal marijuana big hit california 1960s yet goes jail finds wonders cocaine result released gets rich bringing cocaine america however soon pays price,2001,R,124,"['crime', 'drama']",['US'],0.0,tt0221027,7.5,258431.0,24.348,7.4,-0.1027,0.0
tm167232,Unknown,MOVIE,man awakens coma discover someone taken identity one even wife believes help young woman sets prove,2011,PG-13,113,"['thriller', 'action', 'european']","['GB', 'FR', 'DE']",0.0,tt1401152,6.8,260783.0,63.884,6.7,0.4019,0.0
ts42405,Mindhunter,SHOW,agent fbis elite serial crime unit develops profiling techniques pursues notorious serial killers rapists,2017,TV-MA,53,"['drama', 'crime', 'thriller']",['US'],2.0,tt5290382,8.6,261429.0,37.904,8.0,-0.9432,0.0
tm191013,Boogie Nights,MOVIE,set 1977 back sex safe pleasure business business booming idealistic porn producer jack horner aspires elevate craft art form horner discovers eddie adams hot young talent working busboy nightclub welcomes extended family moviemakers misfits hangerson always around adams rise nobody celebrity adult entertainer meteoric soon whole world seems know porn alter ego dirk diggler disco drugs vogue fashion flux party never seems stop adams dreams turning sex stardom collide cold hard reality,1997,R,156,['drama'],['US'],0.0,tt0118749,7.9,261563.0,20.436,7.6,0.9686,0.0
tm404856,Red Notice,MOVIE,interpolissued red notice global alert hunt capture worlds wanted daring heist brings together fbis top profiler two rival criminals theres telling happen,2021,PG-13,117,"['thriller', 'action', 'comedy', 'crime']",['US'],0.0,tt7991608,6.3,264194.0,311.673,6.775,0.2023,0.0
tm138297,The Conjuring 2,MOVIE,new line cinemas supernatural thriller conjuring 2 james wan furious 7 helm following recordbreaking success conjuring brings screen another real case files renowned demonologists ed lorraine warren reprising roles oscar nominee vera farmiga air tvs bates motel patrick wilson insidious films star lorraine ed warren one terrifying paranormal investigations travel north london help single mother raising four children alone house plagued malicious spirits,2016,R,134,"['horror', 'thriller', 'drama']",['US'],0.0,tt3065204,7.3,264195.0,171.724,7.283,-0.3818,0.0
tm239727,Nocturnal Animals,MOVIE,susan morrow receives book manuscript exhusband man left 20 years earlier asking opinion writing reads drawn fictional life tony hastings mathematics professor whose family vacation turns violent,2016,R,117,"['thriller', 'drama']",['US'],0.0,tt4550098,7.5,264884.0,24.273,7.5,-0.5994,0.0
tm105329,Road Perdition,MOVIE,mike sullivan works hit man crime boss john rooney sullivan views rooney father figure however son witness killing mike sullivan finds run attempt save life son time looking revenge wronged,2002,R,117,"['thriller', 'documentation', 'drama', 'crime']",['US'],0.0,tt0257044,7.7,265216.0,18.739,7.4,-0.9001,0.0
tm39896,Dark Shadows,MOVIE,vampire barnabas collins inadvertently freed tomb emerges changed world 1972 returns collinwood manor find oncegrand estate family fallen ruin,2012,PG-13,113,"['comedy', 'fantasy', 'horror']",['US'],0.0,tt1077368,6.2,265626.0,48.204,6.0,-0.5574,0.0
tm182429,Olympus Has Fallen,MOVIE,white house secret service code olympus captured terrorist mastermind president kidnapped disgraced former presidential guard mike banning finds trapped within building national security team scrambles respond forced rely bannings inside knowledge help retake white house save president avert even bigger disaster,2013,R,120,"['action', 'thriller', 'drama']",['US'],0.0,tt2302755,6.5,274270.0,55.607,6.4,-0.9118,-0.3612
tm171885,Kung Fu Panda 2,MOVIE,po living dream dragon warrior protecting valley peace alongside friends fellow kung fu masters furious five tigress crane mantis viper monkey pos new life awesomeness threatened emergence formidable villain plans use secret unstoppable weapon conquer china destroy kung fu po furious five journey across china face threat vanquish po stop weapon stop kung fu must look past uncover secrets mysterious origins able unlock strength needs succeed,2011,PG,90,"['animation', 'family', 'comedy', 'fantasy', 'drama', 'action']",['US'],0.0,tt1302011,7.2,280433.0,69.551,6.9,-0.9914,-0.6908
ts42294,13 Reasons Why,SHOW,teenage girls perplexing suicide classmate receives series tapes unravel mystery tragic choice,2017,TV-MA,58,"['drama', 'thriller']",['US'],4.0,tt1837492,7.5,286015.0,80.574,7.748,-0.8176,0.0
tm192037,Starship Troopers,MOVIE,set future story follows young soldier named johnny rico exploits mobile infantry ricos military career progresses recruit noncommissioned officer finally officer backdrop interstellar war mankind arachnoid species known bugs,1997,R,129,"['scifi', 'action', 'thriller']",['US'],0.0,tt0120201,7.3,291452.0,29.5,6.993,-0.743,0.0
tm61801,Zero Dark Thirty,MOVIE,chronicle decadelong hunt alqaeda terrorist leader osama bin laden september 2001 attacks death hands navy seal team 6 may 2011,2012,R,157,"['thriller', 'drama', 'history', 'war']",['US'],0.0,tt1790885,7.4,296416.0,24.241,7.0,-0.91,0.0
ts20823,Orange Is New Black,SHOW,crime committed youthful past sends piper chapman womens prison trades comfortable new york life one unexpected camaraderie conflict eccentric group fellow inmates,2013,TV-MA,59,"['drama', 'comedy', 'crime']",['US'],7.0,tt2372162,8.1,298009.0,87.316,7.7,-0.34,0.0
tm403709,Marriage Story,MOVIE,stage director actress struggle grueling coasttocoast divorce pushes personal extremes,2019,R,136,"['drama', 'romance', 'comedy']",['GB'],0.0,tt7653254,7.9,298303.0,28.268,7.8,-0.3182,0.0
ts21469,Grey 's Anatomy,SHOW,follows personal professional lives group doctors seattles grey sloan memorial hospital,2005,TV-14,49,"['drama', 'romance']",['US'],19.0,tt0413573,7.6,299165.0,803.786,8.252,0.0516,0.0516
ts17156,Arrested Development,SHOW,story wealthy family lost everything one son choice keep together,2003,TV-MA,28,['comedy'],['US'],5.0,tt0367279,8.7,300445.0,30.131,8.043,0.0516,-0.4767
ts53864,Ozark,SHOW,financial adviser drags family chicago missouri ozarks must launder 500 million five years appease drug boss,2017,TV-MA,60,"['drama', 'crime', 'thriller']",['US'],4.0,tt5071412,8.5,300454.0,146.805,8.245,0.1027,0.0
tm192405,Gattaca,MOVIE,future society era indefinite eugenics humans set life course depending dna young vincent freeman born condition would prevent space travel yet determined infiltrate gattaca space program,1997,PG-13,106,"['scifi', 'thriller', 'romance', 'drama']",['US'],0.0,tt0119177,7.8,300701.0,17.789,7.553,0.6369,0.0
tm131038,Public Enemies,MOVIE,depressionera bank robber john dillingers charm audacity endear much americas downtrodden public hes also thorn side j edgar hoover fledgling fbi desperate capture elusive outlaw hoover makes dillinger first public enemy number one assigns top agent melvin purvis task bringing dead alive,2009,R,140,"['action', 'crime', 'drama', 'history', 'european']","['US', 'JP']",0.0,tt1152836,7.0,300773.0,85.039,6.7,-0.8074,-0.4939
tm158304,Contagion,MOVIE,epidemic lethal airborne virus kills within days rapidly grows worldwide medical community races find cure control panic spreads faster virus,2011,PG-13,106,"['drama', 'thriller', 'scifi', 'action']","['AE', 'US']",0.0,tt1598778,6.8,301531.0,33.992,6.6,-0.7783,-0.4588
ts3371,Avatar : The Last Airbender,SHOW,wartorn world elemental magic young boy reawakens undertake dangerous mystic quest fulfill destiny avatar bring peace world,2005,TV-Y7,24,"['scifi', 'animation', 'action', 'family', 'fantasy']",['US'],3.0,tt0417299,9.3,303666.0,56.915,8.7,0.5106,0.0
tm88465,Insidious,MOVIE,family discovers dark spirits invaded home son inexplicably falls endless sleep reach professional help learn things lot personal thought,2010,PG-13,103,"['horror', 'thriller']","['CA', 'US']",0.0,tt1591095,6.8,303820.0,99.129,6.929,0.4215,0.0
tm191989,Donnie Brasco,MOVIE,fbi undercover agent infilitrates mob finds identifying mafia life expense regular one,1997,R,127,"['drama', 'thriller', 'crime']",['US'],0.0,tt0119008,7.7,303868.0,22.225,7.5,0.0,0.0
tm74402,The Mist,MOVIE,violent storm dense cloud mist envelops small maine town trapping artist david drayton fiveyearold son local grocery store people soon discover mist conceals deadly horrors threaten lives worse sanity,2007,R,126,"['horror', 'scifi', 'thriller']",['US'],0.0,tt0884328,7.1,305346.0,37.369,6.9,-0.9231,0.0
ts20681,Seinfeld,SHOW,standup comedian three offbeat friends weather pitfalls payoffs life new york city 90s show nothing,1989,TV-PG,24,['comedy'],['US'],9.0,tt0098904,8.9,308824.0,130.213,8.301,0.6908,0.0
ts11313,DEATH NOTE,SHOW,light yagami ace student great prospectsand hes bored mind changes finds death note notebook dropped rogue shinigami death god human whose name written notebook dies light vowed use power death note rid world evil light succeed noble goal death note turn thing fights,2006,TV-14,24,"['animation', 'thriller', 'scifi', 'drama', 'fantasy', 'crime']",['JP'],1.0,tt0877057,9.0,309445.0,120.545,8.664,-0.9246,-0.5994
ts36147,Lucifer,SHOW,bored unhappy lord hell lucifer morningstar abandoned throne retired los angeles teamed lapd detective chloe decker take criminals longer hes away underworld greater threat worst humanity could escape,2016,TV-14,47,"['scifi', 'crime', 'drama', 'fantasy']",['US'],6.0,tt4052886,8.1,313124.0,922.112,8.523,-0.9661,0.0
ts21247,The Vampire Diaries,SHOW,story two vampire brothers obsessed girl bears striking resemblance beautiful ruthless vampire knew loved 1864,2009,TV-14,42,"['drama', 'scifi', 'horror', 'romance', 'thriller', 'fantasy']",['US'],8.0,tt1405406,7.7,314422.0,479.354,8.348,0.7964,0.0
tm95252,The Book Eli,MOVIE,postapocalyptic tale lone man fights way across america order protect sacred book holds secrets saving humankind,2010,R,118,"['scifi', 'action', 'thriller', 'drama', 'european']",['US'],0.0,tt1037705,6.8,314920.0,30.476,6.8,-0.296,0.0
ts20682,Attack Titan,SHOW,several hundred years ago humans nearly exterminated titans titans typically several stories tall seem intelligence devour human beings worst seem pleasure rather food source small percentage humanity survived walling city protected extremely high walls even taller biggest titans flash forward present city seen titan 100 years teenage boy eren foster sister mikasa witness something horrific city walls destroyed colossal titan appears thin air smaller titans flood city two kids watch horror mother eaten alive eren vows murder every single titan take revenge mankind,2013,TV-MA,24,"['action', 'scifi', 'animation', 'horror', 'drama', 'fantasy']",['JP'],4.0,tt2560140,9.0,325381.0,85.661,8.6,-0.872,-0.4767
tm441050,The Gentlemen,MOVIE,american expat mickey pearson built highly profitable marijuana empire london word gets hes looking cash business forever triggers plots schemes bribery blackmail attempt steal domain,2019,R,113,"['crime', 'action', 'comedy']","['US', 'GB']",0.0,tt8367814,7.8,325385.0,67.919,7.687,-0.0018,0.0
tm32982,Les Misérables,MOVIE,adaptation successful stage musical based victor hugos classic novel set 19thcentury france paroled prisoner named jean valjean seeks redemption,2012,PG-13,158,"['drama', 'history', 'romance', 'war']","['US', 'GB']",0.0,tt1707386,7.5,327017.0,21.858,7.3,0.3818,0.0
tm133374,The Blind Side,MOVIE,story michael oher homeless traumatized boy became american football player first round nfl draft pick help caring woman family,2009,PG-13,129,"['drama', 'sport']",['US'],0.0,tt0878804,7.6,327675.0,63.663,7.661,0.4939,-0.4019
tm134967,How Train Your Dragon 2,MOVIE,five years passed since hiccup toothless united dragons vikings berk spend time charting unmapped territories one adventures pair discover secret cave houses hundreds wild dragons mysterious dragon rider turns hiccups mother valka hiccup toothless find center battle protect berk powerhungry warrior named drago,2014,PG,102,"['action', 'animation', 'comedy', 'family', 'fantasy']",['US'],0.0,tt1646971,7.8,330975.0,134.7,7.67,0.1027,0.0
tm374132,Bird Box,MOVIE,five years ominous unseen presence drives society suicide survivor two children make desperate bid reach safety,2018,R,124,"['thriller', 'drama', 'scifi', 'horror']",['US'],0.0,tt2737304,6.6,331070.0,47.18,6.9,-0.5859,0.0
tm27395,Mission : Impossible II,MOVIE,computer genius luther stickell side beautiful thief mind agent ethan hunt races across australia spain stop former imf agent unleashing genetically engineered biological weapon called chimera mission hunt choose accept plunges center international crisis terrifying magnitude,2000,PG-13,123,"['thriller', 'action']",['US'],0.0,tt0120755,6.1,337987.0,29.392,6.1,-0.8442,0.0
tm90864,Due Date,MOVIE,peter highman must scramble across us five days present birth first child gets bad start wallet luggage stolen put nofly list peter embarks terrifying journey accepts ride actor,2010,R,95,"['comedy', 'drama']",['US'],0.0,tt1231583,6.5,341390.0,36.06,6.3,-0.8442,0.0
ts11188,The Flash,SHOW,particle accelerator causes freak storm csi investigator barry allen struck lightning falls coma months later awakens power super speed granting ability move central city like unseen guardian angel though initially excited newfound powers barry shocked discover metahuman created wake accelerator explosion everyone using new powers good barry partners star labs dedicates life protect innocent close friends associates know barry literally fastest man alive wont long world learns barry allen becomethe flash,2014,TV-14,42,"['drama', 'scifi', 'family', 'animation', 'action']",['US'],8.0,tt3107288,7.6,341393.0,537.156,7.8,0.9628,0.0
tm180542,Once Upon Time America,MOVIE,former prohibitionera jewish gangster returns lower east side manhattan thirty years later must confront ghosts regrets old life,1984,R,139,"['crime', 'drama', 'european']","['US', 'IT']",0.0,tt0087843,8.3,345714.0,28.937,8.453,-0.6597,0.0
tm80906,Anchorman : The Legend Ron Burgundy,MOVIE,1970s san diego anchorman ron burgundy top dog local tv thats change ambitious reporter veronica corningstone arrives new employee station,2004,PG-13,95,['comedy'],['US'],0.0,tt0357413,7.1,353118.0,20.606,6.7,0.5994,0.0
ts55668,Dark,SHOW,missing child causes four families help answers could imagine mystery would connected innumerable secrets small town,2017,TV-MA,56,"['scifi', 'crime', 'drama', 'thriller']",['DE'],3.0,tt5753856,8.7,363469.0,164.601,8.4,0.128,0.0
tm91952,Mean Girls,MOVIE,cady heron hit plastics alist girl clique new school makes mistake falling aaron samuels exboyfriend alpha plastic regina george,2004,PG-13,97,['comedy'],"['CA', 'US']",0.0,tt0377092,7.1,375975.0,57.235,7.2,-0.4404,0.0
tm244149,The Irishman,MOVIE,pennsylvania 1956 frank sheeran war veteran irish origin works truck driver accidentally meets mobster russell bufalino frank becomes trusted man bufalino sends chicago task helping jimmy hoffa powerful union leader related organized crime frank maintain close friendship nearly twenty years,2019,R,209,"['crime', 'drama', 'history', 'thriller']",['US'],0.0,tt1302006,7.8,376379.0,21.075,7.6,0.0516,0.0
tm113513,Dumb Dumber,MOVIE,lloyd harry two men whose stupidity really indescribable mary beautiful woman loses important suitcase money leaves aspen two friends found suitcase decide return adventures finally get aspen using lost money live fight marys heart,1994,PG-13,107,['comedy'],['US'],0.0,tt0109686,7.3,379999.0,31.852,6.6,0.3321,-0.7003
tm42877,Wanted,MOVIE,doormat wesley gibson discovers recently murdered father wesley never knew belonged secret guild assassins leatherclad sexpot drafts wesley society hones innate killing skills turns avenger,2008,R,110,"['action', 'thriller', 'crime', 'fantasy']","['DE', 'US']",0.0,tt0493464,6.7,384995.0,33.101,6.5,-0.8689,0.0
tm142564,3 Idiots,MOVIE,rascal joker dreamer genius youve never met college student quite like rancho moment arrives indias prestigious university ranchos outlandish schemes turn campus upside downalong lives two newfound best friends together make life miserable virus schools uptight heartless dean rancho catches eye deans sexy daughter virus sets sights flunking 3 idiots,2009,PG-13,170,"['drama', 'comedy']",['IN'],0.0,tt1187043,8.4,390739.0,44.999,8.0,0.5413,0.0
tm70993,Life Brian,MOVIE,brian cohen average young jewish man series ridiculous events gains reputation messiah hes dodging followers scolded shrill mother hapless brian contend pompous pontius pilate acronymobsessed members separatist movement rife monty pythons signature absurdity tale finds brians life paralleling biblical lore albeit many laughs,1979,R,94,['comedy'],['GB'],0.0,tt0079470,8.0,395024.0,17.77,7.8,0.128,0.0
ts36631,Narcos,SHOW,gritty chronicle war colombias infamously violent powerful drug cartels,2015,TV-MA,52,"['drama', 'thriller', 'crime']",['US'],3.0,tt2707408,8.8,410463.0,75.495,7.973,-0.7184,0.0
ts89259,The Queen 's Gambit,SHOW,kentucky orphanage 1950s young girl discovers astonishing talent chess struggling addiction,2020,TV-MA,56,"['drama', 'sport']",['US'],1.0,tt10048342,8.6,420100.0,82.702,8.624,0.0,0.0
tm107744,Mission : Impossible,MOVIE,ethan hunt leader crack espionage team whose perilous operation gone awry explanation discovers mole penetrated cia hes surprised learn hes 1 suspect clear name hunt must ferret real double agent process even score,1996,PG-13,110,"['thriller', 'action']",['US'],0.0,tt0117060,7.1,420673.0,41.115,6.9,0.3182,0.0
ts220305,Squid Game,SHOW,hundreds cashstrapped players accept strange invitation compete childrens gameswith high stakes tempting prize awaits victor,2021,TV-MA,55,"['action', 'thriller', 'drama']",['KR'],2.0,tt10919420,8.0,426967.0,361.925,7.821,0.6597,0.0
ts17598,Arrow,SHOW,spoiled billionaire playboy oliver queen missing presumed dead yacht lost sea returns five years later changed man determined clean city hooded vigilante armed bow,2012,TV-14,42,"['action', 'crime', 'drama', 'thriller', 'scifi']",['US'],8.0,tt2193021,7.5,427871.0,122.099,6.7,-0.5719,0.0
ts21465,Supernatural,SHOW,boys sam dean winchester lost mother mysterious demonic supernatural force subsequently father raised soldiers taught paranormal evil lives dark corners back roads america taught kill winchester brothers crisscross country 67 chevy impala battling every kind supernatural threat encounter along way,2005,TV-14,45,"['scifi', 'horror', 'thriller', 'drama', 'fantasy']",['US'],15.0,tt0460681,8.4,434081.0,388.093,8.278,-0.926,0.0
tm139658,Big Fish,MOVIE,throughout life edward bloom always man big appetites enormous passions tall tales later years remains huge mystery son william get know real man begins piecing together true picture father flashbacks amazing adventures,2003,PG-13,125,"['action', 'fantasy', 'drama', 'romance']",['US'],0.0,tt0319061,8.0,437650.0,21.158,7.769,0.926,0.0
ts8,Better Call Saul,SHOW,six years saul goodman meets walter white meet man become saul goodman known jimmy mcgill smalltime lawyer searching destiny immediately hustling make ends meet working alongside often jimmy fixer mike ehrmantraut series tracks jimmys transformation saul goodman man puts criminal criminal lawyer,2015,TV-MA,49,"['drama', 'crime']",['US'],6.0,tt3032476,8.8,438575.0,273.296,8.5,-0.7783,0.4404
tm89677,The Terminal,MOVIE,viktor navorski man without country plane took coup detat exploded homeland leaving shambles hes stranded kennedy airport hes holding passport nobody recognizes quarantined transit lounge authorities figure viktor simply goes living courts romance beautiful flight attendant,2004,PG-13,128,"['drama', 'comedy', 'romance']",['US'],0.0,tt0362227,7.4,441752.0,21.384,7.3,0.8176,0.0
tm172683,War Worlds,MOVIE,ray ferrier divorced dockworker lessthanperfect father soon exwife new husband drop teenage son young daughter rare weekend visit strange powerful lightning storm touches,2005,PG-13,117,"['action', 'thriller', 'scifi']",['US'],0.0,tt0407304,6.5,444229.0,36.989,6.474,-0.0258,-0.5994
tm26897,Quantum Solace,MOVIE,quantum solace continues adventures james bond casino royale betrayed vesper woman loved 007 fights urge make latest mission personal pursuing determination uncover truth bond interrogate mr white reveals organization blackmailed vesper far complex dangerous anyone imagined,2008,PG-13,106,"['thriller', 'action']","['GB', 'US']",0.0,tt0830515,6.6,444241.0,31.298,6.304,0.128,0.0
tm26327,The Hurt Locker,MOVIE,iraq war sergeant recently assigned army bomb squad put odds squad mates due maverick way handling work,2008,R,131,"['thriller', 'drama', 'war']",['US'],0.0,tt0887912,7.5,446904.0,28.341,7.3,-0.7964,-0.5267
tm178201,Sherlock Holmes : A Game Shadows,MOVIE,new criminal mastermind large professor moriarty holmes intellectual equal capacity evil lack conscience may give advantage detective,2011,PG-13,129,"['action', 'crime', 'thriller']","['GB', 'US']",0.0,tt1515091,7.4,449965.0,51.119,7.1,-0.7003,0.0
tm176864,Rush,MOVIE,biographical drama centered rivalry formula 1 drivers james hunt niki lauda 1976 formula one motorracing season,2013,R,123,"['drama', 'action', 'sport', 'european']","['US', 'DE', 'GB']",0.0,tt1979320,8.1,471586.0,29.759,7.7,0.0,0.0
ts57327,The Witcher,SHOW,geralt rivia mutated monsterhunter hire journeys toward destiny turbulent world people often prove wicked beasts,2019,TV-MA,58,"['scifi', 'action', 'horror', 'drama', 'fantasy']",['US'],2.0,tt5180504,8.2,472202.0,101.869,8.244,-0.5267,0.0
tm133767,Love Actually,MOVIE,love actually follows lives eight different couples dealing love lives various loosely interrelated tales set frantic month christmas london england,2003,R,135,"['drama', 'comedy', 'romance']","['GB', 'US']",0.0,tt0314331,7.6,476101.0,36.484,7.1,0.7579,0.6369
tm30603,Hancock,MOVIE,hancock downandout superhero whos forced employ pr expert help repair image public grows weary damage hes inflicted lifesaving heroics agents idea imprisoning antihero make world miss proves successful hancock stick new sense purpose slip back old habits,2008,PG-13,92,"['fantasy', 'action', 'crime', 'drama']",['US'],0.0,tt0448157,6.4,476593.0,121.985,6.33,0.25,0.0
tm166978,Mission : Impossible - Ghost Protocol,MOVIE,ethan hunt team racing time track dangerous terrorist named hendricks gained access russian nuclear launch codes planning strike united states attempt stop ends explosion causing severe destruction kremlin imf implicated bombing forcing president disavow longer aided government ethan team chase hendricks around globe although might still late stop disaster,2011,PG-13,132,"['thriller', 'action']",['US'],0.0,tt1229238,7.4,485301.0,76.839,7.0,-0.9565,-0.3182
tm160621,The Conjuring,MOVIE,paranormal investigators ed lorraine warren work help family terrorized dark presence farmhouse forced confront powerful entity warrens find caught terrifying case lives,2013,R,112,"['horror', 'thriller']",['US'],0.0,tt1457767,7.5,496484.0,221.925,7.533,-0.7906,0.0
ts6,House Cards,SHOW,set present day washington dc house cards story frank underwood ruthless cunning politician wife claire stop nothing conquer everything wicked political drama penetrates shadowy world greed sex corruption modern dc,2013,TV-MA,52,['drama'],['US'],6.0,tt1856010,8.7,497650.0,33.936,8.1,-0.2787,0.0
tm20959,The Pursuit Happyness,MOVIE,struggling salesman takes custody son hes poised begin lifechanging professional career,2006,PG-13,117,"['drama', 'european']",['US'],0.0,tt0454921,8.0,501457.0,47.893,7.9,-0.2023,0.0
ts20110,Peaky Blinders,SHOW,gangster family epic set 1919 birmingham england centered gang sew razor blades peaks caps fierce boss tommy shelby means move world,2013,TV-MA,58,"['crime', 'drama', 'european']",['GB'],6.0,tt2442560,8.8,511668.0,1038.077,8.558,0.0,0.0
tm856378,Do n't Look Up,MOVIE,two american astronomers attempt warn humankind approaching comet wipe life planet earth,2021,R,138,"['comedy', 'drama', 'scifi']",['US'],0.0,tt11286314,7.2,515337.0,120.874,7.208,-0.1027,0.0
ts278,Black Mirror,SHOW,contemporary british reworking twilight zone stories tap collective unease modern world last ten years technology transformed almost every aspect lives weve time stop question every home every desk every palm plasma screen monitor smartphone black mirror 21st century existence,2011,TV-MA,59,"['drama', 'scifi', 'thriller', 'european']",['GB'],5.0,tt2085059,8.8,526383.0,90.552,8.3,-0.5994,0.0
tm95477,Troy,MOVIE,year 1250 bc late bronze age two emerging nations begin clash paris trojan prince convinces helen queen sparta leave husband menelaus sail back troy menelaus finds wife taken trojans asks brother agamemnom help get back agamemnon sees opportunity power set 1000 ships holding 50000 greeks troy help achilles greeks able fight never defeated trojans,2004,R,163,"['action', 'history', 'war', 'drama', 'european']","['MT', 'GB', 'US']",0.0,tt0332452,7.3,527447.0,48.407,7.1,0.825,0.0
tm244208,It,MOVIE,small town maine seven children known losers club come face face life problems bullies monster takes shape clown called pennywise,2017,R,135,"['horror', 'fantasy', 'thriller']",['US'],0.0,tt1396484,7.3,527626.0,95.827,7.234,-0.7269,0.0
tm151663,Nightcrawler,MOVIE,lou bloom desperate work muscles world la crime journalism blurs line observer participant become star story aiding effort nina tvnews veteran,2014,R,118,"['thriller', 'crime', 'drama']",['US'],0.0,tt2872718,7.8,531779.0,57.276,7.7,-0.7003,0.0
tm127384,Monty Python Holy Grail,MOVIE,king arthur accompanied squire recruits knights round table including sir bedevere wise sir lancelot brave sir robin notquitesobraveassirlancelot sir galahad pure way arthur battles black knight despite limbs chopped insists still fight reach camelot arthur decides enter silly place,1975,PG,91,"['fantasy', 'action', 'comedy']",['GB'],0.0,tt0071853,8.2,534486.0,15.461,7.811,0.3612,0.0
tm32919,Blood Diamond,MOVIE,exmercenary turned smuggler mende fisherman amid explosive civil war overtaking 1999 sierra leone men join two desperate missions recovering rare pink diamond immense value rescuing fishermans son conscripted child soldier brutal rebel forces ripping swath torture bloodshed countrywide,2006,R,143,"['drama', 'thriller', 'action']","['DE', 'US']",0.0,tt0450259,8.0,541547.0,47.39,7.5,-0.9169,0.34
tm239091,Blade Runner 2049,MOVIE,thirty years events first film new blade runner lapd officer k unearths longburied secret potential plunge whats left society chaos ks discovery leads quest find rick deckard former lapd blade runner missing 30 years,2017,R,164,"['scifi', 'action', 'drama', 'thriller']","['CA', 'HU', 'MX', 'ES', 'GB', 'US']",0.0,tt1856101,8.0,549712.0,67.788,7.5,-0.7096,0.0
tm138905,The Hateful Eight,MOVIE,bounty hunters seek shelter raging blizzard get caught plot betrayal deception,2015,R,188,"['thriller', 'western', 'drama', 'crime']",['US'],0.0,tt3460252,7.8,570138.0,26.531,7.737,-0.8779,-0.4939
tm60292,Argo,MOVIE,iranian revolution reaches boiling point cia exfiltration specialist concocts risky plan free six americans found shelter home canadian ambassador,2012,R,120,"['thriller', 'drama']","['GB', 'US']",0.0,tt1024648,7.7,600392.0,18.069,7.3,0.4019,0.0
tm232797,Dunkirk,MOVIE,story miraculous evacuation allied soldiers belgium britain canada france cut surrounded german army beaches harbour dunkirk may 26th june 4th 1940 world war ii,2017,PG-13,107,"['drama', 'war', 'action', 'thriller', 'history', 'european']","['FR', 'NL', 'GB', 'US']",0.0,tt5013758,7.8,619645.0,36.684,7.5,-0.7184,0.0
tm154187,Sherlock Holmes,MOVIE,eccentric consulting detective sherlock holmes doctor john watson battle bring new nemesis unravel deadly plot could destroy england,2009,PG-13,129,"['crime', 'thriller', 'action']","['AU', 'DE', 'GB', 'US']",0.0,tt0988045,7.6,625708.0,43.297,7.2,-0.7269,0.0
tm44730,The Amazing Spider-Man,MOVIE,peter parker outcast high schooler abandoned parents boy leaving raised uncle ben aunt may like teenagers peter trying figure got person today peter discovers mysterious briefcase belonged father begins quest understand parents disappearance leading directly oscorp lab dr curt connors fathers former partner spiderman set collision course connors alter ego lizard peter make lifealtering choices use powers shape destiny become hero,2012,PG-13,136,"['action', 'fantasy', 'scifi']",['US'],0.0,tt0948470,6.9,646119.0,159.056,6.7,0.1531,0.5859
tm22327,Full Metal Jacket,MOVIE,pragmatic us marine observes dehumanizing effects usvietnam war fellow recruits brutal boot camp training bloody street fighting hue,1987,R,117,"['war', 'drama']","['US', 'GB']",0.0,tt0093058,8.3,729274.0,32.937,8.1,-0.9501,0.0
tm70807,I Am Legend,MOVIE,robert neville scientist unable stop spread terrible virus incurable manmade immune neville last human survivor left new york city perhaps world three years neville faithfully sent daily radio messages desperate find survivors might alone,2007,PG-13,101,"['scifi', 'thriller', 'action', 'drama']",['US'],0.0,tt0480249,7.2,745093.0,69.139,7.192,-0.2732,0.0
tm140877,The Imitation Game,MOVIE,based real life story legendary cryptanalyst alan turing film portrays nailbiting race time turing brilliant team codebreakers britains topsecret government code cypher school bletchley park darkest days world war ii,2014,PG-13,113,"['thriller', 'drama', 'war']","['GB', 'US']",0.0,tt2084970,8.0,756254.0,49.673,8.0,-0.5106,0.0
tm84618,Taxi Driver,MOVIE,mentally unstable vietnam war veteran works nighttime taxi driver new york city perceived decadence sleaze feed urge violent action,1976,R,114,"['drama', 'crime']",['US'],0.0,tt0075314,8.2,808582.0,40.965,8.179,-0.8834,0.0
tm25947,Snatch,MOVIE,unscrupulous boxing promoters violent bookmakers russian gangster incompetent amateur robbers supposedly jewish jewelers fight track priceless stolen diamond,2000,R,103,"['crime', 'comedy']","['US', 'GB']",0.0,tt0208092,8.3,841435.0,25.203,7.8,-0.886,0.0
tm111828,Catch Me If You Can,MOVIE,true story frank abagnale jr 19th birthday successfully conned millions dollars worth checks pan pilot doctor legal prosecutor fbi agent makes mission put behind bars frank eludes capture revels pursuit,2002,PG-13,141,"['drama', 'crime']",['US'],0.0,tt0264464,8.1,952602.0,72.321,8.0,0.8126,0.0
ts9,The Walking Dead,SHOW,sheriffs deputy rick grimes awakens coma find postapocalyptic world dominated flesheating zombies sets find family encounters many survivors along way,2010,TV-MA,46,"['action', 'drama', 'scifi', 'horror', 'thriller']",['US'],11.0,tt1520211,8.2,956604.0,597.277,8.1,-0.25,-0.6486
ts38796,Stranger Things,SHOW,young boy vanishes small town uncovers mystery involving secret experiments terrifying supernatural forces one strange little girl,2016,TV-14,61,"['scifi', 'thriller', 'drama', 'fantasy', 'horror']",['US'],5.0,tt4574334,8.7,1101055.0,2226.231,8.635,-0.6705,0.0
tm155787,GoodFellas,MOVIE,true story henry hill halfirish halfsicilian brooklyn kid adopted neighbourhood gangsters early age climbs ranks mafia family guidance jimmy conway,1990,R,145,"['drama', 'crime']",['US'],0.0,tt0099685,8.7,1131681.0,50.387,8.463,0.4215,0.0
tm116655,Léon : The Professional,MOVIE,lon top hit man new york earned rep effective cleaner nextdoor neighbors wiped loosecannon dea agent becomes unwilling custodian 12yearold mathilda long mathildas thoughts turn revenge considers following lons footsteps,1994,R,111,"['crime', 'drama', 'action', 'thriller', 'european']","['US', 'FR']",0.0,tt0110413,8.5,1137357.0,51.406,8.323,0.296,0.0
tm191110,Titanic,MOVIE,101yearold rose dewitt bukater tells story life aboard titanic 84 years later young rose boards ship mother fianc meanwhile jack dawson fabrizio de rossi win thirdclass tickets aboard ship rose tells whole story titanics departure deathon first last voyageon april 15 1912,1997,PG-13,194,"['drama', 'romance']",['US'],0.0,tt0120338,7.9,1146825.0,155.683,7.878,0.6124,0.0
tm27911,The Departed,MOVIE,take south bostons irish mafia police send one infiltrate underworld realizing syndicate done likewise undercover cop curries favor mob kingpin career criminal rises police ranks sides soon discover theres mole among,2006,R,151,"['drama', 'thriller', 'crime', 'action']",['US'],0.0,tt0407887,8.5,1296244.0,33.795,8.2,-0.1779,0.0
tm41792,Django Unchained,MOVIE,help german bounty hunter freed slave sets rescue wife brutal mississippi plantation owner,2012,R,165,"['western', 'drama']",['US'],0.0,tt1853728,8.4,1472668.0,66.924,8.15,0.5574,0.0
tm15897,Se7en,MOVIE,two homicide detectives desperate hunt serial killer whose crimes based seven deadly sins dark haunting film takes viewers tortured remains one victim next seasoned det sommerset researches sin effort get inside killers mind novice partner mills scoffs efforts unravel case,1995,R,127,"['crime', 'thriller', 'drama']",['US'],0.0,tt0114369,8.6,1606270.0,51.633,8.352,-0.9758,0.0
tm39888,The Dark Knight Rises,MOVIE,following death district attorney harvey dent batman assumes responsibility dents crimes protect late attorneys reputation subsequently hunted gotham city police department eight years later batman encounters mysterious selina kyle villainous bane new terrorist leader overwhelms gothams finest dark knight resurfaces protect city branded enemy,2012,PG-13,165,"['thriller', 'action', 'drama', 'crime']",['US'],0.0,tt1345836,8.4,1669067.0,91.76,7.768,-0.9136,0.0
ts4,Breaking Bad,SHOW,walter white new mexico chemistry teacher diagnosed stage iii cancer given prognosis two years left live becomes filled sense fearlessness unrelenting desire secure familys financial future cost enters dangerous world drugs crime,2008,TV-MA,48,"['drama', 'crime', 'thriller']",['US'],5.0,tt0903747,9.5,1775990.0,353.848,8.79,-0.7003,-0.5423
tm122434,Forrest Gump,MOVIE,man low iq accomplished great things life present significant historic eventsin case far exceeding anyone imagined could despite achieved one true love eludes,1994,PG-13,142,"['drama', 'romance']",['US'],0.0,tt0109830,8.8,2021343.0,63.449,8.478,0.8614,0.0
tm92641,Inception,MOVIE,cobb skilled thief commits corporate espionage infiltrating subconscious targets offered chance regain old life payment task considered impossible inception implantation another persons idea targets subconscious,2010,PG-13,148,"['action', 'scifi', 'music', 'thriller']","['US', 'GB']",0.0,tt1375666,8.8,2294231.0,108.284,8.4,-0.3182,0.0
