id,title,type,description,release_year,age_certification,runtime,genres,production_countries,seasons,imdb_id,imdb_score,imdb_votes,tmdb_popularity,tmdb_score,sentiment_score_description,sentiment_score_titles
ts22164,Monty Python 's Flying Circus,SHOW,british sketch comedy series shows composed surreality risqu innuendoladen humour sight gags observational sketches without punchlines,1969,TV-14,30,"['comedy', 'european']",['GB'],4.0,tt0063929,8.8,73424.0,17.617,8.306,0.6808,0.0
ts45948,Monty Python 's Fliegender Zirkus,SHOW,monty pythons fliegender zirkus consisted two 45minute monty python german television comedy specials produced wdr west german television two episodes first broadcast january december 1972 shot entirely film mostly location bavaria first episode recorded german second recorded english dubbed german,1972,TV-MA,43,['comedy'],[],1.0,tt0202477,8.1,2151.0,1.487,7.0,0.3612,0.0
ts20681,Seinfeld,SHOW,standup comedian three offbeat friends weather pitfalls payoffs life new york city 90s show nothing,1989,TV-PG,24,['comedy'],['US'],9.0,tt0098904,8.9,308824.0,130.213,8.301,0.6908,0.0
ts22082,Knight Rider,SHOW,michael long undercover police officer shot investigating case left dead assailants rescued wilton knight wealthy dying millionaire inventor arranges lifesaving surgery including new face new identitythat michael knight michael given special computerized indestructible car called knight industries two thousand nicknamed kitt mission apprehend criminals beyond reach law series depicts michaels exploits kitt battle forces evil behalf foundation law government,1982,TV-PG,51,"['scifi', 'action', 'crime', 'drama']",['US'],4.0,tt0083437,6.9,34115.0,50.267,7.5,-0.8658,0.0
ts21715,Thomas & Friends,SHOW,thomas friends british childrens television series first broadcast itv network 4 september 1984 based railway series books reverend wilbert awdry son christopher awdry books deal adventures group anthropomorphised locomotives road vehicles live fictional island sodor books based stories wilbert told entertain son christopher recovery measles series one four many stories based events awdrys personal experience,1984,TV-Y,10,"['animation', 'family', 'comedy', 'fantasy', 'drama', 'action', 'music']",['GB'],24.0,tt0086815,6.5,5104.0,42.196,6.5,0.7783,0.4767
ts20678,Saved Bell,SHOW,lovable schemer zack morris leads pals adventures californias bayside high school friends navigate relationships final exams school dances breakups frequently frustrating principal mr richard belding best keep check,1989,TV-G,23,"['family', 'comedy', 'romance']",['US'],5.0,tt0096694,7.1,35034.0,19.855,8.0,0.8957,0.4215
ts25028,Wheel Fortune,SHOW,game show sees contestants solve word puzzles similar used hangman win cash prizes determined spinning giant carnival wheel,1983,TV-G,26,['family'],['US'],39.0,tt0072584,6.7,3145.0,5.935,6.8,0.875,0.0
ts23753,Major Dad,SHOW,major dad american sitcom created richard c okie john g stephens developed earl pomerantz originally ran 1989 1993 cbs starring gerald mcraney major john macgillis shanna reed wife polly cast also includes beverly archer matt mulhern jon cypher marisa ryan nicole dubuc chelsea hertford,1989,TV-PG,24,"['comedy', 'family']",['US'],4.0,tt0096643,6.5,2922.0,9.849,6.5,0.25,0.0
ts987,Danger Mouse,SHOW,danger mouse worlds greatest secret agent sidekick penfold work foil evil schemes baron greenback,1981,TV-Y,14,"['animation', 'comedy', 'family', 'scifi', 'european']",['GB'],10.0,tt0081848,7.4,3545.0,8.55,7.5,-0.5574,-0.5267
ts2760,Fireman Sam,SHOW,follow adventures fireman sam colleagues protect citizens welsh town pontypandy whenever alarm sounds brave sam coworkers counted jump fire engine hop onto helicopter even launch inflatable lifeboat battle blazes mount rescue missions provide medical attention need,1987,TV-Y,10,"['animation', 'comedy', 'family', 'crime', 'european']",['GB'],13.0,tt0329829,6.1,1785.0,37.647,7.2,0.6486,0.0
ts20981,Survivor,SHOW,reality show contest sixteen castaways split two tribes taken remote isolated location forced live land meager supplies roughly 39 days frequent physical challenges used pit tribes rewards food luxuries immunity forcing tribe attend tribal council must vote one players,2000,TV-PG,48,['reality'],['US'],42.0,tt0239195,7.4,24687.0,54.19,7.4,-0.2263,0.3612
ts22176,Stargate SG-1,SHOW,story stargate sg1 begins year events feature film united states government learns ancient alien device called stargate access network devices multitude planets sg1 elite air force special operations team one two dozen teams earth explore galaxy defend alien threats goauld replicators ori,1997,TV-PG,44,"['scifi', 'drama', 'action']","['CA', 'US']",10.0,tt0118480,8.4,90196.0,88.851,8.3,0.4019,0.0
ts21223,Pokémon,SHOW,join ash accompanied partner pikachu travels many regions meets new friends faces new challenges quest become pokmon master,1997,TV-Y7,22,"['action', 'scifi', 'animation', 'comedy', 'fantasy', 'family']",['JP'],25.0,tt14053732,7.4,198.0,115.356,7.633,0.6808,0.0
ts20339,One Piece,SHOW,years ago fearsome pirate king gol roger executed leaving huge pile treasure famous one piece behind whoever claims one piece named new king pirates monkey luffy boy consumed devil fruit decides follow footsteps idol pirate shanks find one piece helps course body properties rubber hes surrounded bevy skilled fighters thieves help along way luffy anything get one piece become king pirates,1999,TV-14,23,"['animation', 'action', 'comedy', 'drama', 'fantasy']",['JP'],21.0,tt0388629,8.8,117129.0,143.457,8.764,-0.4215,0.0
ts5145,The Challenge,SHOW,challenge pits numerous cast members past seasons reality shows dividing two separate teams according different criteria gender show first appeared whether theyre veterans rookies show etc two teams compete numerous missions order win prizes advance overall game,1998,TV-14,40,"['reality', 'comedy', 'drama', 'scifi']",['US'],37.0,tt6274074,7.8,3362.0,18.075,7.7,0.7964,0.0772
ts34435,Cowboy Bebop,SHOW,2071 roughly fifty years accident hyperspace gateway made earth almost uninhabitable humanity colonized rocky planets moons solar system amid rising crime rate inter solar system police issp set legalized contract system registered bounty hunters also referred cowboys chase criminals bring alive return reward,1998,TV-14,25,"['animation', 'action', 'scifi', 'western', 'comedy', 'drama', 'thriller']",['JP'],1.0,tt0213338,8.9,115448.0,35.402,8.522,-0.6124,0.0
ts20983,Neon Genesis Evangelion,SHOW,turn century angels returned earth seeking wipe humanity apocalyptic fury devastated mankinds last remnants moved underground wait day angels would come back finish job fifteen years later day come time humanity ready fight back terrifying biomechanical weapons known evangelions watch shinji rei asuka rest mysterious shadow agency nerv battle save earth total annihilation,1995,TV-14,24,"['drama', 'scifi', 'animation', 'action', 'fantasy', 'thriller']",['JP'],1.0,tt0112159,8.5,66629.0,49.27,8.637,-0.9595,0.0
ts21567,Gilmore Girls,SHOW,set charming town stars hollow connecticut series follows captivating lives lorelai rory gilmore motherdaughter pair relationship people dream,2000,TV-14,46,"['comedy', 'drama']",['US'],8.0,tt0238784,8.2,121462.0,58.578,7.827,0.7003,0.0
ts20960,Power Rangers,SHOW,team teenagers attitude recruited save angel grove evil witch rita repulsa later lord zedd emperor sees horde monsters,1993,TV-Y7,22,"['action', 'scifi', 'fantasy', 'family']",['US'],29.0,tt0106064,6.5,22110.0,19.699,6.8,-0.5719,0.0
ts25252,Yu-Gi-Oh !,SHOW,timid young boy loves sorts games one day solves ancient puzzle known millennium puzzle causing body play host mysterious spirit personality gambler,1998,TV-Y,22,"['scifi', 'action', 'family', 'fantasy', 'animation', 'comedy', 'drama']",['JP'],7.0,tt4834194,7.3,21113.0,33.504,7.358,0.7845,0.0
ts22193,The Magic School Bus,SHOW,eccentric schoolteacher takes class wondrous educational field trips help magical school bus,1994,TV-Y,26,"['animation', 'scifi', 'comedy', 'family', 'fantasy']","['CA', 'US']",4.0,tt0108847,7.8,9829.0,16.83,7.8,0.4019,0.0
ts22489,Goosebumps,SHOW,anything turn spooky horror anthology series based bestselling books master kid horror rl stine every episode see happens regular kids find scary situations work confront overcome fears,1995,TV-PG,22,"['scifi', 'thriller', 'family', 'fantasy', 'horror', 'music']","['US', 'CA']",4.0,tt0111987,7.6,13493.0,63.687,7.9,-0.9337,0.0
ts21034,InuYasha,SHOW,kagome higurashi modern day young girl lives family old higure shrine unbeknownst kagome reincarnation priestess kikyo posseses jewel four souls shikon jewel one illfated day kagome locates ancient well near home abruptly transported well feudal japan inhabited demons encounters inuyasha son powerful demon father human mother pinned tree enchanted arrow,2000,TV-14,25,"['scifi', 'action', 'fantasy', 'romance', 'animation', 'comedy', 'drama']",['JP'],9.0,tt0290223,7.9,15823.0,62.355,8.6,0.8957,0.0
ts16919,All That,SHOW,new kids comedy bring funny americas 1 kids sketch comedy show returns new cast familiar faces executive producers kenan thompson kel mitchell,1994,TV-G,22,"['comedy', 'family', 'music']",['US'],11.0,tt0111875,7.5,7718.0,6.688,8.4,0.7845,0.0
ts8570,Barney & Friends,SHOW,barney friends american childrens television series aimed children ages 2 5 series first aired april 6 1992 features title character barney purple anthropomorphic tyrannosaurus rex conveys educational messages songs small dance routines friendly optimistic attitude new episodes produced since 2009 however reruns continue air various pbs stations,1992,TV-G,28,"['comedy', 'family']",['US'],14.0,tt0144701,3.8,9624.0,14.641,4.9,0.8225,0.4767
ts27693,Kenan & Kel,SHOW,set chicago show follows kidfriendly misadventures two highschool friends always scheming dreaming kenan works grocery store constantly devises crazy plans strike rich orangesodaloving buddy kel always dragged along ride despite track record messing things,1996,TV-Y7,25,"['family', 'comedy']",['US'],4.0,tt0115231,7.8,15620.0,33.544,8.3,0.5574,0.0
ts22286,Cardcaptor Sakura,SHOW,sakura kinomoto elementary school student discovers possesses magical powers accidentally freeing set magical cards book sealed years tasked retrieving cards order avoid unknown catastrophe befalling world,1998,TV-Y7,25,"['scifi', 'animation', 'action', 'comedy', 'drama', 'family', 'fantasy', 'romance']",['JP'],4.0,tt0221735,8.0,5008.0,35.757,8.7,-0.7096,0.0
ts11397,Adventures Sonic Hedgehog,SHOW,follow adventures sonic hedgehog sidekick tails attempt stop dr robotnik array robots taking planet mobius,1993,TV-Y7,22,"['scifi', 'animation', 'action', 'comedy', 'family', 'fantasy', 'western']",['US'],4.0,tt0222518,6.2,3902.0,13.313,6.3,0.0516,0.34
ts21581,Girlfriends,SHOW,series revolves around friendship four africanamerican women different phases lives explore many trials tribulations women face today relationships family friends current issues interest women whether getting divorce finding career looking true love girlfriends delivers along comedy wit,2000,TV-PG,21,"['drama', 'comedy']",['US'],8.0,tt0247102,7.2,4528.0,12.163,7.7,0.9552,0.0
ts20918,The Parkers,SHOW,parkers american sitcom aired upn august 30 1999 may 10 2004 spinoff upns moesha parkers features motherdaughter team nikki kim parker parkers signature heeyyy greeting became popular early 2000s,1999,TV-PG,19,['comedy'],['US'],5.0,tt0200353,6.8,2377.0,5.745,8.1,0.6597,0.0
ts21693,"Sister , Sister",SHOW,twins tia landry tamera campbell separated adopted birth fourteen years later encounter chance mall families meet tias widowed father agrees let tamera single mother move,1994,TV-PG,22,"['comedy', 'drama', 'family']",['US'],6.0,tt0108927,6.2,12657.0,21.489,7.5,0.4588,0.0
ts20939,Moesha,SHOW,moesha american sitcom series aired upn network january 23 1996 may 14 2001 series stars rb singer brandy norwood moesha mitchell high school student living family leimert park neighborhood south central los angeles originally ordered pilot cbs networks 19951996 television season rejected picked upn aired midseason replacement went become biggest success nascent network one greatest hits course networks entire run,1996,TV-PG,21,"['drama', 'comedy', 'family']",['US'],6.0,tt0115275,5.8,3747.0,10.901,7.0,0.6808,0.0
ts21684,Heartbreak High,SHOW,ins outs classroom lives group students attend fictional hartley high school sydney,1994,TV-MA,45,"['drama', 'romance', 'comedy']",['AU'],7.0,tt5582224,7.8,3139.0,7.222,7.3,0.0,-0.5719
ts22080,Oggy Cockroaches,SHOW,oggy anthropomorphic cat would prefer spend days watching television eating continuously pestered three roaches joey marky dee dee cockroaches slapstick mischief ranges plundering oggys refrigerator hijacking train boarded many situations oggy also helped jack violent shorttempered also annoyed cockroaches bob shorttempered bulldog also appears show oggys neighbor,1999,TV-Y7,9,"['animation', 'comedy', 'family', 'action', 'european']",['FR'],7.0,tt0213363,7.4,4281.0,40.189,7.5,-0.8402,0.0
ts28516,Okupas,SHOW,year 2000 ricardo pollo walter chiqui occupied house buenos aires neighborhood congreso four young people forge strong friendship leads go different stories crime drugs social marginalization,2000,TV-MA,40,"['drama', 'crime']",['AR'],1.0,tt0289649,9.0,2399.0,8.565,8.8,0.4019,0.0
ts22039,H,SHOW,h french sitcom seventyone 22minute episodes series created kader aoun xavier matthieu ric judor produced phillippe berthe douard molinaro jeanluc moreau charles nms ran 24 october 1998 20 april 2002 canal canada shown weekly tv5 title h comes three words characterize series humour histoire et hpital,1998,TV-MA,25,['comedy'],['FR'],4.0,tt0173554,7.4,1727.0,7.905,7.6,0.6249,0.0
ts4,Breaking Bad,SHOW,walter white new mexico chemistry teacher diagnosed stage iii cancer given prognosis two years left live becomes filled sense fearlessness unrelenting desire secure familys financial future cost enters dangerous world drugs crime,2008,TV-MA,48,"['drama', 'crime', 'thriller']",['US'],5.0,tt0903747,9.5,1775990.0,353.848,8.79,-0.7003,-0.5423
ts20371,Top Gear,SHOW,fastpaced stuntfilled motor show tests whether cars mundane extraordinary live manufacturers claims longrunning show travels locations around world performing extreme stunts challenges see featured cars capable current hosts paddy mcguinness chris harris andrew freddie flintoff,2002,TV-PG,58,"['comedy', 'reality', 'european', 'music']",['GB'],32.0,tt1628033,8.7,117240.0,45.549,7.4,0.4404,0.2023
ts9,The Walking Dead,SHOW,sheriffs deputy rick grimes awakens coma find postapocalyptic world dominated flesheating zombies sets find family encounters many survivors along way,2010,TV-MA,46,"['action', 'drama', 'scifi', 'horror', 'thriller']",['US'],11.0,tt1520211,8.2,956604.0,597.277,8.1,-0.25,-0.6486
ts21465,Supernatural,SHOW,boys sam dean winchester lost mother mysterious demonic supernatural force subsequently father raised soldiers taught paranormal evil lives dark corners back roads america taught kill winchester brothers crisscross country 67 chevy impala battling every kind supernatural threat encounter along way,2005,TV-14,45,"['scifi', 'horror', 'thriller', 'drama', 'fantasy']",['US'],15.0,tt0460681,8.4,434081.0,388.093,8.278,-0.926,0.0
ts288536,The Great British Baking Show,SHOW,bakers attempt three challenges week trying impress judges enough go next round eventually crowned britains best amateur baker,2010,TV-PG,57,"['reality', 'european']",['GB'],12.0,tt1877368,8.6,9856.0,5.581,7.7,0.8126,0.6249
ts12724,30 Rock,SHOW,liz lemon head writer latenight tv variety show new york tries juggle egos around chasing dream,2006,TV-14,25,"['comedy', 'sport']",['US'],7.0,tt0496424,8.3,122698.0,48.88,7.4,0.25,0.0
ts6644,Borgen,SHOW,40year old political leader birgitte nyborg secures party landslide victory idealism huge effort faces biggest challenge life effectively use newly seats far willing go order gain much influence possible,2010,TV-MA,58,"['drama', 'european']",['DK'],4.0,tt1526318,8.5,25485.0,51.118,8.1,0.9393,0.0
ts8308,Community,SHOW,follow lives group students possibly worlds worst community college fictional locale greendale colorado,2009,TV-PG,23,['comedy'],['US'],6.0,tt1439629,8.5,257221.0,42.357,8.0,-0.6249,0.0
ts21469,Grey 's Anatomy,SHOW,follows personal professional lives group doctors seattles grey sloan memorial hospital,2005,TV-14,49,"['drama', 'romance']",['US'],19.0,tt0413573,7.6,299165.0,803.786,8.252,0.0516,0.0516
ts17156,Arrested Development,SHOW,story wealthy family lost everything one son choice keep together,2003,TV-MA,28,['comedy'],['US'],5.0,tt0367279,8.7,300445.0,30.131,8.043,0.0516,-0.4767
ts22011,Heartland,SHOW,life hard flemings ranch alberta foothills abused neglected horses find refuge kind hardworking family debts abound bank foreclose keep ranch running,2007,TV-PG,44,"['drama', 'family']",['CA'],15.0,tt1094229,8.4,16337.0,74.638,8.3,-0.5719,0.0
ts26091,The Staircase,SHOW,academy awardwinning documentary filmmaker jeanxavier de lestrade presents gripping courtroom thriller offering rare revealing inside look highprofile murder trial 2001 author michael peterson arraigned murder wife kathleen whose body discovered lying pool blood stairway home granted unusual access petersons lawyers home immediate family de lestrades cameras capture defense team considers strategic options series engrossing look contemporary american justice features twists legal bestseller,2004,TV-MA,49,"['crime', 'documentation', 'drama']",['FR'],2.0,tt8178674,7.8,21531.0,10.922,7.7,-0.7906,0.0
ts22337,NCIS,SHOW,murder espionage terrorism stolen submarines team special agents investigates crime shred evidence connected navy marine corps personnel regardless rank position,2003,TV-14,43,"['crime', 'action', 'thriller', 'drama', 'comedy']",['US'],20.0,tt0364845,7.8,143846.0,251.622,7.6,-0.936,0.0
ts3371,Avatar : The Last Airbender,SHOW,wartorn world elemental magic young boy reawakens undertake dangerous mystic quest fulfill destiny avatar bring peace world,2005,TV-Y7,24,"['scifi', 'animation', 'action', 'family', 'fantasy']",['US'],3.0,tt0417299,9.3,303666.0,56.915,8.7,0.5106,0.0
ts20604,Friday Night Lights,SHOW,trials triumphs life small town dillon texas high school football everything,2006,TV-14,43,"['drama', 'sport']",['US'],5.0,tt0758745,8.7,65199.0,19.681,8.1,0.4588,0.0
ts20573,The IT Crowd,SHOW,two nerds clueless female manager work basement successful company called help never treated respect,2006,TV-14,25,"['comedy', 'european']",['GB'],5.0,tt0487831,8.5,149586.0,31.031,8.108,0.3498,0.0
ts22099,The Spectacular Spider-Man,SHOW,spent summer engaging common criminals newfound powers typical 16yearold peter parker must conceal secret identity battle supervillains real world enters junior year high school,2008,TV-Y7,22,"['action', 'animation', 'family', 'scifi', 'comedy']",['US'],2.0,tt0976192,8.3,14996.0,41.509,8.705,-0.5994,0.0
ts21464,Zoey 101,SHOW,zoey 101 american television series originally aired nickelodeon january 9 2005 may 2 2008 focuses lives teenager zoey brooks friends attend pacific coast academy fictional boarding school southern california created dan schneider initially filmed pepperdine university malibu california stages valencia california beginning season 3 nominated outstanding childrens program emmy 2005 zoey 101 expensive production ever nickelodeon series shot completely location malibu also nickelodeons best performance series premiere almost eight years despite many critics made negative comments show setting characters,2005,TV-G,25,"['drama', 'comedy', 'family', 'romance']",['US'],4.0,tt0415463,6.1,15808.0,53.044,8.2,0.8882,0.0
ts11313,DEATH NOTE,SHOW,light yagami ace student great prospectsand hes bored mind changes finds death note notebook dropped rogue shinigami death god human whose name written notebook dies light vowed use power death note rid world evil light succeed noble goal death note turn thing fights,2006,TV-14,24,"['animation', 'thriller', 'scifi', 'drama', 'fantasy', 'crime']",['JP'],1.0,tt0877057,9.0,309445.0,120.545,8.664,-0.9246,-0.5994
ts21247,The Vampire Diaries,SHOW,story two vampire brothers obsessed girl bears striking resemblance beautiful ruthless vampire knew loved 1864,2009,TV-14,42,"['drama', 'scifi', 'horror', 'romance', 'thriller', 'fantasy']",['US'],8.0,tt1405406,7.7,314422.0,479.354,8.348,0.7964,0.0
ts20305,Naruto,SHOW,another world ninja ultimate power village hidden leaves live stealthiest ninja land twelve years earlier fearsome ninetailed fox terrorized village claimed many lives subdued spirit sealed within body baby boy boy naruto uzumaki grown become ninjaintraining whos interested pranks studying ninjutsu naruto determined become greatest ninja ever,2002,TV-PG,23,"['animation', 'action', 'scifi', 'comedy', 'fantasy', 'thriller']",['JP'],6.0,tt0409591,8.4,96729.0,218.843,8.363,0.5574,0.0
ts21511,My Little Pony : Friendship Is Magic,SHOW,get muzzle books make friends thats princess celestia tells twilight sparkle may smartest unicorn equestria twilight sparkle gets incomplete friendship theres life learning magic goes ponyville mission make friends meets five special ponies take exciting adventures teach powerful magic magic friendship,2010,TV-Y7,22,"['comedy', 'scifi', 'animation', 'fantasy', 'family', 'drama', 'music']","['CA', 'US']",9.0,tt1751105,7.6,20910.0,52.369,8.1,0.9844,0.3862
ts17942,Chappelle 's Show,SHOW,dave chappelles singular point view unleashed combination laidback standup streetsmart sketches,2003,TV-14,21,"['comedy', 'music']",['US'],3.0,tt0353049,8.8,63107.0,14.116,8.1,0.128,0.0
ts30311,Victorious,SHOW,aspiring singer tori vega navigates life attending performing arts high school called hollywood arts,2010,TV-G,25,"['comedy', 'family', 'drama', 'music', 'romance', 'sport']",['US'],4.0,tt1604099,6.9,24838.0,71.494,8.221,0.0,0.0
ts22267,Trailer Park Boys,SHOW,follow boozefueled misadventures three longtime pals petty serial criminals run scams nova scotia trailer park,2001,TV-MA,25,"['comedy', 'crime']",['CA'],12.0,tt0290988,8.6,42733.0,22.603,8.0,-0.8519,0.0
ts2230,America 's Next Top Model,SHOW,aspiring models compete chance break business panel judges critiquing progress throughout competition,2003,TV-14,44,['reality'],['US'],24.0,tt0363307,5.6,17905.0,14.501,5.3,0.5859,0.2023
ts19036,The Fairly OddParents,SHOW,zany fastpaced adventures 10yearold boy fairy godparents inadvertently create havoc grant wishes pintsized charge,2001,TV-Y7,23,"['comedy', 'scifi', 'animation', 'family', 'fantasy']","['CA', 'US']",10.0,tt0235918,7.2,38046.0,67.192,7.7,0.4019,0.0
ts22456,Ned 's Declassified School Survival Guide,SHOW,whacky adventures ned bigby best pals moze cookie james k polk middle school everykid ned shatters fourth wall share tips tricks navigating middle school junior high hurdles neds super cool superpowers however witty wellgroomed upbeat selfaware moreover little help two best friends hes equipped conquer middle school minefields crushing bullies crushes thewall mean cool teachers pop quizzes elections detentions ned knows nothing including seventh grade bad seems friendship matters,2004,TV-G,25,"['family', 'comedy']",['US'],3.0,tt0405576,7.4,17864.0,33.115,8.6,0.9618,0.0
ts22018,iCarly,SHOW,watch carly sam freddie try balance everyday 8th grade lives newfound fame managing starring awesome show web,2007,TV-G,26,"['comedy', 'family', 'romance']",['US'],6.0,tt0972534,6.7,38877.0,100.996,8.0,0.7906,0.0
ts21197,Merlin,SHOW,unlikely friendship merlin young man gifted extraordinary magical powers prince arthur heir crown camelot,2008,TV-PG,44,"['action', 'drama', 'scifi', 'fantasy', 'european']",['GB'],5.0,tt1199099,7.9,80927.0,74.931,7.9,0.4404,0.0
ts21544,Transformers : Prime,SHOW,roll optimus prime bumblebee arcee ratchet bulkhead rest heroic autobots battle evil decepticons big bad megatron returned mysterious dangerous element team prime must prepare epic battle,2010,TV-Y7,22,"['action', 'animation', 'comedy', 'drama', 'family', 'scifi']",['US'],4.0,tt1659175,7.9,6636.0,28.925,8.0,-0.9118,0.0
ts31263,The Mole,SHOW,players working team complete series difficult physical psychological tests worth set amount money one players however mole saboteur whose goal foil efforts players without revealing identity end episode group given quiz moles identity player knows least information mole immediately sent home final episode mole revealed one remaining player wins jackpot 1000000,2001,TV-14,47,['reality'],"['BE', 'US']",5.0,tt0270792,7.6,1155.0,2.189,7.8,0.4767,0.0
ts12787,Code Geass : Lelouch Rebellion,SHOW,japan invaded conquered britannian empire japan known area 11 citizens known elevens britannian empire takes away japans autonomous power imposes rule use knightmares empires rule never faltered cracks begun show,2006,TV-14,24,"['scifi', 'action', 'animation', 'drama', 'war', 'thriller']",['JP'],3.0,tt0994314,8.7,62367.0,35.011,8.493,-0.1027,-0.128
ts35155,Gurren Lagann,SHOW,distant future mankind lived quietly restlessly underground hundreds years subject earthquakes caveins living one village 2 young men one named simon shy nave named kamina believes existence surface world heads,2007,TV-14,24,"['action', 'scifi', 'animation', 'comedy', 'drama']",['JP'],1.0,tt0948103,8.3,17024.0,27.924,8.2,-0.5267,0.0
ts15986,Dead Set,SHOW,zombies rampaging throughout britain blissfully unaware gory events outside big brother housemates ultimate eviction night,2008,TV-MA,141,"['scifi', 'reality', 'thriller', 'comedy', 'drama', 'horror', 'european']",['GB'],1.0,tt1285482,7.6,19812.0,9.68,7.3,-0.5859,-0.6486
ts22318,Winx Club,SHOW,magical universe witches warriors begin fighting name good vs evil magic school five teenage girls selected defend universe magic,2004,TV-G,23,"['animation', 'action', 'comedy', 'family', 'fantasy', 'thriller', 'european']",['IT'],8.0,tt7396266,6.2,6700.0,25.633,8.222,-0.6124,0.0
ts30356,Octonauts,SHOW,octonauts british childrens television series produced silvergate media bbc channel cbeebies series animated ireland brown bag films uses british voice actors tv series based americancanadian childrens books written vicki wong michael c murphy meomi design inc octonauts follows underwater exploring crew made stylized anthropomorphic animals team eight adventurers live undersea base octopod go undersea adventures help fleet aquatic vehicles subject matter reminiscent star trek thunderbirds blended jacques cousteau although science fiction regards technology exotic creatures locations crew encounter real marine animals natural habitats,2010,TV-Y,15,"['action', 'animation', 'comedy', 'family']",['GB'],7.0,tt1710177,7.6,1083.0,40.327,7.4,0.8225,0.0
ts32186,Sonic X,SHOW,sonic friends team 12 year old christopher collect chaos emeralds defeat evil dr eggman,2003,TV-Y7,21,"['family', 'animation', 'action', 'comedy', 'drama', 'thriller', 'fantasy', 'scifi']",['JP'],3.0,tt0367413,6.2,4709.0,37.945,7.5,-0.8402,0.0
ts21706,H2O : Just Add Water,SHOW,h2o add water revolves around three teenage girls facing everyday teen problems added twist cope burden growing giant fin transforming mermaids whenever come contact water,2006,TV-PG,25,"['scifi', 'drama', 'family', 'fantasy']",['AU'],3.0,tt0491603,7.2,15179.0,30.832,7.8,-0.5994,0.0
ts24028,Still Game,SHOW,cult scottish comedy lives two oaps old age pensioners jack victor views used old days bad fictional town craiglang,2002,TV-14,29,"['comedy', 'european']",['GB'],9.0,tt0281491,8.9,7689.0,5.128,8.3,-0.25,0.0
ts21740,Black Butler,SHOW,victorianera london night ciel phantomhives tenth birthday fire destroyed manor killed parents moment death ceil strikes deal demon soul exchange revenge demon becomes butler calls name sebastian michaelis protect serve ciel deal completed one month fire ciel returns missing new butler sebastian ceil head phantomhive corporation handling business affairs well work queen englands guard dog looking parents murders,2008,TV-MA,25,"['scifi', 'animation', 'drama', 'thriller', 'comedy', 'fantasy', 'action', 'horror', 'crime']",['JP'],3.0,tt1316554,8.2,1877.0,36.122,7.5,-0.9744,0.0
ts687,The 4400,SHOW,4400 centers return 4400 people previously presumed dead reported missing reappear earth though aged physically seem deeper alterations ranging superhuman strength unexplained healing touch government agency formed track 4400 people one commits murder,2004,TV-14,44,"['drama', 'scifi', 'thriller']",['US'],4.0,tt0389564,7.3,45249.0,37.169,7.2,-0.836,0.0
ts31514,Strawberry Shortcake,SHOW,strawberry friends including sister apple dumplin pony honey pie embark sweetsmelling adventures strawberryland,2003,TV-Y,23,"['animation', 'family']",['US'],4.0,tt1190823,7.0,13.0,31.584,6.9,0.6705,0.0
ts33559,Shaun Sheep,SHOW,shaun sheep thinks acts like person barnyard usually gets trouble farmers sheepdog bitzer tries keep shaun friends trouble farmer oblivious humanlike features flock like one big happy family,2007,TV-G,7,"['animation', 'comedy', 'family', 'european']",['GB'],6.0,tt0983983,8.1,28.0,31.375,7.9,0.7506,0.0
ts26322,Toradora !,SHOW,ryji takasu gentle high school student love housework contrast kind nature intimidating face often gets labeled delinquent hand taiga aisaka small dolllike student anything cute fragile girl equipped wooden katana feisty personality taiga known throughout school palmtop tiger one day embarrassing mistake causes two students cross paths ryji discovers taiga actually sweet side crush popular vice president ysaku kitamura happens best friend things get crazier ryji reveals crush minori kushiedataigas best friend toradora romantic comedy follows odd duo embark quest help respective crushes forming unlikely alliance process,2008,TV-14,30,"['animation', 'comedy', 'drama', 'romance']",['JP'],2.0,tt1279024,8.0,14828.0,24.352,8.5,0.9868,0.0
ts12815,Big Time Rush,SHOW,four teenage friends move minneapolis los angeles form potential charttopping boy band kendall inadvertently discovered eccentric record executive gustavo rocque seize opportunity lifetime friends embark exciting comedy musicfilled journey prove record label serious new career choice,2009,TV-G,25,"['family', 'comedy']",['US'],4.0,tt1131746,6.3,12288.0,55.706,8.774,0.9246,0.0
ts23752,Midnight Diner,SHOW,set small restaurant corner shopping district unusual eatery open midnight standard menu consists single choice however customers still come amusing chatter proprietors willingness cook dish request drama depicts lives restaurants patrons including yakuza unsuccessful actor group office ladies newspaper delivery boy stripper,2009,TV-MA,27,"['drama', 'comedy']",['JP'],5.0,tt1882928,8.6,2256.0,7.356,7.9,0.296,0.0
ts21421,Pocoyo,SHOW,pocoyo spanish preschool animated television series created guillermo garca cars luis gallego david cantolla coproduction spanish producer zinkia entertainment cosgrovehall films granada international two series produced consisting 52 sevenminute episodes english actor comedian stephen fry narrates englishlanguage version jos mara del ro narrates castilian spanish version set 3d space plain white background usually backdrops pocoyo 3yearold boy interacting friends pato elly loula viewers encouraged recognise situations pocoyo things going around narrator usually speaks explicitly viewers characters well character distinctive dance also specific sound episodes end characters dancing many episodes also involve parties united kingdom originally broadcast citv childrens strand itv network september 2007 channel 5 acquired terrestrial rights united kingdom first second series making part milkshake strand show however continue air citv channel broadcasters english speaking countries include rt republic ireland nick jr us nationwide local station kcettv well klcstv channel 582 los angeles univision latam spanish treehouse tv canada abc australia tvnz new zealand,2005,TV-G,11,"['animation', 'family', 'comedy', 'european']","['GB', 'ES']",4.0,tt0487849,3.9,93.0,27.339,7.1,0.9702,0.0
ts22005,Total Drama Island,SHOW,reality tv meets animation parody twentytwo teens sent rundown buginfested summer camp known reality tv producers split teams screaming gophers take killer bass face challenges get insane week,2007,TV-PG,23,"['war', 'reality', 'animation', 'action', 'comedy', 'drama', 'family']",['CA'],6.0,tt1173427,7.3,10886.0,16.655,7.3,-0.8519,0.0
ts20544,Ouran High School Host Club,SHOW,ouran high school extremely wealthy haruhis case extremely talented amount talent help haruhi accidentally drops eight million yen vase music room vase property ouran high school host club group attractive young men fee provide time affections lovesick clientele female students fascinated strange new specimen poor clumsy commoner force haruhi work debt repaid get lot bargained,2006,TV-14,23,"['comedy', 'drama', 'animation', 'romance']",['JP'],1.0,tt0816397,8.2,9929.0,18.186,8.4,0.8968,0.0
ts23835,Masha Bear,SHOW,masha energetic threeyearold cant seem keep trouble bear warm fatherly figure best guide friend keep harm often ending unintended victim misadventures,2009,TV-Y,7,"['family', 'action', 'animation', 'comedy']",['RU'],5.0,tt1884856,7.5,3169.0,38.171,6.9,0.8342,0.0
ts30288,Mobile Suit Gundam Unicorn,SHOW,series begins uc 0001 beginning human space colonization space colony called laplace destroyed ceremony hosted federations prime minister ushering universal century dating system main story takes place uc 0096 sixteen years end one year war three years events mobile suit gundam chars counterattack 27 years mobile suit gundam f91 story revolves around banagher links seemingly normal boy living going school space colonies life changes one day meets girl named audrey burne encounter brings contact new gundam connections item called laplaces box,2010,TV-14,36,"['scifi', 'animation', 'action', 'drama', 'war']",['JP'],2.0,tt1587790,7.8,1291.0,10.936,7.9,-0.7964,0.0
ts38159,Wakfu,SHOW,follow yogu friends amalia evangelyne tristepin ruel az try rescue world wakfu destruction,2008,TV-Y7,22,"['action', 'scifi', 'family', 'fantasy', 'animation', 'european']",['FR'],3.0,tt1807824,8.1,1497.0,19.736,8.9,0.4019,0.0
ts25765,Vampire Knight,SHOW,yuki cross along best friend zero attempts keep peace humans vampires cross academy personal issues soon threaten situation,2008,TV-14,25,"['animation', 'drama', 'action', 'scifi', 'thriller', 'fantasy', 'horror', 'romance']",['JP'],2.0,tt1209393,7.3,5245.0,17.547,8.4,0.8519,0.0
ts21688,Boys Over Flowers,SHOW,working class girl winds exclusive prep school unassuming high school girl jan di stands eventually falls spoiled rich kid belongs schools powerful clique,2009,TV-14,64,"['comedy', 'drama', 'romance']",['KR'],1.0,tt1370334,7.9,11902.0,80.384,8.28,0.7845,0.0
ts20535,The Garfield Show,SHOW,favorite lazy fat cat garfield odie jon rest gang back funny misadventures whether hes scarfing lasagna tricking nermal kitten garfield guaranteed crack remember hates mondays,2009,TV-G,17,"['animation', 'comedy', 'family', 'european']",['US'],5.0,tt1470837,5.4,2578.0,25.677,5.2,0.1531,0.0
ts1893,Ben & Holly 's Little Kingdom,SHOW,friendship fairy princess holly ben elf enchanted magical kingdom elves fairies,2009,TV-G,14,"['animation', 'comedy', 'family', 'fantasy', 'european']",['GB'],3.0,tt1436544,7.4,1261.0,11.735,6.6,0.6705,0.0
ts12701,Code Lyoko,SHOW,code lyoko centers four children travel virtual world lyoko battle sentient artificial intelligence named xana virtual human called aelita,2003,TV-G,24,"['action', 'animation', 'comedy', 'thriller', 'scifi', 'family', 'romance', 'fantasy']",['FR'],5.0,tt0417311,7.3,5165.0,9.597,7.7,0.128,0.0
ts121176,DreamWorks Shrek 's Swamp Stories,SHOW,shrek pals series adventures,2010,TV-PG,24,"['comedy', 'family', 'fantasy', 'horror', 'music', 'animation', 'scifi']",['US'],1.0,tt6950338,6.5,346.0,5.014,8.8,0.34,0.0
ts20526,The Game,SHOW,boyfriend derwin davis chosen new thirdstring wide receiver san diego sabers melanie barnett decides attend local college derwin worries plays field melanie adjusts new lifestyle gets playbyplay account lives relationships among nfl wives girlfriends mommanagers use best game help men stay field arm,2006,TV-14,22,"['drama', 'comedy', 'romance', 'sport']",['US'],10.0,tt0772137,6.6,4449.0,12.124,8.4,0.7269,0.0
ts23808,Monty Python : Almost Truth ( The Lawyer 's Cut ),SHOW,2009 television documentary series six parts covers 40 years surreal comedy group monty python flying circus present day projects musical spamalot series highlights childhood schooling university life prepython work series featured new interviews surviving members john cleese terry gilliam eric idle terry jones michael palin alongside archive interview footage graham chapman interviews several associates pythons including carol cleveland neil innes chapmans partner david sherlock along commentary modern comedians,2009,TV-MA,55,"['comedy', 'documentation']",['US'],1.0,tt1422182,8.1,1768.0,2.422,7.9,0.7096,-0.024
ts3666,Den-noh Coil,SHOW,denn coil coil circle children japanese science fiction anime television series depicting near future semiimmersive augmented reality technology begun enter mainstream series takes place fictional city daikoku hotbed ar development emerging citywide virtual infrastructure follows group children use ar glasses unravel mysteries half real half internet city using variety illegal software tools techniques virtual pets manipulate digital landscape denn coil development decade series director debut japanese animator mitsuo iso premiered nhk educational tv may 12 2007 due animators involved production unusually highprofile television broadcast time slot denn coil highly anticipated,2007,TV-Y7,25,"['scifi', 'animation', 'comedy', 'drama']",['JP'],1.0,tt1033796,7.8,881.0,13.045,7.9,-0.5574,0.0
ts21967,Johnny Test,SHOW,young johnny gungho full courage johnnys brainiac twin sisters susan mary use johnny guinea pig outrageous scientific experiments dream johnny long genetically engineered super dog dukey come along,2005,TV-Y7,18,"['animation', 'comedy', 'drama', 'family', 'scifi', 'action']","['CA', 'US']",6.0,tt0454349,5.1,8322.0,22.516,5.6,0.7269,0.0
ts20358,Half & Half,SHOW,half half american sitcom aired upn september 23 2002 may 15 2006 show focuses lives two paternal halfsisters twenties estranged throughout childhood finally developing close relationship series set san francisco secondmostwatched show upns monday night lineup fourth overall network show cws first draft lineup march 2006 due several circumstancesincluding cws contractual obligation pick reba uncancelling us pickup girlfriends spinoff gamehalf half left final fall 2006 schedule ended production series aired reruns global tv canada trouble uk local syndication united states also airs united states tv one,2002,TV-14,21,['comedy'],['US'],4.0,tt0320024,7.0,1860.0,8.06,8.1,0.4404,0.0
ts67595,El Escamoso,SHOW,pedro el escamoso popular telenovela filmed colombia produced colombian network caracol tv novela cheesy charming macho man lives small town colombia moves city find fortune encounters series events people change life dramatically pedro epitome man get women wants cant get one loves,2001,TV-14,48,"['drama', 'comedy']",['CO'],1.0,tt0283770,7.5,325.0,32.626,7.8,0.5577,0.0
ts72322,The Mafia Dolls,SHOW,las muecas de la mafia 2009 colombian telenovela produced betv broadcast caracol tv based juan camilo ferrand andres lopezs book las fantsticas also wrote scripts television series telenovela debut soon telefutura network series debuted may 3 2010 vecinos finale show ended july 2010 us talks story brenda olivia violeta renata pamela get trouble throughout series get involved mafia guys el carmen colombiathey sad endings pamela immigrates end story united states america try get away trouble close father pilot end jail captured dea taking cocaine us plain ends maid tells brenda happy great life olivia ends jail fake wedding braulio bermudez getting properties violeta dies two mafia opposite sides going end war going themrenata also dies force erick pay money owe carry drugs stomach united states one loved ones knew identification brenda ends pregnant braulio never saw taken us jail exiting story see shows easy life never good choice might nice easy beginning day ends,2009,TV-14,43,"['drama', 'action']",['CO'],2.0,tt1585368,6.6,293.0,27.667,7.4,0.8222,0.0
ts63295,Vientos de agua,SHOW,vientos de agua 2006 cult argentine spanish mini tv series created juan jos campanella drama traces spaniards emigration argentina 1930s years later sons return modernday spain aired spain january 2006 telecinco one series 13 episodes hit argentina lower ratings spain taken primetime slot 100 morning eventually cancelled due downloading series internet despite campaign support continue second series produced 13 episodes despite series hit dvd sellings,2006,TV-MA,73,['drama'],"['AR', 'ES']",1.0,tt0459724,8.8,1051.0,1.41,8.8,-0.5358,0.0
ts23319,Timmy Time,SHOW,show spin shaun sheep animation spin aardman series wallace gromit introduced character shaun,2009,TV-Y,14,"['animation', 'comedy', 'family', 'fantasy', 'european']",['GB'],3.0,tt1125758,6.9,1111.0,14.959,6.2,0.0,0.0
ts21695,Iris,SHOW,two friends members south korean military recruited secret black ops agency,2009,TV-14,61,"['action', 'drama', 'comedy', 'reality', 'romance', 'thriller']",['KR'],2.0,tt1757202,7.8,1951.0,9.239,7.6,0.4767,0.0
ts56589,Tayo Little Bus,SHOW,tayo little bus south korean computergenerated animated television series created educational broadcasting system iconix entertainment seoul hot animation owned hit entertainment koreandubbed series began airing ebs 2010 englishdubbed series aired disney junior 2012 latter also scheduled air disney channel cartoonito 2013 narrator uk series michael angelis also narrates uk series thomas friends,2010,TV-Y,11,"['animation', 'comedy', 'family']",['KR'],6.0,tt3270208,5.3,158.0,4.871,6.3,0.8658,0.0
ts21664,One One,SHOW,sportscaster becomes fulltime dad exwife decides accept job country teenage daughter breanna moves,2001,TV-14,20,['comedy'],['US'],5.0,tt0284770,7.0,2323.0,6.204,7.9,0.3818,0.0
ts37200,Trotro,SHOW,trotro little donkey head full ideas knows exactly likes doesnt like hes positive engaging hero young children easily identify,2004,TV-G,3,"['animation', 'family', 'european']",['FR'],2.0,tt1074443,6.3,122.0,1.841,7.2,0.7324,0.0
ts44663,Oscar 's Oasis,SHOW,follows sunbaked adventures oscar lizard middle desert finding misadventures wherever goes finding water fleeing band misfits,2010,TV-Y,9,"['animation', 'comedy', 'european']",['FR'],1.0,tt2080922,7.4,586.0,4.963,7.4,0.34,0.0
ts13411,Cocaine,SHOW,threepart documentary series investigating cocaine trafficking distribution usage state control,2005,TV-14,49,"['documentation', 'european']",['US'],1.0,tt0907286,7.1,61.0,0.6,7.0,0.0,0.0
ts1464,The Cartel,SHOW,cartel follows ten friends members dangerous drug cartel whose ambition power money cause eventually kill undeniable truth business always lose,2008,TV-MA,44,"['action', 'drama', 'crime', 'thriller', 'comedy']",['CO'],2.0,tt1260520,8.0,774.0,189.665,7.5,-0.7269,0.0
ts34414,Nuevo Rico Nuevo Pobre,SHOW,nuevo rico nuevo pobre colombian telenovela produced broadcast caracol tv starring martn karpan john alex toro maria cecilia botero carolina acevedo hugo gmez former miss colombia andrea noceti andrs toro show started july 16 2007 caracol tv also broadcast ecuadors teleamazonas primetime caracol tv sold rights show telemundo fox may 2008 one highest rated tv shows colombia,2007,TV-MA,44,['comedy'],['CO'],1.0,tt1233451,7.1,211.0,13.94,7.8,-0.1531,0.0
ts29199,Monty Python 's Personal Best,SHOW,series six outrageous onehour specials showcasing groundbreaking comedians,2006,TV-PG,56,"['comedy', 'animation']","['US', 'GB']",1.0,tt0795156,7.9,441.0,0.6,8.0,-0.2023,0.6369
ts4866,Fated Love You,SHOW,fated love also known youre destiny sticky note girl destiny love 2008 taiwanese drama starring joe chen ethan juan baron chen bianca bai produced sanlih etelevision directed chen ming zhang location filming taiwan hong kong shanghai holds record highest average singleepisode rating 1091 peak 1364 episode 20 broadcast 27 july 2008 broke previous record held prince turns frog series first broadcast taiwan freetoair taiwan television 16 march 2008 24 august 2008 every sunday 2200 cable tv sanlih etelevision 22 march 2008 30 august 2008 every saturday 2100 fated love nominated 2008 six awards 43rd golden bell awards taiwan awarded 2008 best television series best marketing programme fated love aired saturdays hawaiis kiku television 800,2008,TV-G,67,"['comedy', 'family', 'drama', 'romance']",['TW'],1.0,tt1483930,7.4,476.0,4.692,7.2,0.9862,0.6369
ts74928,Einsatzgruppen : The Nazi Death Squads,SHOW,documentary series examines einsatzgruppen nazis responsible mass murder jews romani soviet prisoners eastern europe,2009,TV-14,44,"['documentation', 'history', 'war', 'european']",['FR'],1.0,tt6953928,7.6,622.0,1.649,7.3,-0.7717,-0.5994
ts12444,The Fierce Wife,SHOW,fierce wife shrewd wife singapore 2010 taiwanese drama starring sonia sui wen sheng hao chris wang amanda zhu ttv sanlih etelevision copresentation directed xu fu jun filming started october 2010 first broadcast 5 november 2010 air ever since fierce wife produced sonia sui wen sheng hao acted two ttv productions year happiness love ps man fierce wife year happiness love ps man feature youth idol 9 june 2011 fierce wife described talked tv show taiwan entered japanese market renamed marriage guarantee happiness broadcast bs nittele chinese japanese subtitles every thursday 2300 high definition six times high taiwan whole tv series divided 34 episodes japan dvds chinese japanese went sale 20 june 2012 tv series big hit 2011 xiaosan little third woman story become popular euphemism thanks show also merchandise sold well taiwan abroad popular drama nominated number golden bell awards controversial parts story received heated discussion producer wang pei hua decided make feature movie set four years main female character xie zhen get divorced press conference announce film adaptation fierce wife final episode held 20 january 2012 film released 17 august 2012,2010,TV-MA,59,['drama'],['TW'],1.0,tt4304720,6.8,95.0,3.995,4.8,0.981,0.0
ts39604,The Hospital,SHOW,presidents daughter liu xinping checks hospital chemotherapy treatment head internal medicine head surgery become core members presidents medical team men plan use opportunity prove best candidate position hospital director result two men appoint rival surgeons attend xiupings surgery,2006,TV-14,48,['drama'],['TW'],1.0,tt2823414,7.4,46.0,5.066,2.2,0.7906,0.0
ts1413,Autumn 's Concerto,SHOW,autumns concerto 2009 taiwanese drama starring ady vanness wu f4 tiffany hsu produced sanlih etelevision directed chen hui ling drama started filming june 2009 completed december 2009 first broadcast taiwan freetoair taiwan television 4 october 2009 28 february 2010 sundays 2200 2330 also shown cable tv sanlih etelevision 10 october 2009 6 march 2010 saturdays 2100 2230 autumns concerto nominated 2010 best marketing programme 45th golden bell awards taiwan known drama serial shot child actor xiao xiao bin stardom autumns concerto broken records high ratings scoring 823 peak point episode 18 aired january 31 2010 autumns concerto broken records prince turns frog become second highest rating taiwanese idol drama highest rating held fated love autumns concerto airs hawaiis kiku television weekly saturdays 700,2009,TV-14,58,"['drama', 'family', 'romance']",['TW'],1.0,tt3530668,7.8,495.0,7.776,7.6,0.7351,0.0
ts23797,Black & White,SHOW,pi zi ying xiong two cops different day night one lives luxurious lifestyle nothing drink coffee wait information dubious sources crack cases another believes law justice pillars society constantly street catching criminals case brings two top crime solvers together sparks fly light begins creep dark corners taipei,2009,TV-14,37,"['action', 'comedy', 'sport', 'crime']",['TW'],3.0,tt5295012,7.6,312.0,3.208,8.9,-0.6705,0.0
ts70843,The Prince Who Turns Frog,SHOW,prince turns frog 2005 taiwanese drama starring ming dow sam wang boyband 183 club joe chen joyce zhao girl group 7 flowers well members former two members latter signed jungiery entertainment produced sanlih etelevision directed chen ming zhang liu jun jie series first broadcast taiwan freetoair taiwan television 5 june 2005 16 october 2005 every sunday 2130 cable tv sanlih etelevision 11 june 2005 22 october 2005 every saturday 2100 episode seven broadcast 17 july 2005 achieved average rating 705 peaked 805 broke previous average record 643 held meteor garden highest peak single episode taiwanese drama broken episode 13 fated love peaked 813 2008,2005,TV-14,44,"['drama', 'comedy', 'romance']",['TW'],1.0,tt1454440,6.7,136.0,1.613,5.8,0.4939,0.0
ts20660,Shameless,SHOW,chicagoan frank gallagher proud single dad six smart industrious independent kids without would perhaps better franks bar spending little money hes passed floor kids found ways grow spite may like family know make apologies exactly,2011,TV-MA,54,"['drama', 'comedy']",['US'],11.0,tt1586680,8.6,234232.0,252.934,8.112,0.3599,-0.34
ts21095,Teenage Mutant Ninja Turtles,SHOW,teenage mutant ninja turtles back allnew animated series nickelodeon surfacing topside first time fifteenth birthday titular turtles leonardo michelangelo raphael donatello find life sewers isnt exactly thought would turtles must work together team take new enemies arise take new york city,2012,TV-Y7,24,"['animation', 'scifi', 'action', 'family', 'thriller', 'horror', 'fantasy', 'crime', 'comedy', 'drama']",['US'],5.0,tt1877889,7.8,10809.0,48.881,8.3,-0.4939,0.0
ts20564,New Girl,SHOW,jessica day offbeat adorable girl late 20s bad breakup moves three single guys goofy positive vulnerable honest fault jess faith people even shouldnt although shes dorky awkward shes comfortable skin prone friendships women shes used hanging boysespecially home,2011,TV-14,21,"['comedy', 'romance']",['US'],7.0,tt1826940,7.7,219079.0,72.923,7.3,0.8982,0.0
ts8175,Call Midwife,SHOW,drama following lives group midwives working povertystricken east end london 1950s based bestselling memoirs jennifer worth,2012,TV-PG,55,"['family', 'drama', 'history', 'european']",['GB'],11.0,tt1983079,8.5,26146.0,25.211,7.4,0.2263,0.0
ts278,Black Mirror,SHOW,contemporary british reworking twilight zone stories tap collective unease modern world last ten years technology transformed almost every aspect lives weve time stop question every home every desk every palm plasma screen monitor smartphone black mirror 21st century existence,2011,TV-MA,59,"['drama', 'scifi', 'thriller', 'european']",['GB'],5.0,tt2085059,8.8,526383.0,90.552,8.3,-0.5994,0.0
ts21580,Longmire,SHOW,wyoming sheriff rebuilds life career following death wife based walt longmire series mystery novels written bestselling author craig johnson,2012,TV-14,53,"['drama', 'western', 'crime', 'action']",['US'],6.0,tt1836037,8.3,35021.0,36.854,7.8,-0.5994,0.0
ts32835,Hunter x Hunter,SHOW,twelveyearold gon freecss one day discovers father always told dead alive father ging hunter member societys elite license go anywhere almost anything gon determined follow fathers footsteps decides take hunter examination eventually find father prove hunter right way learns becoming hunter previously thought challenges must face considered toughest world,2011,TV-14,23,"['action', 'animation', 'comedy', 'fantasy']",['JP'],3.0,tt2098220,9.0,92162.0,178.265,8.8,-0.144,0.0
ts21599,Ink Master,SHOW,hosted rock legend dave navarro judged icons tattoo world chris nez oliver peck group countrys creative skilled tattoo artists compete hundred thousand dollars title ink master stakes couldnt higher living canvasses donating skin permanently marked adrenalized competition elimination,2012,TV-14,42,['reality'],['US'],13.0,tt1865740,7.4,3998.0,13.078,7.9,0.4404,0.0
ts27680,Last Tango Halifax,SHOW,celia alan widowed seventies respective grandsons put details facebook rediscover passionate relationship started sixty years ago,2012,TV-14,58,"['drama', 'comedy', 'romance', 'european']",['GB'],5.0,tt2216156,8.3,7017.0,3.392,7.3,0.4767,0.0
ts20433,JoJo 's Bizarre Adventure,SHOW,follow intergenerational feud joestar family various forces evil prominent dio brando followers,2012,TV-MA,24,"['scifi', 'animation', 'action', 'comedy', 'drama', 'fantasy', 'horror', 'thriller']",['JP'],5.0,tt2359704,8.4,21354.0,64.047,8.8,-0.6705,0.0
ts17598,Arrow,SHOW,spoiled billionaire playboy oliver queen missing presumed dead yacht lost sea returns five years later changed man determined clean city hooded vigilante armed bow,2012,TV-14,42,"['action', 'crime', 'drama', 'thriller', 'scifi']",['US'],8.0,tt2193021,7.5,427871.0,122.099,6.7,-0.5719,0.0
ts20458,Ninjago : Masters Spinjitzu,SHOW,fate world ninjago challenged great threats ninja kai jay cole zane lloyd nya save world,2012,TV-Y7,17,"['animation', 'comedy', 'family', 'scifi', 'action', 'fantasy', 'european']","['DK', 'US']",16.0,tt1871731,7.3,4798.0,67.932,7.8,0.6249,0.0
ts20429,Sword Art Online,SHOW,near future virtual reality massive multiplayer online roleplaying game vrmmorpg called sword art online released players control avatars bodies using piece technology called nerve gear one day players discover log game creator holding captive unless reach 100th floor games tower defeat final boss however die game die real life struggle survival starts,2012,TV-MA,23,"['scifi', 'action', 'animation', 'drama', 'western', 'fantasy', 'thriller', 'romance', 'comedy']",['JP'],4.0,tt2250192,7.6,44606.0,58.325,8.284,-0.9186,0.0
ts20457,The Legend Korra,SHOW,avatar korra headstrong rebellious feisty young woman continually challenges breaks tradition quest become fully realized avatar story avatar struggles find balance within,2012,TV-Y7,23,"['animation', 'drama', 'family', 'scifi', 'action', 'fantasy', 'comedy']",['US'],4.0,tt1695360,8.4,119272.0,56.153,8.307,-0.5267,0.0
ts6506,The Borgias,SHOW,set 15th century italy height renaissance borgias chronicles corrupt rise patriarch rodrigo borgia papacy proceeds commit every sin book amass retain power influence enormous wealth family,2011,TV-MA,51,"['drama', 'crime', 'history', 'romance']","['HU', 'US', 'CA']",3.0,tt1582457,7.9,51041.0,18.887,7.6,0.2023,0.0
ts9794,Comedians Cars Getting Coffee,SHOW,jerry takes comedy pals coffee selection classic automobiles larry david sums best says youve finally made show nothing,2012,TV-14,19,"['comedy', 'animation', 'family']",['US'],11.0,tt2314952,8.0,12522.0,13.067,7.1,0.7717,0.296
ts33338,Top Boy,SHOW,thrilling raw crime drama following gang drug dealers hackney london honest gripping rendition innercity drug gang culture,2011,TV-MA,48,"['drama', 'crime', 'thriller', 'european']",['GB'],2.0,tt1830379,8.4,24165.0,14.536,7.4,0.4404,0.2023
ts27468,Transformers : Rescue Bots,SHOW,team specialized autobots quite ready primetime battles decepticons given vital mission optimus prime goal bots learn mankind help others find really means hero,2012,TV-Y7,22,"['scifi', 'action', 'animation', 'comedy', 'family']",['US'],4.0,tt2139371,6.4,925.0,9.697,8.2,0.8275,0.5106
ts20500,Lilyhammer,SHOW,frank fixer tagliano testifies mafia boss new york enters witness protection program makes unusual demand wants set new life norwegian small town lillehammer calls lilyhammer,2012,TV-MA,45,"['comedy', 'crime', 'drama']",['NO'],3.0,tt1958961,7.9,29366.0,15.363,7.4,-0.128,0.0
ts20556,Teen Mom 2,SHOW,jenelle chelsea kailyn leah four young women navigating complicated lives always easy young mom,2011,TV-14,41,"['reality', 'romance', 'documentation', 'comedy']",['US'],11.0,tt10349554,4.5,28.0,11.811,6.6,0.4404,0.0
ts9246,Blue Exorcist,SHOW,humans live world assiah demons gehenna two dimensions meant interfere demons still possess creatures assiah spite humans fight demons known exorcists rin okumura boy bears curse satans illegitimate son foster father sacrificed save demons avenge foster fathers death well prove rin decides follow path exorcist defeat father satan hone raw skills rin enters true cross academy train exorcist candidates,2011,TV-14,25,"['scifi', 'action', 'fantasy', 'horror', 'family', 'animation', 'drama']",['JP'],2.0,tt1799631,7.5,12985.0,46.557,8.1,-0.8519,0.0
ts27835,MeatEater,SHOW,hunter author cook conservationist steven rinella treks worlds remote beautiful regions bringing game meat field table,2012,TV-14,22,['documentation'],['US'],10.0,tt2169245,7.5,1486.0,7.81,9.0,0.5994,0.0
ts18551,Cuckoo,SHOW,cuckoo every parents worst nightmare slacker full outlandish new age ideas ken overprotective father girl whos impulsively married american hippie gap year,2012,TV-14,27,"['comedy', 'drama', 'european']",['GB'],5.0,tt2222352,5.9,20.0,13.25,6.9,-0.6249,0.0
ts36647,Rita,SHOW,independent outspoken adored students private school teacher rita fares less well adults,2012,TV-MA,40,"['comedy', 'drama', 'european']",['DK'],5.0,tt1973692,8.1,8718.0,11.299,7.7,0.5584,0.0
ts81858,Larva,SHOW,two curious worms spend days investigating otherworldly objects fall grate subterranean world,2011,TV-G,2,"['comedy', 'family', 'animation', 'drama', 'horror', 'thriller']",['KR'],5.0,tt5906984,7.1,615.0,9.644,7.4,0.3182,0.0
ts34740,My Babysitter 's Vampire,SHOW,ethan benny fledgling vampire sarah battle zombies demons supernatural beasties regularly threaten school,2011,TV-PG,22,"['scifi', 'action', 'comedy', 'fantasy', 'horror']","['CA', 'US']",2.0,tt1727434,6.9,4454.0,25.428,8.3,-0.6369,0.0
ts21081,Pablo Escobar : The Drug Lord,SHOW,pablo man natural ability business early life pablo introduced business cocaine power yields young life crime lands pablo jail builds criminal empire pablo expands power politics long conflicts congressman drug lord collide pablo enemies executed united states activates war medellin cartel,2012,TV-14,44,"['crime', 'drama', 'thriller', 'history']",['CO'],1.0,tt2187850,8.4,5019.0,337.869,7.6,-0.872,0.0
ts27586,Magi,SHOW,story flow fate battle keep world right path aladdin boy set explore world trapped room life best friend flute djinn named ugo soon enough aladdin discovers magi magician chooses kings born choose kings follow righteous path battling want destroy fate follow adventures meets others 1001 arabian nights like ali baba sinbad fights keep balance world check,2012,TV-14,24,"['scifi', 'action', 'animation', 'comedy', 'fantasy']",['JP'],3.0,tt2425098,7.8,4006.0,28.161,8.6,-0.1779,0.0
ts19779,Barbie : Life Dreamhouse,SHOW,series set reality tvesque show following barbie sisters friends daytoday activities take place dreamhouse surrounding areas much humor show derives parodying lampooning traditional reality tv format barbie franchise,2012,TV-Y,6,"['family', 'animation', 'comedy']",['US'],7.0,tt2644032,7.4,1887.0,30.905,7.4,0.6369,0.0
ts22249,Kuroko 's Basketball,SHOW,story kagami taiga enrolled seirin high school meets kuroko tetsuya schools basketball team kuroko happens shadowy sixth member legendary generation miracles basketball team together kagami kuroko aim take team interhigh school championship kurokos former teammates,2012,TV-14,24,"['comedy', 'animation', 'sport']",['JP'],3.0,tt2348803,8.3,8420.0,61.164,8.7,0.4404,0.0
ts34921,Wolverine,SHOW,wolverine mutant possessing animalkeen senses enhanced physical capabilities three retracting bone claws hand healing factor allows recover virtually wound disease toxin accelerated rate,2011,TV-14,24,"['scifi', 'animation', 'action']",['JP'],1.0,tt1847521,6.2,1519.0,8.022,6.5,0.4939,0.0
ts34737,La Reina del Sur,SHOW,years blood sweat tears woman humble origin ends becoming drug trafficking legend means,2011,TV-MA,41,"['drama', 'crime', 'action', 'thriller']",['MX'],2.0,tt1704637,8.0,2445.0,108.286,7.693,-0.2263,0.0
ts34151,TIGER & BUNNY,SHOW,alternate new york city protected band superheroes called next veteran wild tiger forced team rookie barnaby brooks jr,2011,TV-14,25,"['scifi', 'action', 'animation', 'comedy', 'crime']",['JP'],2.0,tt2061527,7.3,1028.0,8.393,7.1,-0.0258,0.0
ts32460,Inborn Pair,SHOW,betrothed utero resort group president enters arranged marriage legal assistant despite bickering love blooms,2011,TV-14,43,['drama'],['TW'],1.0,tt6357282,7.1,108.0,4.989,1.0,-0.4344,0.0
ts26776,Smile PreCure !,SHOW,candy fairy mrchenland follows shining light leads five legendary precure warriors order fight bad end kingdom villains trying vanquish entire world worst ending,2012,TV-Y7,23,"['action', 'comedy', 'scifi', 'family', 'fantasy', 'animation']",['JP'],2.0,tt5315490,6.2,391.0,10.849,7.6,-0.9393,0.4199
ts39093,EastSiders,SHOW,happens world ends show explores aftermath infidelity gay couple silver lake ca,2012,TV-MA,23,"['comedy', 'drama']",['US'],4.0,tt2558816,6.8,2783.0,5.685,6.9,0.0,0.0
ts33349,Robocar Poli,SHOW,cartoon showing toddlers important life lessons teaching police fire rescue good people want help others cars transform show useful help others,2011,TV-Y,14,"['animation', 'comedy', 'family', 'fantasy']",['KR'],4.0,tt4763642,6.0,126.0,11.341,7.7,0.9217,0.0
ts55532,LEGO Friends,SHOW,five best friends go many fun lego adventures,2012,TV-Y,16,"['animation', 'european']",['US'],5.0,tt4049416,7.6,20.0,3.483,5.0,0.9186,0.4767
ts191698,Little Baby Bum,SHOW,little baby bum fun educational show kids featuring classic new nursery rhymes friends family 6 year old mia experiences world around song sometimes bit magic,2011,TV-Y,7,"['family', 'music', 'animation']",['GB'],4.0,tt10051854,6.4,94.0,0.971,10.0,0.6041,0.0
ts45996,Outback Truckers,SHOW,jump cab men women behind wheel monster road trains reveals life really like wideopen road highly dramatic often humorous outback truckers reveals true blue heart soul aussie trucking,2012,TV-14,44,"['reality', 'documentation']",['AU'],9.0,tt5632186,7.4,264.0,6.693,8.1,0.8155,0.0
ts35426,LEGO City,SHOW,robbers escape cells good adventures funny entertaining city police put test heroes catch robber see lego city characters trusted city police dog come together help put back behind bars,2011,TV-G,4,"['animation', 'european']",['GB'],3.0,tt4168604,5.0,37.0,1.403,5.8,0.946,0.0
ts58528,Inside West Coast Customs,SHOW,inside world famous west coast customs ryan friedlinghaus presents dopest transformations dopest vehicles high end clientele ryan west coast customs team dont disappoint,2011,TV-PG,43,['reality'],['US'],8.0,tt8358972,7.3,44.0,4.71,9.1,0.3089,0.0
ts6879,El Reemplazante,SHOW,former highranking financial executive finds redemption romance hes paroled prison sentence becomes math teacher,2012,TV-MA,45,['drama'],['CL'],2.0,tt2488050,8.5,777.0,4.391,8.0,0.1531,0.0
ts39112,Justin Time,SHOW,looking adventure come along justin imaginary pals olive squidgy star biggest stories time justins imagination catapults largerthanlife adventures around world,2011,TV-Y,15,"['action', 'animation', 'comedy', 'family']",['CA'],3.0,tt1870073,6.0,16.0,3.657,8.0,0.5719,0.0
ts32561,Office Girls,SHOW,office girls 2011 taiwanese drama starring roy chiu alice ko james wen tiakeiko patrick lee started filming july 2011 first broadcast taiwan freetoair taiwan television every sunday 2200 21 august 2011 cable tv set metro every saturday 2200 28 august 2011,2011,TV-14,46,"['comedy', 'drama', 'romance']",['TW'],1.0,tt4381290,6.8,153.0,9.047,7.3,0.0,0.0
ts37864,The Glamorous Imperial Concubine,SHOW,fuya princess chu state 10thcentury imperial china five dynasties ten kingdoms period time warring kingdoms political upheaval fuyas uncle usurps throne brutally kills father fuya left orphan escapes help eunuch also falls love meng qiyou prince later shu instead uses political tool brings back kingdom many brothers attracted meng qixing meng qiyun due resemblance meng qiyuns mother emperor also falls love fuya forced marry emperor procession interrupted liu liancheng,2011,TV-PG,47,"['drama', 'history', 'romance']",['CN'],1.0,tt2272555,6.8,156.0,3.417,7.0,-0.0516,0.5106
ts44064,Drunken Love You,SHOW,love 2011 taiwanese drama starring joseph chang rainie yang kingone wang tiffany hsu alien huang tom price second installment fated love trilogy started filming january 2011 wrapped 30 april first broadcast taiwan freetoair taiwan television 17 april 2011 every sunday 2200 cable tv set metro 23 april 2011 every saturday 2100 love nominated 2011 four awards 46th golden bell awards including best leading actor television series joseph chang best directing television series mingchang chen best television series,2011,TV-14,46,"['comedy', 'drama', 'romance']",['TW'],1.0,tt2473936,6.5,114.0,3.195,8.0,0.9864,0.6369
ts27875,Masha 's tales,SHOW,masha turns loves tell stories tells would child creativity little way children see world adults,2012,TV-Y,5,"['animation', 'family']",['RU'],2.0,tt3840498,6.4,92.0,5.32,7.5,0.743,0.0
ts39465,Yours Fatefully,SHOW,fatefully singaporean chinese drama telecasted singapores freetoair channel mediacorp channel 8 make debut 29 may 2012 drama serial consists 20 episodes screened every weekday night 900 pm,2012,TV-14,44,"['drama', 'comedy', 'romance']",['SG'],1.0,tt7131690,6.7,15.0,1.796,6.0,0.0,0.0
ts69208,"Love , Now",SHOW,love 72 episode taiwanese idol romance drama television series created developed settv stars annie chen george hu main leads bobby dou harry chang taiwanese band da mouth vivi lee supporting leads drama set debut settv ettv 31 october 2012 ended last episode 5 march 2013 72 episodes,2012,TV-Y,45,['drama'],['TW'],1.0,tt6273116,7.5,124.0,1.774,6.5,0.9136,0.6369
ts20110,Peaky Blinders,SHOW,gangster family epic set 1919 birmingham england centered gang sew razor blades peaks caps fierce boss tommy shelby means move world,2013,TV-MA,58,"['crime', 'drama', 'european']",['GB'],6.0,tt2442560,8.8,511668.0,1038.077,8.558,0.0,0.0
ts20837,Outlander,SHOW,story claire randall married combat nurse 1945 mysteriously swept back time 1743 immediately thrown unknown world life threatened forced marry jamie chivalrous romantic young scottish warrior passionate affair ignited tears claires heart two vastly different men two irreconcilable lives,2014,TV-MA,60,"['scifi', 'romance', 'drama', 'fantasy']",['US'],6.0,tt3006802,8.4,156114.0,101.42,8.2,-0.4939,0.0
ts20682,Attack Titan,SHOW,several hundred years ago humans nearly exterminated titans titans typically several stories tall seem intelligence devour human beings worst seem pleasure rather food source small percentage humanity survived walling city protected extremely high walls even taller biggest titans flash forward present city seen titan 100 years teenage boy eren foster sister mikasa witness something horrific city walls destroyed colossal titan appears thin air smaller titans flood city two kids watch horror mother eaten alive eren vows murder every single titan take revenge mankind,2013,TV-MA,24,"['action', 'scifi', 'animation', 'horror', 'drama', 'fantasy']",['JP'],4.0,tt2560140,9.0,325381.0,85.661,8.6,-0.872,-0.4767
ts20824,The Originals,SHOW,spinoff vampire diaries set new orleans originals centers mikaelson siblings otherwise known worlds original vampires klaus elijah rebekah klaus must take protg marcel charge new orleans order retake city originally built new orleans klaus departed city chased father mikael constructed marcel took charge klaus returned many years ego provoked become king city every king needs heir says klaus accepting unborn child child first born hybrid werewolf,2013,TV-14,43,"['scifi', 'drama', 'fantasy', 'horror']",['US'],5.0,tt2632424,8.3,133406.0,114.436,8.6,0.4215,0.0
ts1639,The Blacklist,SHOW,raymond red reddington one fbis wanted fugitives surrenders person fbi headquarters washington dc claims fbi interests bringing dangerous criminals terrorists last two decades hes made list criminals terrorists matter fbi find know exist reddington calls blacklist reddington cooperate insists speak elizabeth keen rookie fbi profiler,2013,TV-14,43,"['thriller', 'drama', 'crime']",['US'],9.0,tt2741602,8.0,242640.0,227.557,7.6,-0.9442,0.0
ts20351,Married First Sight,SHOW,cart comes way horse reality series married first sight based hit danish format married features people agree participate extreme experiment covenants legal marriage complete stranger specialists including spiritualist relationship coach sociologist use scientific matchmaking methods determine couple met contact wedding day series documents relationships including honeymoons relatable events married life several weeks couple must decide whether remain together go individual ways,2014,TV-PG,64,"['reality', 'romance', 'european']",['US'],15.0,tt3868860,6.1,2021.0,15.176,5.6,0.4588,0.0
ts11188,The Flash,SHOW,particle accelerator causes freak storm csi investigator barry allen struck lightning falls coma months later awakens power super speed granting ability move central city like unseen guardian angel though initially excited newfound powers barry shocked discover metahuman created wake accelerator explosion everyone using new powers good barry partners star labs dedicates life protect innocent close friends associates know barry literally fastest man alive wont long world learns barry allen becomethe flash,2014,TV-14,42,"['drama', 'scifi', 'family', 'animation', 'action']",['US'],8.0,tt3107288,7.6,341393.0,537.156,7.8,0.9628,0.0
ts20248,Reign,SHOW,mary queen scots faces political sexual intrigue treacherous world french court,2013,TV-14,42,"['drama', 'fantasy', 'history']",['US'],4.0,tt2710394,7.5,47751.0,50.864,8.0,0.0,0.0
ts8146,The 100,SHOW,100 years future earth abandoned due radioactivity last surviving humans live ark orbiting planet ark wont last forever repressive regime picks 100 expendable juvenile delinquents send earth see planet still habitable,2014,TV-14,42,"['scifi', 'drama', 'action']",['US'],7.0,tt2661044,7.6,245631.0,217.82,7.9,0.0608,0.0
ts16045,Are You The One ?,SHOW,ambitious dating experiment ever attempted group gorgeous single women guys put extensive scientific matchmaking process find perfect match,2014,TV-14,41,['reality'],['US'],8.0,tt3484274,6.4,2528.0,9.479,5.9,0.8957,0.0
ts20292,Gotham,SHOW,everyone knows name commissioner gordon one crime worlds greatest foes man whose reputation synonymous law order known gordons story rise rookie detective police commissioner take navigate multiple layers corruption secretly ruled gotham city spawning ground worlds iconic villains circumstances created largerthanlife personas would become catwoman penguin riddler twoface joker,2014,TV-14,43,"['drama', 'scifi', 'thriller', 'action', 'crime']",['US'],5.0,tt3749900,7.8,227760.0,106.651,7.6,-0.6369,0.0
ts6,House Cards,SHOW,set present day washington dc house cards story frank underwood ruthless cunning politician wife claire stop nothing conquer everything wicked political drama penetrates shadowy world greed sex corruption modern dc,2013,TV-MA,52,['drama'],['US'],6.0,tt1856010,8.7,497650.0,33.936,8.1,-0.2787,0.0
ts21374,How Get Away Murder,SHOW,sexy suspensedriven legal thriller group ambitious law students brilliant mysterious criminal defense professor become entangled murder plot shake entire university change course lives,2014,TV-14,43,"['crime', 'drama', 'thriller']",['US'],6.0,tt3205802,8.1,148643.0,47.891,7.9,0.4404,-0.6908
ts14583,BoJack Horseman,SHOW,meet beloved sitcom horse 90s 20 years later bojack horseman star hit tv show horsin around today hes washed living hollywood complaining everything wearing colorful sweaters,2014,TV-MA,26,"['comedy', 'drama', 'animation']",['US'],6.0,tt3398228,8.8,148127.0,92.956,8.6,0.3612,0.0
ts20261,Madam Secretary,SHOW,years away cia elizabeth mccord pulled back political arena newly appointed secretary state tough fair smart driving international diplomacy wrangling office politics circumventing protocol negotiates global domestic issues white house home,2014,TV-14,43,"['war', 'thriller', 'drama']",['US'],6.0,tt3501074,7.6,22894.0,28.001,6.9,0.5423,0.0
ts21367,Jane Virgin,SHOW,comedydrama following chaste young woman accidentally impregnated via artificial insemination struggles inform devoutly religious family make right choices concerning child based telenovela juana la virgen,2014,TV-14,42,"['drama', 'comedy']",['US'],5.0,tt3566726,7.8,46286.0,62.316,7.952,-0.5994,0.0
ts20108,Henry Danger,SHOW,13yearold henry hart lands job danger sidekickintraining superhero captain man must learn navigate double life balancing challenges 8th grade crazy adventures reallife crime fighter,2014,TV-G,24,"['comedy', 'family', 'action', 'scifi', 'thriller', 'drama']",['US'],5.0,tt3596174,5.6,5450.0,103.628,8.3,-0.7184,-0.5267
ts20823,Orange Is New Black,SHOW,crime committed youthful past sends piper chapman womens prison trades comfortable new york life one unexpected camaraderie conflict eccentric group fellow inmates,2013,TV-MA,59,"['drama', 'comedy', 'crime']",['US'],7.0,tt2372162,8.1,298009.0,87.316,7.7,-0.34,0.0
ts32218,The Thundermans,SHOW,meet thundermans typical suburban family happens astounding superpowers center action 14yearold thunderman twins share bathroom school annoying little siblings difference sister super student super sunny disposition super looks forward superhero someday twin brother super villain,2013,TV-G,24,"['action', 'scifi', 'family', 'comedy', 'drama']",['US'],4.0,tt2712516,5.6,5525.0,44.482,8.1,0.9524,0.0
ts35682,Wentworth,SHOW,bea smith locked awaiting trial attempted murder husband must learn life works prison modern adaptation sequel iconic prisoner series,2013,TV-MA,46,"['drama', 'thriller', 'crime']",['AU'],9.0,tt2433738,8.6,22056.0,32.398,8.1,-0.91,0.0
ts20791,Z Nation,SHOW,three years zombie virus gutted country team everyday heroes must transport known survivor plague new york california last functioning viral lab waits blood,2014,TV-14,43,"['action', 'comedy', 'drama', 'horror', 'romance', 'scifi']",['US'],5.0,tt3843168,6.6,36415.0,66.412,7.2,0.7003,0.0
ts20280,Marco Polo,SHOW,epic adventure follows early years famous explorer travels exotic silk road great kublai khans court marco soon finds navigating khans world greed betrayal sexual intrigue rivalry greatest challenge yet even becomes trusted companion khan violent quest become emperor world,2014,TV-MA,55,"['action', 'drama', 'history', 'documentation']",['US'],2.0,tt2189461,8.0,71735.0,22.636,7.4,0.5574,0.0
ts20288,From Dusk Till Dawn : The Series,SHOW,horror crime thriller genres collide new original series robert rodriguez based cult grindhouse classic bankrobbing brothers run lawman bent bringing justice devout family caught crossfire ancient evil eager feast,2014,TV-14,45,"['scifi', 'action', 'crime', 'fantasy', 'horror']",['US'],3.0,tt3337194,6.9,20132.0,24.329,6.3,-0.6486,0.0
ts20281,Sofia First,SHOW,set storybook world enchancia story princess sofia adventurous little girl learning adjust royal life mom marries king becomes princess overnight,2013,TV-Y,24,"['animation', 'family', 'fantasy']",['US'],4.0,tt2136138,6.8,2978.0,44.688,7.2,0.34,0.0
ts314002,The Seven Deadly Sins,SHOW,seven deadly sinsa group evil knights conspired overthrow kingdom britanniawere said eradicated holy knights although claim still live ten years later holy knights staged coup dtat assassinated king becoming new tyrannical rulers kingdom elizabeth kings daughter sets journey find seven deadly sins enlist help taking back kingdom,2014,TV-14,25,"['scifi', 'action', 'animation', 'comedy', 'fantasy']",['JP'],5.0,tt3909224,7.9,31085.0,25.225,8.503,-0.6908,-0.4588
ts32060,Sam & Cat,SHOW,sam puckett loud independent tough nails cat valentine sweet pie super flighty doesnt stop unlikely pair becoming best buds roomies together theyre power duo love fun adventure bad doesnt come cheap burgers favorite robot restaurant bots dont grow trees booming outofhome babysitting business quickly becomes answer emptypocket problems also extra reason countless wacky adventures come,2013,TV-G,24,"['comedy', 'drama', 'family']",['US'],1.0,tt2487090,5.6,9744.0,29.349,7.9,0.9661,0.0
ts2727,Derek,SHOW,derek loyal nursing home caretaker sees good quirky coworkers struggle prejudice shrinking budgets care elderly residents,2013,TV-MA,27,"['drama', 'comedy', 'european']",['GB'],3.0,tt2616280,8.1,32622.0,9.295,7.4,0.5574,0.0
ts20790,Young & Hungry,SHOW,two worlds collide josh wealthy young tech entrepreneur meets gabi feisty young food blogger looking personal chef gabi desperate job must prove mostly joshs aide prefers famous chef job josh enlists gabi prepare romantic meal girlfriend dinner goes awry gabi finds awkward position help best friend sofia joshs housekeeper gabi turns difficult situation opportunity employment maybe even love gabi gets much needed help advice joshs assistant housekeeper,2014,TV-14,21,"['comedy', 'drama', 'romance']",['US'],5.0,tt2084712,7.3,15780.0,21.126,6.8,0.9601,0.0
ts20014,Sailor Moon Crystal,SHOW,usagi tsukino chosen guardian justice sent quest locate silver crystal dark kingdom invades earth,2014,TV-14,24,"['animation', 'scifi', 'fantasy', 'romance', 'action', 'comedy', 'drama', 'family']",['JP'],4.0,tt3124992,7.8,2148.0,47.398,8.2,0.5267,0.0
ts35570,Lovesick,SHOW,finding sti dylan must get back touch every girl ever sex let know bad news,2014,TV-MA,25,"['comedy', 'european']",['GB'],3.0,tt4051832,8.0,19899.0,12.802,7.5,-0.5423,0.0
ts20336,Velvet,SHOW,1950s spain heir fashion house romances beautiful seamstress works company despite objections family,2014,TV-14,57,"['drama', 'romance', 'thriller', 'action', 'crime', 'european']",['ES'],4.0,tt2955402,8.1,6115.0,37.631,6.1,0.7351,0.0
ts35244,Tiny House Nation,SHOW,tiny house nation takes renovation experts john weisbarth zack griffinh across america help design construct tiny dream homes spaces 500 square feet tiny house nation proves size doesnt matter creative counts,2014,TV-PG,43,['reality'],['US'],5.0,tt3869500,7.1,1143.0,4.211,7.5,0.3004,0.0
ts2161,Angry Birds Toons,SHOW,angry birds toons tells life always easy piggie island red angry feathered companions chuck mathilda bomb blues terence must come together protect eggs future cunning plots bad piggies guides intelligence determination absolutely must thwart advanced technology piggies also incredibly many nevertheless huge advantage incredible stupidity piggies angry birds toon gives life characters adventures one popular games history presents amusing world cunning birds sworn enemies piggies,2013,TV-Y,2,"['comedy', 'family', 'fantasy', 'animation', 'action', 'european']",['FI'],4.0,tt3012598,6.2,835.0,6.854,6.7,0.0586,-0.5106
ts32271,Shtisel,SHOW,akiva shulem shtisel father son sit little balcony overlooking streets geula neighborhood jerusalem year passed since mother died children left nest shulam akiva remain quarreling making laughing rest world change akiva meets elisheva,2013,TV-14,49,['drama'],['IL'],3.0,tt3069894,8.6,7062.0,14.873,8.4,-0.1027,0.0
ts20097,Hemlock Grove,SHOW,one quench allconsuming thirst tame beast clawing way sleepy pennsylvania village hemlock grove two young men struggle accept painful truths family mystery white tower terrifying new threat powerful turn predators prey,2013,TV-MA,49,"['thriller', 'scifi', 'drama', 'fantasy', 'horror']",['US'],3.0,tt2309295,7.0,39998.0,22.596,7.3,-0.6249,0.0
ts22383,Rabbids Invasion,SHOW,rabbids back new tv show rabbids discovers new things learn dont know curious,2013,TV-Y7,10,"['animation', 'comedy', 'family', 'european']","['FR', 'US']",4.0,tt3105674,5.4,1930.0,11.398,6.0,-0.2411,0.0
ts36836,Zach Stone Is Gon na Be Famous,SHOW,zach hires camera crew film throughout daily life part quest become overnight celebrity even though possesses real talent zachs attempts become celebrity chef ringtone recording artist purposefully going missing hell try avenue get noticed stop nothing reaches fame,2013,TV-PG,20,['comedy'],['US'],1.0,tt1748277,8.3,3744.0,3.795,8.5,-0.8296,0.0
ts22426,The Irregular Magic High School,SHOW,world magic fairy tale existed one hundred years siblings tatsuya miyuki shiba prepare begin studies elite private magic university affiliated high school magic high school short entering different levels academic spectrum two turn peaceful campus chaotic one,2014,TV-14,23,"['action', 'scifi', 'animation', 'drama', 'fantasy', 'romance']",['JP'],2.0,tt3874528,7.1,3386.0,46.794,7.9,0.0,0.0
ts42168,Resurrection : Ertugrul,SHOW,erturul bey knights templar 13th century alba step step struggle brutal mongols depicts process establishing ottoman principality,2014,TV-14,57,"['action', 'war', 'drama', 'history']",['TR'],5.0,tt4320258,7.9,36177.0,30.409,7.7,-0.7506,0.0
ts35282,The Next Step,SHOW,follow lives elite group young dancers train next step studio,2013,TV-G,24,"['drama', 'family', 'romance']",['CA'],7.0,tt2374744,6.0,1950.0,9.889,7.2,0.0,0.0
ts20883,"Nicky , Ricky , Dicky & Dawn",SHOW,story 10yearold girl dawn haley whose sibling rivalry three brothers heightened fact quadruplets,2014,TV-G,23,"['family', 'comedy']",['US'],4.0,tt3596176,5.1,2642.0,27.683,7.3,0.0,0.0
ts11794,The Cat Hat Knows Lot About That !,SHOW,cat hat back time hes teaching sally brother nick awfully nifty things think,2013,TV-Y,19,"['animation', 'family', 'fantasy', 'scifi', 'comedy']","['CA', 'US', 'GB']",3.0,tt1699440,6.4,634.0,5.109,7.8,0.4576,0.0
ts34066,Mako : Island Secrets,SHOW,reallife mermaids sirena nixie lyla part mermaid pod lives waters mako island young members pod job protect moon pool guard trespassers night full moon mischievous mermaid girls neglect duties sixteenyearold landdweller zac enters moon pool forms special connection mako zac given fishlike tail amazing powers mermaid pod forced leave mako leaving behind three mermaid girls cast pod know theres one way allowed rejoin pod must get legs venture onto land take back zacs powers risk outcasts forever,2013,TV-G,25,"['scifi', 'action', 'family', 'fantasy', 'romance', 'comedy', 'drama']",['AU'],4.0,tt2548214,6.7,4015.0,41.013,7.6,0.2023,0.0
ts521,Black Ink Crew New York,SHOW,reality series chronicling daily operations staff drama african americanowned operated tattoo shop harlem new york,2013,TV-14,43,['reality'],['US'],10.0,tt10590068,4.6,468.0,7.659,8.5,0.0,0.0
ts82979,Talking Tom Friends,SHOW,armed technological gear great ideas unfailing sense humour talking tom friends mission reach stardom costs,2014,TV-G,14,"['animation', 'comedy', 'drama', 'family', 'action', 'fantasy', 'european']",['US'],5.0,tt4648640,6.1,411.0,22.213,8.2,0.886,0.4767
ts33590,The Haunted Hathaways,SHOW,michelle hathaway relocates new orleans open bakery daughters taylor frankie quickly learn life big easy different unbeknownst new home already occupied ghost family comprised jazz musician father ray preston sons miles louie agreeing live one roof come care rely one another driving crazy like normal family would though leery first hathaways soon discover much fun life living ghosts,2013,TV-G,24,"['comedy', 'family', 'fantasy']",['US'],2.0,tt2535732,5.0,2538.0,17.079,7.1,0.8625,-0.4767
ts33840,Nagi-Asu : A Lull Sea,SHOW,long ago humans lived beneath sea however people preferred surface abandoned living underwater permanently consequence stripped godgiven protection called ena allowed breathe underwater time rift denizens sea surface widened although contact two peoples still existed show follows story hikari sakishima manaka mukaido along childhood friends chisaki hiradaira kaname isaki forced leave sea attend school surface group also meets tsumugu kihara fellow student fisherman loves sea hikari friends lives bound change deal deepseated hatred discrimination people sea surface storms personal lives well impending tempest may spell doom dwell surface,2013,TV-14,23,"['scifi', 'animation', 'drama', 'fantasy', 'romance']",['JP'],2.0,tt3104236,7.3,1165.0,12.324,7.5,-0.1531,0.0
ts58137,Pac-Man Ghostly Adventures,SHOW,fate pacworld lies pac loyal crew protect power berries falling sinister hands betrayus evil army baddies,2013,TV-Y7,22,"['action', 'scifi', 'drama', 'animation', 'comedy', 'family', 'fantasy']","['CA', 'JP', 'US']",3.0,tt2392179,4.6,678.0,13.763,7.4,-0.7906,0.34
ts20709,Yowamushi Pedal,SHOW,sakamichi onada wimpy high school freshman loves anime initially wants enter anime club winds joining cycling club meeting two classmates already famous cyclists undertakes grueling training compete races discovers hidden talent cycling,2013,TV-14,25,"['comedy', 'animation', 'drama', 'sport']",['JP'],4.0,tt2943280,7.7,824.0,23.065,7.3,0.6808,0.0
ts10206,Ever After High,SHOW,students fairytale characters attend ever high either royals students want follow parents footsteps rebels students wish write destiny,2013,TV-Y7,29,"['action', 'animation', 'comedy', 'drama', 'family', 'fantasy', 'music', 'romance']",['CA'],5.0,tt3312378,7.7,1184.0,28.659,7.8,0.296,0.0
ts37187,Senora Acero,SHOW,adventures vicenta acero feared coyote leads dynasty illicit dealings control father,2014,TV-MA,43,"['crime', 'drama', 'romance']",['US'],5.0,tt3904068,6.8,387.0,139.363,7.8,-0.2023,0.0
ts53641,Lalaloopsy,SHOW,lalaloopsy gang adorable pets know every day perfect day celebrate magic friendship creativity collaboration,2013,TV-Y,23,['animation'],['US'],3.0,tt2827502,6.5,104.0,0.939,4.0,0.9442,0.0
ts35628,Some Assembly Required,SHOW,fourteenyearold jarvis raines gets chemistry set aunt marlene christmas assumes another boring gift boy wrong contents create chemical reaction destroys houseso much merry christmas getting even apology manufacturer knickknack toys jarvis takes court wins ends owning company,2014,TV-G,24,"['comedy', 'documentation', 'reality']",['CA'],4.0,tt2931868,8.5,22.0,12.121,6.8,0.5267,0.0
ts58010,VeggieTales House,SHOW,get ready love veggies beloved faithbased brand fresh new look bob tomato larry cucumber veggie friends venture countertop first time ever allnew television series available exclusively netflix every episode also features brandnew upbeat silly song veggie crew embarks new adventures throughout house loveable comedy stays true roots veggietales brand seamlessly weaving strong moral messages capture hearts veggie lovers ages,2014,TV-G,18,"['comedy', 'family', 'music', 'animation']",['US'],4.0,tt3692064,4.2,311.0,5.953,5.5,0.9816,0.0
ts21368,Black Money Love,SHOW,mer police officer death fiance suffers great pain body sibel mers fiance found top cliff car next fairly old rich business man shock sudden death accusations love cheating mer realizes behind suspicious murder,2014,TV-MA,76,"['action', 'drama', 'romance', 'crime']",['TR'],2.0,tt3565486,7.4,6167.0,24.363,8.2,-0.9451,0.6369
ts36127,Turbo FAST,SHOW,turbo snails improbable win indianapolis 500 superfast racer finds life forever changed returns victory tour namely tito human companion built starlite city massive miniature city elaborate adjoining race track turbo fellow snails live race however turbo finds new life less hectic friends face new rivals varieties eager take champion regardless danger turbo colleagues fast action stunt team ready challenge,2013,TV-PG,19,"['comedy', 'family', 'sport', 'scifi', 'animation', 'action']",['US'],3.0,tt3010520,6.3,613.0,7.35,8.7,0.9085,0.0
ts3799,All Hail King Julien,SHOW,king julien back shaking booty harder ever discover wild world madagascar king takes jungles craziest adventures comedy series loyal sidekicks maurice mort meet whole new cast colorful animals including ambitious head security clover villainous foosa one stop king ruling iron fistin airwavin like doesnt care,2014,TV-Y7,23,"['comedy', 'family', 'fantasy', 'animation', 'action']",['US'],5.0,tt3807022,7.0,2042.0,26.409,6.9,0.7409,0.0772
ts16117,20 Minutes,SHOW,innocent pastrycook melek gets accused injuring important politicians son loving husband ali wants help wife escape prison,2013,TV-MA,46,"['action', 'drama', 'romance']",['TR'],1.0,tt2544148,7.1,1730.0,2.294,8.0,0.7184,0.0
ts20781,Incomplete Life,SHOW,equipped nothing ged strategies game go office intern gets thrown cold reality corporate world,2014,TV-14,73,"['comedy', 'drama']",['KR'],1.0,tt4240730,8.5,1987.0,6.909,9.1,0.0,0.0
ts76743,Dokidoki ! PreCure,SHOW,thanks sharuru fairy trump kingdom power mysterious accessories called cure lovies mana transforms cure heart mana close friend rikka highclass childhood friend alice enigmatic cool super idol singer makoto become legendary saviors together purify jikochu forgotten love,2013,TV-G,23,"['animation', 'action', 'comedy', 'drama', 'fantasy', 'family']",['JP'],2.0,tt4621212,6.2,195.0,9.028,8.0,0.9571,0.0
ts75104,Zbrodnia,SHOW,peaceful lives residents inhabiting seaside town shaken following series macabre crimes,2014,TV-MA,45,"['crime', 'action']",['PL'],2.0,tt4173216,6.2,692.0,2.675,6.3,0.4404,0.0
ts34074,"That Winter , Wind Blows",SHOW,circumstances condemn oh soo oh young loveless lives untimely death first love oh soo turns ambitionless life derelict gambler gorgeous oh young leading perfect life heiress parents divorce crumbles family faces reality living life aloneparticularly light increasingly impaired vision two heavy souls cross paths fate delivers chance meeting change lives forever,2013,TV-MA,63,['drama'],['KR'],1.0,tt2806646,7.6,1836.0,5.05,7.5,0.8555,0.0
ts122290,Dharmakshetra,SHOW,end 18 days war mahabharata pandavas kauravas reach court chitragupta answer actions past life episode one character takes centre stage answer questions asked chitragupta behalf others,2014,TV-14,44,['drama'],['IN'],1.0,tt6803712,8.3,273.0,1.243,10.0,-0.5859,0.0
ts75833,Masha 's Spooky Stories,SHOW,masha explains theres need scared things like monsters dark going new school thunder common childhood fears,2014,TV-Y,5,"['animation', 'family']",['RU'],1.0,tt6979430,6.2,67.0,6.738,5.5,-0.4939,0.0
ts67797,Sammy & Co,SHOW,series following story young turtles ricky ella friends annabel octopus pipo butterfly fish within many fun exciting adventures learn life underwater quite similar life earth likewise things rarely go planned even live wise sammy safe happy setting warm reef little turtles like little kids wont able resist appeal big blue ocean,2014,TV-PG,15,"['animation', 'european']",['US'],2.0,tt2580128,5.7,31.0,1.96,7.3,0.9745,0.0
ts20238,Boss & Me,SHOW,based gu mans popular internet novel story tells kind hearted young girl works big conglomerate however one weaknesses eating loves eat upon discovering boss decides intentionally fatten happens share blood type sister thus motive making blood donor hence comedy ensues melts heart exceptional appetite cute charm,2014,TV-PG,45,"['comedy', 'romance']",['CN'],1.0,tt6186406,7.3,456.0,5.829,9.0,0.959,0.0
ts82860,Against Tide,SHOW,detective psychologist investigating string murders form crimesolving team novelist whose work inspired killings,2014,TV-14,44,['drama'],['SG'],1.0,tt7131682,7.6,11.0,0.6,6.0,-0.743,0.0
ts32752,Two Fathers,SHOW,seven years ago two men notified women dated disappeared giving birth baby girl knowing father two bachelors decided raise baby together tang xiang xi smoothtalking lawyer wen zhen hua sensitive florist young tang wen di make nontraditional family unique living arrangement attracts attention girls pigheaded teacher reclusive next door neighbor,2013,TV-14,44,"['comedy', 'drama']",['TW'],1.0,tt6707142,8.0,59.0,1.762,7.0,0.4939,0.0
ts8,Better Call Saul,SHOW,six years saul goodman meets walter white meet man become saul goodman known jimmy mcgill smalltime lawyer searching destiny immediately hustling make ends meet working alongside often jimmy fixer mike ehrmantraut series tracks jimmys transformation saul goodman man puts criminal criminal lawyer,2015,TV-MA,49,"['drama', 'crime']",['US'],6.0,tt3032476,8.8,438575.0,273.296,8.5,-0.7783,0.4404
ts37143,Alone,SHOW,hardcore survivalists put vancouver island wilderness without camera crews teams producers single mission stay alive long possible,2015,TV-MA,51,"['reality', 'documentation']",['US'],9.0,tt4803766,8.4,5037.0,26.93,7.0,0.3818,-0.25
ts38796,Stranger Things,SHOW,young boy vanishes small town uncovers mystery involving secret experiments terrifying supernatural forces one strange little girl,2016,TV-14,61,"['scifi', 'thriller', 'drama', 'fantasy', 'horror']",['US'],5.0,tt4574334,8.7,1101055.0,2226.231,8.635,-0.6705,0.0
ts21867,Schitt 's Creek,SHOW,formerly filthy rich video store magnate johnny rose soap star wife moira two kids berhipster son david socialite daughter alexis suddenly find broke forced live schitts creek small depressing town bought joke,2015,TV-14,22,['comedy'],['CA'],6.0,tt3526078,8.5,115758.0,25.254,7.6,-0.3818,0.0
ts41766,The Good Place,SHOW,eleanor shellstrop ordinary woman extraordinary string events enters afterlife comes realize hasnt good person help wise afterlife mentor shes determined shed old way living discover awesome least pretty good person within,2016,TV-14,23,"['scifi', 'romance', 'comedy', 'drama', 'fantasy']",['US'],4.0,tt4955642,8.2,152884.0,33.793,8.0,0.2268,0.4404
ts37539,One-Punch Man,SHOW,saitama hero became hero fun three years special training though hes become strong hes practically invincible fact hes strong even mightiest opponents taken single punch turns devastatingly powerful actually kind bore passion hero lost along hair yet still faced new enemies every day much longer keep going,2015,TV-PG,22,"['action', 'animation', 'comedy', 'fantasy', 'scifi', 'horror', 'drama']",['JP'],2.0,tt4508902,8.7,152231.0,133.336,8.4,0.9774,0.0
ts36577,The Last Kingdom,SHOW,show heroic deeds epic battles thematic depth embraces politics religion warfare courage love loyalty universal search identity combining real historical figures events fictional characters story people combined strength one iconic kings history order reclaim land build place call home,2015,TV-MA,55,"['action', 'drama', 'war', 'history', 'european']",['GB'],5.0,tt4179452,8.5,132561.0,153.281,8.3,0.9313,0.0
ts35201,Food Wars ! Shokugeki Soma,SHOW,yukihira soumas dream become fulltime chef fathers restaurant surpass fathers culinary skill yukihira graduates middle schools father yukihira jouichirou closes restaurant travel cook around world although downtrodden soumas fighting spirit rekindled challenge jouichirou survive elite culinary school 10 students graduate souma survive,2015,TV-MA,24,"['drama', 'comedy', 'fantasy', 'thriller', 'animation']",['JP'],5.0,tt4731072,8.2,10022.0,28.642,8.6,0.128,-0.5983
ts42069,The Crown,SHOW,gripping decadesspanning inside story majesty queen elizabeth ii prime ministers shaped britains postwar destiny crown tells inside story two famous addresses world buckingham palace 10 downing street intrigues love lives machinations behind great events shaped second half 20th century two houses two courts one crown,2016,TV-MA,56,"['drama', 'history', 'european']","['GB', 'US']",5.0,tt4786824,8.7,194243.0,75.521,8.2,0.8807,0.0
ts36885,Ash vs Evil Dead,SHOW,bruce campbell reprises role ash williams aging lothario chainsawhanded monster hunter whos spent last three decades avoiding maturity terrors evil dead deadite plague threatens destroy mankind hes forced face demons metaphorical literal,2015,TV-MA,30,"['action', 'scifi', 'comedy', 'horror', 'fantasy', 'thriller']",['US'],3.0,tt4189022,8.4,70087.0,30.426,7.7,-0.9744,-0.8658
ts36147,Lucifer,SHOW,bored unhappy lord hell lucifer morningstar abandoned throne retired los angeles teamed lapd detective chloe decker take criminals longer hes away underworld greater threat worst humanity could escape,2016,TV-14,47,"['scifi', 'crime', 'drama', 'fantasy']",['US'],6.0,tt4052886,8.1,313124.0,922.112,8.523,-0.9661,0.0
ts35793,Forged Fire,SHOW,competitors recreate weapons historical periods ranging japanese katanas medieval broadswords ancient throwing blades entry judged artistry well functionality accuracy,2015,TV-PG,42,['reality'],['US'],9.0,tt4680444,8.3,3632.0,24.602,8.1,-0.2023,-0.34
ts53051,The OA,SHOW,prairie johnson blind child comes home community grew sight restored hail miracle others dangerous mystery prairie wont talk fbi parents seven years went missing,2016,TV-MA,55,"['scifi', 'drama', 'fantasy']",['US'],2.0,tt4635282,7.8,103176.0,33.623,7.6,-0.128,0.0
ts38199,The Magicians,SHOW,brakebills university secret institution specializing magic amidst unorthodox education spellcasting group twentysomething friends soon discover magical fantasy world read children real poses grave danger humanity,2015,TV-14,44,"['scifi', 'drama', 'fantasy']",['US'],5.0,tt4254242,7.6,50193.0,41.602,7.7,-0.4404,0.0
ts42062,Miraculous : Tales Ladybug & Cat Noir,SHOW,normal high school kids day protectors paris night miraculous follows heroic adventures marinette adrien transform ladybug cat noir set capture akumas creatures responsible turning people paris villains neither hero knows others true identity theyre classmates,2015,TV-Y7,21,"['animation', 'action', 'family', 'fantasy', 'romance']",['FR'],5.0,tt2580046,7.7,10102.0,266.566,8.0,0.4168,0.0
ts41961,Queen South,SHOW,teresa flees mexico drugrunner boyfriend murdered settling dallas looks become countrys reigning drug smuggler avenge lovers murder,2016,TV-MA,42,"['drama', 'thriller', 'action', 'crime']",['US'],5.0,tt1064899,7.9,29495.0,42.381,7.623,-0.8885,0.0
ts35251,Grace Frankie,SHOW,elegant proper grace freewheeling eccentric frankie pair frenemies whose lives turned upside permanently intertwined husbands leave together must face starting 70s 21st century world,2015,TV-MA,29,"['drama', 'comedy']",['US'],7.0,tt3609352,8.2,51116.0,25.429,7.6,0.7351,0.4215
ts41956,Designated Survivor,SHOW,tom kirkman lowlevel cabinet member suddenly appointed president united states catastrophic attack state union kills everyone presidential line succession,2016,TV-14,44,"['war', 'action', 'drama', 'thriller']",['US'],3.0,tt5296406,7.5,89300.0,40.372,7.2,-0.7351,0.3612
ts38718,Slasher,SHOW,thirty years ago sleepy community waterbury killer known executioner murdered sarah bennetts parents sarah husband dylan returned town find centerpiece series horrifying murders centered around seven deadly sins,2016,TV-MA,46,"['crime', 'drama', 'horror', 'thriller']",['CA'],4.0,tt4667888,6.7,14321.0,33.199,6.6,-0.9657,0.0
ts42014,60 Days In,SHOW,unprecedented look life behind bars indianas clark county jail seven innocent volunteers sent live among general population 60 days without officers fellow inmates staff knowing secret,2016,TV-14,46,"['documentation', 'reality']",['US'],7.0,tt10112398,7.6,2676.0,8.446,6.8,0.34,0.0
ts53664,Fauda,SHOW,top israeli agent comes retirement hunt palestinian militant thought hed killed setting chaotic chain events motion,2015,TV-MA,40,"['war', 'drama', 'thriller', 'action']",['IL'],4.0,tt4565380,8.2,26158.0,41.37,7.5,-0.7845,0.0
ts37866,Call My Agent !,SHOW,top paris talent firm agents scramble keep star clients happyand business afloatafter unexpected crisis,2015,TV-MA,55,"['comedy', 'drama', 'european']",['FR'],4.0,tt4277922,8.3,14061.0,20.42,7.9,-0.128,0.0
ts42120,Travelers,SHOW,hundreds years last surviving humans discover means sending consciousness back time directly people 21st century travelers assume lives seemingly random people secretly working teams perform missions order save humanity terrible future,2016,TV-MA,45,"['scifi', 'thriller', 'drama']",['CA'],3.0,tt5651844,8.0,55485.0,37.756,7.6,0.3182,0.0
ts42077,Medici : Masters Florence,SHOW,story medici family florence ascent simple merchants power brokers sparking economic cultural revolution along way also accrue long list powerful enemies,2016,TV-14,54,"['war', 'romance', 'thriller', 'drama', 'history', 'european']","['IT', 'GB']",3.0,tt5057130,7.9,18891.0,31.427,7.8,-0.1027,0.0
ts52922,Leah Remini : Scientology Aftermath,SHOW,leah remini along high level former scientology executives church members explores individual accounts exchurch members families meetings interviews leah episode features stories former members whose lives affected churchs harmful practices even well left organization,2016,TV-14,46,"['documentation', 'history']",['US'],3.0,tt6244192,9.0,5890.0,6.44,8.2,0.128,0.0
ts18010,Bloodline,SHOW,dramatic thriller explores demons lurking beneath surface contemporary american family rayburns hardworking pillars florida keys community black sheep son comes home 45th anniversary parents hotel threatens expose rayburns dark secrets shameful past pushing siblings limits family loyalty,2015,TV-MA,57,"['drama', 'thriller']",['US'],3.0,tt3520702,7.9,51422.0,17.338,7.3,-0.4588,0.0
ts36129,Crazy Ex-Girlfriend,SHOW,rebecca bunch successful driven possibly crazy young woman impulsively gives everything partnership prestigious law firm upscale apartment manhattan desperate attempt find love happiness exotic hotbed romance adventure suburban west covina california,2015,TV-14,42,['comedy'],['US'],4.0,tt4094300,7.8,20028.0,19.268,6.9,0.93,-0.34
ts36631,Narcos,SHOW,gritty chronicle war colombias infamously violent powerful drug cartels,2015,TV-MA,52,"['drama', 'thriller', 'crime']",['US'],3.0,tt2707408,8.8,410463.0,75.495,7.973,-0.7184,0.0
ts36550,DC 's Legends Tomorrow,SHOW,heroes alone enough world needs legends seen future one desperately try prevent happening timetraveling rogue rip hunter tasked assembling disparate group heroes villains confront unstoppable threat one planet stake time ragtag team defeat immortal threat unlike anything ever known,2016,TV-14,42,"['drama', 'action', 'scifi']",['US'],7.0,tt4532368,6.8,101178.0,63.898,7.4,-0.9118,0.0
ts70529,Norsemen,SHOW,norsemen epic humorous drama series set viking age residents 8thcentury viking village experience political rivalry social change innovations upend culture way life,2016,TV-MA,31,"['comedy', 'drama', 'history']",['NO'],3.0,tt5905354,7.7,18456.0,30.431,7.0,0.3818,0.0
ts41975,Shooter,SHOW,bob lee swagger expert marksman living exile coaxed back action learning plot kill president,2016,TV-14,41,"['action', 'war', 'drama']",['US'],3.0,tt4181172,7.5,36165.0,45.055,7.1,-0.6908,0.0
ts38734,Marcella,SHOW,marcella shocked core husband jason leaves unexpectedly confessing longer loves heartbroken marcella returns mets murder squad ten years ago marcella gave fasttracked police career marry devote life family abrupt end marriage isolated 13 year old daughter 10 year old son marcella throws work stop falling apart,2016,TV-MA,45,"['crime', 'drama', 'european']",['GB'],3.0,tt5269594,7.4,30969.0,25.841,7.1,-0.8834,0.0
ts36015,Into Badlands,SHOW,land controlled feudal barons great warrior young boy embark journey across dangerous land find enlightenment genrebending martial arts series loosely based classic chinese tale journey west,2015,TV-14,43,"['action', 'drama']",['US'],3.0,tt3865236,7.9,46030.0,22.624,7.6,0.0516,0.0
ts35554,Scream : The TV Series,SHOW,starts youtube video going viral soon leads problems teenagers lakewood serves catalyst murder opens window towns troubled past everyone secrets everyone tells lies everyone fair game,2015,TV-14,43,"['thriller', 'drama', 'crime', 'horror', 'comedy']",['US'],3.0,tt3921180,7.1,40676.0,38.018,6.9,-0.8979,-0.4019
ts21981,iZombie,SHOW,medical student becomes zombie joins coroners office order gain access brains must reluctantly eat maintain humanity every brain eats also inherits memories must solve deaths help medical examiner police detective,2015,TV-14,42,"['crime', 'scifi', 'drama', 'comedy', 'horror']",['US'],5.0,tt3501584,7.8,67213.0,45.203,7.792,0.7579,0.0
ts35563,Supergirl,SHOW,twentyfouryearold kara zorel taken danvers family 13 sent away krypton must learn embrace powers previously hiding danvers teach careful powers reveal unexpected disaster setting journey heroism,2015,TV-14,42,"['scifi', 'action', 'drama']",['US'],6.0,tt4016454,6.2,122911.0,91.102,7.3,0.1027,0.0
ts21869,Sense8,SHOW,one gunshot one death one moment time irrevocably links eight minds disparate parts world putting others lives others secrets terrible danger ordinary people suddenly reborn sensates,2015,TV-MA,62,"['scifi', 'drama', 'thriller']",['US'],2.0,tt2431438,8.2,152865.0,34.974,7.8,-0.886,0.0
ts47714,Kim 's Convenience,SHOW,funny heartfelt story kims koreancanadian family running convenience store downtown toronto mr mrs kim appa umma immigrated toronto 80s set shop near regent park two kids jung janet young adults however jung 16 appa major falling involving physical fight stolen money jung leaving home father son estranged since,2016,TV-14,22,['comedy'],['CA'],5.0,tt5912064,8.2,17706.0,17.034,7.8,0.0,0.0
ts38710,Wynonna Earp,SHOW,wyatt earps great granddaughter wynonna battles demons creatures unique abilities posse dysfunctional allies thing bring paranormal justice,2016,TV-14,43,"['western', 'action', 'scifi', 'thriller', 'drama', 'fantasy']","['CA', 'US']",4.0,tt4878326,7.3,22565.0,30.342,8.0,0.7845,0.0
ts21885,Unbreakable Kimmy Schmidt,SHOW,woman rescued doomsday cult lands new york city must navigate world didnt think even existed anymore,2015,TV-14,30,"['comedy', 'drama']",['US'],4.0,tt3339966,7.6,71266.0,25.634,7.2,-0.25,0.0
ts35253,Dark Matter,SHOW,sixperson crew derelict spaceship awakens stasis farthest reaches space memories wiped clean recollection got board clue identities cargo bay full weaponry destination remote mining colony become war zone idea whose side face deadly decision amnesiacs turn backs history pasts catch,2015,TV-14,43,"['scifi', 'thriller', 'drama', 'action']",['CA'],3.0,tt4159076,7.5,42177.0,19.743,6.7,-0.4767,0.0258
ts41289,Flowers,SHOW,dark comedy eccentric members flowers family maurice deborah barely together yet divorce live maurices batty mother maladjusted twin children,2016,TV-14,25,"['comedy', 'drama', 'european']",['GB'],2.0,tt5619658,8.1,5650.0,4.476,7.4,0.3612,0.0
ts38090,Versailles,SHOW,story young louis xiv journey become powerful monarch europe battles fronde development sun king historical fictional characters guide us world betrayal political maneuvering revealing versailles glory brutality,2015,TV-MA,54,"['drama', 'history', 'romance', 'war', 'documentation', 'comedy', 'european']","['CA', 'FR']",3.0,tt3830558,7.9,16505.0,31.857,7.8,-0.6249,0.0
ts21986,Good Witch,SHOW,cassie nightingale middletons favorite enchantress youngteenage daughter grace shares special intuition mom welcome dr sam radford son town new york transplants move next grey house immediately spellbound motherdaughter duo next door sam cassie quickly find may see eye eye signature charm cassie attempts bring everyone together ensuring middleton new changes big surprises course little bit magic good witch based bells beloved character cassie ravenhaired enchantress kept audiences spellbound seven installments hallmark channels longestrunning highestrated original movie franchise time,2015,TV-G,43,"['scifi', 'fantasy', 'comedy', 'drama']",['US'],7.0,tt3906732,7.2,10556.0,35.952,7.7,0.973,0.1027
ts36177,Glitch,SHOW,police officer doctor face emotionally charged mystery seven local residents inexplicably return dead peak physical form,2015,TV-MA,52,"['scifi', 'thriller', 'drama', 'horror']",['AU'],3.0,tt4192782,7.3,17240.0,48.448,6.8,-0.7269,0.0
ts35775,Wet Hot American Summer : First Day Camp,SHOW,first day camp outrageous prequel hilarious 2001 cult classic movie camp firewood anything happen,2015,TV-MA,29,['comedy'],['US'],2.0,tt4341500,7.3,23947.0,9.636,6.4,-0.0772,0.0
ts38415,Frontier,SHOW,chaotic violent struggle control wealth power north american fur trade late 18th century canada told multiple perspectives frontier takes place world business negotiations might resolved closequarter hatchet fights delicate relations native tribes europeans spark bloody conflicts,2016,TV-MA,47,"['action', 'history', 'drama']",['CA'],3.0,tt4686698,7.1,20979.0,23.849,6.8,-0.891,0.0
ts42687,PJ Masks,SHOW,connor greg amaya normal kids day night activate bracelets link pajamas give fantastic super powers turning alternate identities pj masks team consists catboy connor gekko greg owelette amaya together go adventures solve mysteries learn valuable lessons,2015,TV-G,15,"['family', 'animation', 'scifi', 'action', 'fantasy', 'european']",['GB'],5.0,tt4148744,5.4,1268.0,42.328,5.0,0.93,0.0
ts38511,Love,SHOW,rebellious mickey goodnatured gus navigate thrills agonies modern relationships,2016,TV-MA,32,"['comedy', 'drama', 'romance']",['US'],3.0,tt4061080,7.7,42357.0,26.397,7.3,0.0772,0.6369
ts38304,Servant People,SHOW,modest humble teacher vasily caught camera raging miserable situation country pupil posts video youtube becomes viral sensation everybody loves vasilys outrage people start gathering money presidential campaign wins servant people follows vasilys new life president interest changing life wants stay live flat parents borrow money friends end month take bike work work powerful man country,2015,TV-MA,29,['comedy'],['UA'],3.0,tt6235122,7.3,3266.0,19.089,7.2,0.7506,0.0
ts35354,Zoo,SHOW,set amidst wave violent animal attacks sweeping across planet young renegade scientist thrust race unlock mystery behind pandemic time runs animals humans alike,2015,TV-14,43,"['drama', 'scifi', 'thriller']",['US'],3.0,tt3250026,6.6,24694.0,30.71,6.6,-0.7783,0.0
ts42170,Crashing,SHOW,comedy drama crashes straight lives loves six twentysomething adults living together property guardians disused hospital,2016,TV-MA,30,"['comedy', 'european']",['GB'],1.0,tt5295524,7.7,20370.0,8.663,7.3,0.7964,0.0
ts41906,The Disastrous Life Saiki K .,SHOW,gifted wide assortment supernatural abilities ranging telepathy xray vision kusuo saiki finds socalled blessing nothing curse inconveniences powers cause constantly pile kusuo aims ordinary hasslefree lifea life ignorance bliss,2016,TV-14,10,"['scifi', 'comedy', 'animation', 'fantasy']",['JP'],3.0,tt6354518,8.4,7086.0,40.266,8.4,0.882,-0.5994
ts36046,BUNK 'D,SHOW,siblings emma ravi zuri ross leave extravagant new york city penthouse return camp kikiwaka rustic summer camp maine parents met teenagers,2015,TV-G,24,"['comedy', 'drama', 'family']",['US'],6.0,tt4591680,5.3,3287.0,50.043,7.2,-0.0516,0.0
ts39007,Van Helsing,SHOW,vanessa helsing daughter famous vampire hunter dracula nemesis abraham van helsing resurrected five years future find vampires taken world possesses unique power humanitys last hope lead offensive take back lost,2016,TV-14,42,"['scifi', 'action', 'fantasy', 'horror', 'drama']",['US'],5.0,tt5197820,6.2,22172.0,95.708,7.1,-0.34,0.0
ts36545,Quantico,SHOW,diverse group recruits arrived fbi quantico base training best brightest vetted seems impossible one suspected masterminding biggest attack new york city since 911,2015,TV-14,43,"['drama', 'thriller', 'crime']",['US'],3.0,tt4428122,6.6,60567.0,23.057,6.5,0.6369,0.0
ts42169,ERASED,SHOW,satoru fujinuma struggling manga artist ability turn back time prevent deaths mother killed turns back time solve mystery ends back elementary school disappearance classmate kayo,2016,TV-14,22,"['drama', 'thriller', 'animation', 'fantasy', 'scifi']",['JP'],1.0,tt5249462,8.5,44643.0,25.494,8.7,-0.6249,0.0
ts36856,F Family,SHOW,follow murphy family back 1970s kids roamed wild beer flowed freely nothing came man tv,2015,TV-MA,27,"['comedy', 'drama', 'animation']",['US'],5.0,tt4326894,8.0,36562.0,18.906,7.3,0.4404,0.0
ts37971,Master None,SHOW,30yearold new york actor dev takes pillars maturity first big job serious relationship busting sex offenders subway,2015,TV-MA,32,"['drama', 'comedy']",['US'],3.0,tt4635276,8.3,72881.0,11.678,7.6,-0.4215,0.0
ts41490,Hap Leonard,SHOW,darkly comic swamp noir story two best friends set late 1980s based novels joe r lansdale series follows hap collins east texas white boy weakness southern women leonard pine gay black vietnam vet hot temper,2016,TV-MA,42,"['action', 'thriller', 'crime', 'drama']",['US'],3.0,tt3729898,7.6,7696.0,6.942,7.2,0.4019,0.0
ts41963,Easy,SHOW,eclectic starstudded anthology follows diverse chicagoans fumbling modern maze love sex technology culture first dates friends benefits couples kids whatever relationship status always complicated,2016,TV-MA,30,"['drama', 'comedy']",['US'],3.0,tt5562056,6.9,13620.0,23.522,6.2,0.872,0.4404
ts37464,Occupied,SHOW,near future norway occupied russia behalf european union due fact newly elected environmental friendly norwegian government stopped important oil gasproduction north sea,2015,TV-MA,45,"['war', 'drama', 'thriller']",['NO'],3.0,tt4192998,7.6,9044.0,12.526,7.4,0.4767,0.0
ts52838,3 %,SHOW,future elite inhabit island paradise far crowded slums get one chance join 3 saved squalor,2016,TV-MA,46,"['scifi', 'action', 'drama', 'thriller']",['BR'],4.0,tt4922804,7.3,25452.0,29.033,7.2,0.8807,0.0
ts41149,The Ranch,SHOW,pro athlete didnt pan colt hes helping dad brother keep ranch afloat figuring fits family,2016,TV-MA,30,"['comedy', 'drama', 'western']",['US'],5.0,tt4998212,7.4,38420.0,25.365,7.5,0.296,0.0
ts53099,Bordertown,SHOW,story di kari sorjonen serious crime unit lappeenranta family investigations variety harrowing homicides around border area,2016,TV-MA,59,"['drama', 'crime', 'european']",['FI'],3.0,tt4937942,7.6,10782.0,15.882,7.7,-0.5859,0.0
ts38204,Making Murderer,SHOW,filmed 10 years reallife thriller follows dna exoneree exposing police corruption becomes suspect grisly new crime,2015,TV-14,62,"['documentation', 'crime']",['US'],2.0,tt5189670,8.6,94419.0,8.723,7.9,-0.7506,-0.6808
ts42655,Wanted,SHOW,two complete strangers lola chelsea intervene fatal carjacking waiting suburban bus stop subsequently thrust chase authorities across australia vehicle filled cash strangers must rely solely run,2016,TV-14,45,"['crime', 'drama', 'action']",['AU'],3.0,tt5193358,7.6,5920.0,12.755,7.2,-0.6908,0.0
ts36983,Fuller House,SHOW,dj tannerfuller widow mother three things become much handle asks help sister stephanie bestfriend kimmy,2016,TV-Y7,27,"['comedy', 'family']",['US'],5.0,tt3986586,6.7,27445.0,25.211,7.6,0.4019,0.0
ts38783,Secret City,SHOW,beneath placid facade canberra amidst rising tension china america senior political journalist harriet dunkley uncovers secret city interlocked conspiracies putting innocent lives danger including,2016,TV-MA,50,"['war', 'thriller']",['AU'],3.0,tt4976512,7.4,8086.0,12.012,6.6,-0.5106,0.0
ts38116,Mobile Suit Gundam : Iron-Blooded Orphans,SHOW,mikazuki augus young member private security company known cgs accepts mission protect young woman seeking liberate martian city chryse earths rule sets chain events threatens send galaxy back war,2015,TV-MA,24,"['war', 'action', 'scifi', 'animation', 'drama']",['JP'],2.0,tt15432108,7.9,1660.0,9.168,7.1,-0.0516,0.0
ts35256,Chef 's Table,SHOW,emmynominated docuseries find whats inside kitchens minds international culinary stars redefining gourmet food,2015,TV-MA,50,['documentation'],['US'],7.0,tt4295140,8.5,15352.0,10.447,7.9,0.0,0.0
ts35362,Locked Up,SHOW,set take blame corporate fraud young macarena ferreiro locked highsecurity womens prison surrounded tough ruthless criminals tense provocative spanish thriller,2015,TV-MA,49,"['drama', 'thriller', 'action', 'european']",['ES'],4.0,tt4524056,8.2,21862.0,156.976,8.0,-0.9403,0.0
ts42156,Degrassi : Next Class,SHOW,follow group high school freshmen sophomores juniors seniors degrassi community school fictional school toronto ontario encounter typical issues challenges common teenagers life,2016,TV-PG,24,"['drama', 'romance']",['CA'],6.0,tt5320160,6.8,3285.0,12.075,7.0,0.0772,0.0
ts3844,Aquarius,SHOW,late 1960s los angeles police sergeant complicated personal life starts tracking smalltime criminal budding cult leader seeking vulnerable women join cause name man charles manson,2015,TV-14,43,"['drama', 'thriller', 'crime', 'european']",['US'],2.0,tt3768572,7.0,12279.0,13.111,6.8,-0.4767,0.0
ts41913,Frequency,SHOW,detective raimy sullivan stunned voice suddenly crackles fathers old longbroken ham radio frank sullivan somehow transmitting airwaves decades 1996 separated twenty years father daughter reunited frequency hear rewrite story lives without risking everyone love,2016,TV-14,18,"['scifi', 'drama', 'fantasy', 'thriller']",['US'],3.0,tt5531470,7.4,13723.0,12.16,7.3,-0.4226,0.0
ts42119,Greenleaf,SHOW,unscrupulous world greenleaf family sprawling memphis megachurch scandalous secrets lies numerous faithful born church greenleaf family love care beneath surface lies den iniquitygreed adultery sibling rivalry conflicting valuesthat threatens tear apart core faith holds together,2016,TV-MA,42,['drama'],['US'],5.0,tt4971144,7.3,5227.0,18.424,7.4,-0.0516,0.0
ts52830,Gilmore Girls : A Year Life,SHOW,set nearly decade finale original series revival follows lorelai rory emily gilmore four seasons change,2016,TV-14,92,"['drama', 'comedy']",['US'],1.0,tt5435008,7.6,37577.0,14.808,7.6,0.3182,0.0
ts42090,Last Chance U,SHOW,docuseries set one ncaa footballs fertile recruiting grounds guys red flags seek prove worth field class,2016,TV-MA,59,"['documentation', 'sport']",['US'],5.0,tt5863126,8.4,6897.0,14.88,7.3,0.2263,0.25
ts53287,Roman Empire,SHOW,stylish mix documentary historical epic chronicles reign commodus emperor whose rule marked beginning romes fall,2016,TV-14,44,"['drama', 'documentation', 'history', 'war']",['US'],3.0,tt6233538,7.0,7742.0,21.454,6.9,0.0,0.0
ts37660,Reply 1988,SHOW,nostalgic trip back late 1980s lives five families five teenage kids living small neighborhood seoul,2015,TV-14,92,"['comedy', 'drama', 'family', 'romance']",['KR'],1.0,tt5182866,9.2,6718.0,18.37,8.7,0.0,0.0
ts38731,Rebellion,SHOW,group young men women dublin 1916 embroiled fight independence easter rising story begins outbreak world war expectations short glorious campaign dashed social stability eroded irish nationalism comes fore tumultuous events follow seen eyes group friends dublin belfast london play vital conflicting roles narrative irelands independence,2016,TV-14,51,"['war', 'drama', 'history', 'european']","['IE', 'GB']",2.0,tt4699982,7.1,3802.0,13.651,7.1,0.4019,-0.128
ts38809,The Get Down,SHOW,1977 new york city talented soulful youth south bronx chase dreams breakneck beats transform music history,2016,TV-MA,62,"['drama', 'music']",['US'],2.0,tt4592410,8.2,22462.0,7.479,7.348,0.7184,0.0
ts53249,Trollhunters : Tales Arcadia,SHOW,uncovering mysterious amulet average teen assumes unlikely destiny sets save two worlds,2016,TV-Y7,22,"['scifi', 'action', 'fantasy', 'comedy', 'drama', 'animation', 'family']",['US'],3.0,tt1734135,8.4,16779.0,50.896,8.5,0.4939,0.0
ts42137,Voltron : Legendary Defender,SHOW,five unlikely teenage heroes flying robot lions unite form megapowerful voltron defend universe evil,2016,TV-Y7,24,"['action', 'scifi', 'comedy', 'fantasy', 'drama', 'animation', 'family']",['US'],8.0,tt5580664,8.1,8821.0,16.452,7.4,-0.2732,0.1027
ts38758,Ajin,SHOW,17 years ago immortals first appeared battlefields africa later rare unknown new immortal lifeforms began appearing among humans became known ajin demihumans summer vacation japanese high school student instantly killed traffic accident way home school however revived price placed head thus begins boys life run humankind,2016,TV-MA,23,"['action', 'scifi', 'thriller', 'animation', 'horror', 'drama', 'fantasy']",['JP'],2.0,tt5537534,7.6,6199.0,17.293,8.2,-0.8176,0.0
ts35987,Transformers : Robots In Disguise,SHOW,years events predacons rising bumblebee summoned back earth battle several cybertrons wanted decepticons escaped crashed prison ship assembles team young autobots includes sideswipe rebel bad boy bot strongarm elite guard cadet grimlock bombastic dinobot fixit hyperactive minicon faulty wiring,2015,TV-Y7,21,"['comedy', 'scifi', 'animation', 'action']",['US'],5.0,tt3604232,6.0,1066.0,11.302,7.6,-0.9062,-0.25
ts38770,Lady Dynamite,SHOW,singlecamera halfhour comedy based maria bamford accepted life sometimes surreal story woman loses finds st,2016,TV-MA,30,"['drama', 'comedy']",['US'],2.0,tt4789300,7.3,3693.0,6.236,7.4,0.3182,0.1779
ts42257,Signal,SHOW,detectives present detective past communicate via walkietalkie solve longtime unsolved case,2016,TV-MA,71,"['crime', 'thriller', 'drama', 'fantasy', 'scifi']",['KR'],2.0,tt5332206,8.5,6659.0,9.477,8.1,0.2023,0.0
ts42022,El marginal,SHOW,excop entered prison convicted false identity order infiltrate within group prisoners kidnapped teenage daughter important national judge,2016,TV-MA,54,"['drama', 'crime', 'thriller', 'action']",['AR'],5.0,tt5820976,8.1,4047.0,94.391,8.2,-0.7003,0.0
ts37944,A Very Secret Service,SHOW,height cold war 1960 andr merlaux joins french secret service contends enemies foreign bureaucratic,2015,TV-MA,27,"['comedy', 'european']",['FR'],2.0,tt4367560,7.7,3574.0,9.227,7.5,-0.7964,0.0
ts38568,Flaked,SHOW,funky california beach enclave chips goto guy personal insights isnt quite enlightened comes baggage,2016,TV-MA,33,"['comedy', 'drama', 'romance']",['US'],2.0,tt4973548,7.2,11474.0,8.853,6.9,-0.5015,0.0
ts52981,White Rabbit Project,SHOW,kari byron tory belleci grant imahara rank historys greatest inventions heists,2016,TV-PG,48,['reality'],['US'],1.0,tt10767386,6.9,1667.0,3.977,6.9,0.7717,0.0
ts41258,Cinderella Four Knights,SHOW,eun hawon college student bright girl wants veterinarian home lonely isolated family members eun hawon lives father stepmother stepsister mother died car accident one day helps mysterious old man old man suggests live mansion pursue dream becoming veterinarian since moves mansion lives three cousins kang jiwoon kang hyunmin kang seowoo bodyguard lee yoonsung,2016,TV-PG,61,"['drama', 'family', 'comedy', 'romance']",['KR'],1.0,tt5764414,7.4,3943.0,34.735,7.3,-0.6124,0.0
ts43209,The Cuba Libre Story,SHOW,recounts tumultuous history cuba nation foreign conquest freedom fighters cold war political machinations,2015,TV-14,45,"['documentation', 'history', 'european']",['DE'],2.0,tt5319838,7.6,1649.0,3.412,6.8,0.0258,0.0
ts55365,The Haunted House,SHOW,help 102yearold goblin dwelling beneath haunted apartment building two siblings deal ghosts take spooky mysteries,2016,TV-PG,25,"['thriller', 'horror', 'animation', 'comedy', 'drama', 'family', 'fantasy']",['KR'],7.0,tt9518312,8.3,83.0,40.65,10.0,-0.0772,-0.4767
ts36630,Dinotrux,SHOW,half dinosaur half construction truck fullon fun watch giant ty rux little buddy revvit crew come facetoface evil dstructs,2015,TV-Y7,23,"['action', 'comedy', 'family', 'animation']",['US'],5.0,tt1396212,6.7,465.0,8.914,7.4,0.128,0.0
ts41995,Zumbo 's Just Desserts,SHOW,australias willy wonka adriano zumbo acclaimed british chef rachel khoo go search australias sweetest home cooks amateur dessert makers around country put sweet baking skills test ultimate dessert king queen crowned,2016,TV-14,50,['reality'],['AU'],2.0,tt7239256,6.9,2177.0,5.174,6.1,0.4588,0.0
ts39017,Dawn Croods,SHOW,worlds first family back laughs discover sports sleepovers wonders world exotic creatures adventures 2d animated cartoon based 3d animated feature film croods,2015,TV-Y7,23,"['action', 'comedy', 'family', 'animation']",['US'],4.0,tt5193172,5.8,723.0,27.252,7.7,0.6808,0.0
ts11670,The Adventures Puss Boots,SHOW,worlds greatest feline fighter lover milk connoisseur back original series filled daring adventures great boots laughoutloud fun entire family entranced puss fantastical cg world filled new characters exotic locations mystical tales make stuff legends theres nothing get celebrated swashbuckling kittys wayexcept maybe hairball,2015,TV-Y7,23,"['comedy', 'family', 'animation', 'action', 'fantasy', 'western']",['US'],6.0,tt3807034,6.6,1726.0,22.766,6.9,0.9726,0.34
ts76079,Grizzy & Lemmings,SHOW,forest rangers house area human civilization middle untamed wilderness vast natural reserve canada ranger away bear named grizzy feels rangers house territory given bears sit top food chain making way inside home grizzy takes advantage modern conveniences including comfortable sofa air conditioning fully equipped kitchen hes alone though group small creatures called lemmings also populate rangers house away grizzy lemmings civilized enough live together peace becomes atmosphere madness two sides try outdo tricks,2016,TV-Y7,7,"['animation', 'comedy', 'family', 'european']",['FR'],3.0,tt6717058,7.1,599.0,23.688,8.3,0.7717,0.0
ts43272,Terrace House : Boys & Girls City,SHOW,six men women start strangers live together one roof provided beautiful house car script,2015,TV-14,29,"['reality', 'drama']",['JP'],1.0,tt4790546,8.1,1663.0,5.125,8.1,0.5994,0.0
ts36547,Club de Cuervos,SHOW,patriarch prominent family dies heirs battle determine gain control beloved soccer team cuervos nuevo toledo,2015,TV-MA,46,"['drama', 'comedy']",['MX'],4.0,tt4680240,8.2,5586.0,25.34,8.4,0.7506,0.0
ts56748,T @ gged,SHOW,tgged modern day thriller explores terrifying risks social media world anonymity,2016,TV-14,21,"['drama', 'thriller', 'reality']",['US'],3.0,tt5881326,7.1,2077.0,11.589,8.0,-0.6597,0.0
ts42127,The Windsors,SHOW,comedy soap opera reimagining lives british royal family never seen,2016,TV-MA,27,['comedy'],['GB'],3.0,tt5692740,7.1,2677.0,4.763,7.3,0.3612,0.0
ts41883,The K2,SHOW,patriotic bodyguard abandoned country colleagues hidden daughter leading presidential candidate regards love tool revenge first lady contender hides ambition charisma behind kind friendly personality,2016,TV-14,65,"['action', 'drama', 'war', 'romance', 'thriller']",['KR'],1.0,tt5966882,7.8,6194.0,27.411,7.4,0.6369,0.0
ts42628,Netflix Presents : The Characters,SHOW,rules expectations half hour make mark eight different comedians get episode show skills comedy,2016,TV-MA,33,['comedy'],['US'],1.0,tt5228026,5.2,861.0,4.376,5.2,0.5719,0.0
ts37804,W/ Bob & David,SHOW,dishonorably discharged navy seals bob david back serving country way best making sketch comedy four halfhours brand new comedy featuring new characters new scenes importantly new wigs,2015,TV-MA,35,['comedy'],['US'],1.0,tt4574708,7.4,4160.0,4.117,6.8,0.8885,0.0
ts35406,Between,SHOW,story town siege mysterious disease wiped everybody except 21 years old series explores power vacuum results government quarantined 10mile diameter area left inhabitants fend,2015,TV-14,25,"['scifi', 'thriller', 'drama']",['CA'],2.0,tt4132692,5.9,9172.0,13.581,5.7,0.0,0.0
ts41253,Love O2O,SHOW,makes man fall love woman first sight appearance aura wealth campus prince gaming expert student xiao nai first saw bei wei wei made fall love extraordinary beauty slim slender fingers flying across keyboard calm composed manner embarrassing time gaming expert bei wei wei time place computer methodically commanding guild war perfect glorious victory despite disadvantage completely unaware cupid nearby soon basketball player swimmer allaround excellent student game company president xiao nai uses tactics offline take beautys heart therefore romance slowly bloomed drama adapted novel gu man,2016,TV-14,45,"['drama', 'romance']",['CN'],1.0,tt6055498,7.9,2585.0,27.228,6.1,0.9853,0.6369
ts54110,Puffin Rock,SHOW,life sweet beautiful puffin rock puffling oona baby brother baba pals learn nature friendship family follow pufflings adventures explore wild island,2015,TV-Y,11,"['comedy', 'animation', 'family', 'european']",['IE'],2.0,tt3590338,8.6,919.0,3.171,8.0,0.9042,0.0
ts77654,Care Bears Cousins,SHOW,care bears cousins,2015,TV-Y,22,['animation'],['US'],2.0,tt4680360,6.8,83.0,3.153,9.2,0.4939,0.4939
ts79799,Dragons : Race Edge,SHOW,unlock secrets dragon eye come face face dragons anyone ever imagined hiccup toothless dragon riders soar edge adventure,2015,TV-Y7,22,"['scifi', 'family', 'animation', 'action', 'comedy', 'fantasy', 'drama']",['US'],6.0,tt4816058,8.2,6376.0,52.569,8.2,-0.0258,0.0
ts38230,The Method,SHOW,graduation main character yesenia dreams work ing rodion meglin mysterious secretive man lone investigator little known methods yesenia turns trainee begins realize essence method meglin maniac feels instinctively allowed eliminate look others save lives heroine never meant work alone go alone facing horrible crimes last decade,2015,TV-MA,51,"['crime', 'drama', 'thriller']",['RU'],2.0,tt5155576,7.4,2784.0,6.577,7.8,0.5236,0.0
ts56032,La Niña,SHOW,young woman part guerrilla force seeks better life city wants study medicine heal instead hurt shell challenge since part outsidethelaw groups always leaves consequences,2016,TV-MA,0,"['action', 'drama']",['CO'],1.0,tt5677942,8.4,649.0,23.759,7.7,-0.0516,0.0
ts128895,Midnight Diner : Tokyo Stories,SHOW,anthology human relationship stories connected open wee hours diner characters frequent resolutions often facilitated ownerchef,2016,TV-14,25,['drama'],['JP'],2.0,tt6150576,8.4,4149.0,11.357,7.7,0.0,0.0
ts58068,Inside World 's Toughest Prisons,SHOW,crime journalist paul connolly goes behind bars worlds notorious toughest prisons immersing maximum security facilities around world live prisoner encounters inmates locked crimes meets men women right side law tasked keeping criminals behind bars,2016,TV-MA,48,"['crime', 'documentation']",['GB'],5.0,tt6322264,7.1,2747.0,5.099,7.5,-0.91,-0.0772
ts37896,Conspiracy,SHOW,skeptics others discuss widely held conspiracy theories involving aliens government coverups secret assassinations intrigues,2015,TV-14,43,"['history', 'documentation', 'european']",['GB'],1.0,tt4761054,6.2,379.0,2.421,5.8,-0.765,-0.5267
ts43230,The Deep,SHOW,adventures nekton family family daring underwater explorers live aboard stateoftheart submarine aronnax explore uncharted areas earths oceans unravel mysteries deep,2015,TV-Y7,22,"['action', 'family', 'scifi', 'animation']",['AU'],4.0,tt4991910,7.8,667.0,13.096,7.8,0.6124,0.0
ts76092,Rosario Tijeras,SHOW,worlds collide vengeanceobsessed young woman side tracks captures attention two welloff friends,2016,TV-MA,45,"['drama', 'action', 'crime', 'romance', 'thriller']",['MX'],3.0,tt6340304,6.1,340.0,293.969,7.4,0.4215,0.0
ts35596,Bella Bulldogs,SHOW,head cheerleaders life takes unexpected twist riflelike throwing arm takes sidelines becoming middle schools starting quarterback bella dawson confident caring talented teenager suddenly finds fulfilling lifelong dream also navigate world teammates troy sawyer newt without losing two best friends pepper sophie cheer squad,2015,TV-G,23,"['comedy', 'family', 'sport']",['US'],2.0,tt3596178,4.9,2255.0,12.273,7.9,0.9525,0.0
ts42260,Chelsea Does,SHOW,comedienne writer chelsea handler discusses topics marriage racism silicon valley drugs filmed four parts,2016,TV-MA,70,['documentation'],['US'],1.0,tt5275894,7.3,2476.0,3.273,6.5,-0.5423,0.0
ts86021,Molang,SHOW,molang affectionate humorous perspective relationship eccentric joyful enthusiastic rabbit shy discreet emotional little chick despite many differences two enjoy unique friendship great times together ranging mundane extraordinary whether theyre flying moon merely watering vegetable patch molang piu piu experience unexpected even unsettling situations tricky incidents misunderstandings soon transformed opportunities fun moments humor molangs friends happy come share,2015,TV-G,3,"['animation', 'comedy', 'family', 'european']",['FR'],3.0,tt6046238,8.3,367.0,9.07,8.0,0.9889,0.0
ts55559,Ask Storybots,SHOW,based awardwinning educational apps storybots curious little creatures live world beneath screens go fun adventures help answer kids questions like night happens need brush teeth,2016,TV-Y,26,"['animation', 'comedy', 'family']",['US'],3.0,tt5846856,8.4,878.0,7.471,8.4,0.9042,0.0
ts38512,Cooked,SHOW,explored lenses four natural elements fire water air earth cooked enlightening compelling look evolution food means us history food preparation universal ability connect us highlighting primal human need cook series urges return kitchen reclaim lost traditions forge deeper meaningful connection ingredients cooking techniques use nourish,2016,TV-PG,53,['documentation'],['US'],1.0,tt5347906,7.6,43.0,3.188,7.5,0.765,0.0
ts54100,World Winx,SHOW,winx travel world searching talent wow preventing mysterious talent thief kidnapping,2016,TV-Y7,24,"['action', 'fantasy', 'animation', 'comedy', 'family', 'european']","['US', 'IT']",2.0,tt5874596,6.6,727.0,6.824,8.2,0.7096,0.0
ts35360,Inspector Gadget,SHOW,dr claw returns inspector gadget brought retirement defeat penny brains open participation,2015,TV-Y,22,"['action', 'scifi', 'animation', 'comedy', 'family']","['CA', 'US']",4.0,tt3910690,4.5,625.0,10.856,6.9,-0.4588,0.0
ts38757,Kong : King Apes,SHOW,set 2050 kong becomes wanted fugitive wrecking havoc alcatraz islands natural history marine preserve humans hunt formidable animal dont realize though kong framed evil genius plans terrorize world army enormous robotic dinosaurs beast strong enough save humanity mechanical dinos kong must rely help three kids know truth,2016,TV-Y7,21,"['animation', 'family', 'scifi', 'action', 'comedy']",['US'],2.0,tt5462936,5.8,331.0,13.218,6.5,-0.1531,0.0
ts43119,Real Rob,SHOW,centers around comedian rob schneiders real life living hollywood,2015,TV-14,31,['comedy'],['US'],2.0,tt3741346,6.3,2857.0,6.43,6.2,-0.25,-0.5574
ts53106,Tokyo Trial,SHOW,wake world war ii 11 allied judges tasked weighing fates japanese war criminals tense international trial,2016,TV-MA,48,"['drama', 'history']","['JP', 'US']",1.0,tt4040530,7.4,1544.0,5.247,6.9,-0.9313,0.0
ts38805,Beat Bugs,SHOW,jay kumi crick buzz walter best friends band together explore learn overgrown suburban backyard entire universe episode animated series features songs beatles performed artists including daniel johns robbie williams pink tell uplifting lifeaffirming stories filled hope melody,2016,TV-Y,15,"['family', 'animation', 'comedy', 'fantasy']",['AU'],3.0,tt4716268,7.6,524.0,6.682,6.6,0.8807,0.0
ts75829,Lego Bionicle : The Journey One,SHOW,six legendary heroes find epic quest harness power natures elements defeat forces evil,2016,TV-Y7,20,"['action', 'fantasy', 'scifi', 'animation']",['US'],2.0,tt5075942,5.4,177.0,7.108,7.3,-0.6249,0.0
ts42075,Intersection,SHOW,naz paediatrician loses baby pregnancy even though husband wants another baby refuses go thing goes italy conference meets ali nejat,2016,TV-MA,107,['drama'],['TR'],2.0,tt5303668,6.5,1221.0,15.226,5.7,-0.3182,0.0
ts42038,No Tomorrow,SHOW,riskaverse straightarrowed female procurement manager amazonlike distribution center falls love freespirited man lives life fullest believes apocalypse imminent embark quest together fulfill individual bucket lists comedic poignant results,2016,TV-14,47,"['comedy', 'drama', 'romance', 'thriller']",['US'],1.0,tt10936232,7.1,5137.0,7.687,6.3,0.8689,-0.296
ts51368,Skylanders Academy,SHOW,follow heroic adventures skylanders team group heroes unique elemental skills personalities travel vast skylands universe protecting evildoers showing next wave academy cadets things skylander way,2016,TV-Y7,23,"['action', 'animation', 'comedy', 'family', 'fantasy']",['US'],3.0,tt5916218,6.5,760.0,14.848,6.1,0.7096,0.0
ts39014,Kuromukuro,SHOW,mecha attack research center students pilots researchers must fight back help mysterious artifacts young samurai,2016,TV-14,24,"['comedy', 'drama', 'animation', 'action', 'scifi']",['JP'],2.0,tt5895314,7.2,1290.0,6.887,6.7,-0.4588,0.0
ts41948,Hip Hop Evolution,SHOW,hiphop today global culture changed music dance fashion language even politics worldwide cultural movement begin trace hiphop back humble beginnings kids bronx crammed house parties rec rooms public parks hear music like theyd never heard,2016,TV-MA,45,"['documentation', 'music']",['CA'],4.0,tt4130418,8.4,5772.0,4.48,7.8,0.6369,0.0
ts54156,Chef 's Table : France,SHOW,sample bold new flavors france chefs pushing boundaries fine dining reinventing rich culinary tradition,2016,TV-14,46,['documentation'],['US'],1.0,tt6088326,8.2,1734.0,4.096,8.6,0.7906,0.0
ts36740,Project Mc²,SHOW,mckeyla adrienne bryden camryn four super smart scienceskilled girls recruited join spy organization nov8,2015,TV-G,25,['family'],['US'],6.0,tt4861760,5.8,1026.0,5.445,8.1,0.8316,0.0
ts41899,Nightmare Teacher,SHOW,homeroom teacher yosan private high school accident thus substitute comes fill han bonggu mysterious man strange occurrences class president yerim tries get bottom mystery,2016,TV-MA,16,"['drama', 'horror', 'thriller']",['KR'],1.0,tt6209442,7.1,446.0,5.677,8.4,-0.5994,0.0
ts43501,Secrets Great British Castles,SHOW,historian dan jones explores millennium history behind six great britains famous castles warwick dover caernarfon tower london carrickfergus stirling,2015,TV-PG,44,"['documentation', 'history', 'european']",['GB'],2.0,tt5181284,7.8,1060.0,3.459,7.3,0.6249,0.6249
ts56221,Rainbow Ruby,SHOW,rainbow ruby story spunky resourceful little girl magically transports rainbow village whimsical land inhabited toys transforms different jobs help save day cgianimated preschool series takes childhood fantasy dolls come life mixes aspirational heroine proves anything want,2016,TV-Y,12,"['family', 'fantasy', 'animation', 'comedy']",['CN'],4.0,tt5828144,6.6,80.0,12.713,10.0,0.8807,0.0
ts81483,Simon,SHOW,simon adorable little rabbit exudes vitality childhood hes age little rabbits indeed little children starting come challenging relationships parents embarking upon school life learning world general dealing authority course language,2016,TV-Y,5,"['comedy', 'family', 'animation']",['FR'],2.0,tt7699866,7.0,129.0,3.507,9.5,0.73,0.0
ts35463,Richie Rich,SHOW,richie rich boy turned vegetables clean energy source result rich trillion dollars rich lives family mansion filled toys contraptions best friends darcy murray always side along irona richies robot maid dad cliff loves naps bit dense jealous sister harper also darcy loves spending money murray doesnt want anything budget,2015,TV-PG,23,['comedy'],['US'],2.0,tt4160920,3.0,1073.0,9.491,6.5,0.98,0.5574
ts38764,Marseille,SHOW,longtime mayor marseille preparing hand reins protg sudden ruthless battle erupts control city,2016,TV-MA,42,"['drama', 'european']",['FR'],2.0,tt4003966,6.8,5163.0,8.888,6.6,0.1531,0.0
ts38761,Another Miss Oh,SHOW,two women working industry exact name keep getting lives entangled professionally personally,2016,TV-MA,69,"['comedy', 'drama', 'family', 'fantasy', 'romance']",['KR'],1.0,tt5679572,7.8,1866.0,17.289,8.2,0.0,-0.1531
ts144323,Unnatural Selection,SHOW,three high school students decide escape mundane urban environment embark fishing adventure,2015,TV-MA,35,"['reality', 'documentation', 'comedy']",['US'],1.0,tt11063952,8.1,12.0,2.736,7.5,0.4588,0.0
ts74929,H20 : Mermaid Adventures,SHOW,lives teenagers emma cleo rikki forever changed magical forbidden island gives power turn mermaids,2015,TV-Y,24,"['animation', 'family', 'comedy', 'drama', 'fantasy', 'romance', 'european']",['FR'],2.0,tt4610750,5.7,194.0,8.908,8.8,-0.4215,0.34
ts38772,Dear My Friends,SHOW,life everdelightful everchallenging group friends twilight years rediscover love family,2016,TV-MA,70,"['comedy', 'drama']",['KR'],1.0,tt5689030,8.2,366.0,4.766,8.0,0.8074,0.6908
ts86831,The Good Cop,SHOW,danny confino fulltime cop one polices worst times period image low ebb ousted every week harassed commanders twice week budgets cut complaints police piled dip offices returns parents home order live temporarily temporary becomes permanent danny finds life home superior crime scene,2015,TV-MA,28,"['comedy', 'drama']",['IL'],3.0,tt6070434,7.6,385.0,1.542,7.0,-0.926,0.4404
ts41260,"Hello , My Twenties !",SHOW,different personalities life goals taste men five female college students become housemates shared residence called belle epoque,2016,TV-14,63,"['comedy', 'drama', 'romance']",['KR'],2.0,tt5858892,8.3,2161.0,14.835,7.3,0.34,0.0
ts42089,Haters Back Off,SHOW,delve oddball family life miranda sings incredibly confident totally untalented star rise continues fail upward power belief born famous one knows yet,2016,TV-14,29,"['comedy', 'drama', 'family', 'romance']",['US'],2.0,tt5467814,5.9,7274.0,7.102,6.4,-0.0018,-0.4939
ts38717,Good Morning Call,SHOW,high school girl finally gets apartment share popular boy school one know theyre living together,2016,TV-14,48,"['comedy', 'drama', 'romance']",['JP'],2.0,tt5520732,7.5,3161.0,15.259,7.3,0.6124,0.4404
ts21979,Spotless,SHOW,london life jean troubled crime scene cleaner turned upside outlaw brother martin crash lands world entangling deadly dynamics organized crime,2015,TV-MA,58,"['crime', 'comedy', 'drama', 'european']",['FR'],1.0,tt3834000,7.7,3663.0,6.213,7.0,-0.872,0.0
ts42011,Cheer Squad,SHOW,great white sharks sisterhood first loves new jobs bad breakups everything also elite athletes idolized thousands members best allstar cheerleading team world cheer squad follows twotime world cheerleading champions long road defending title try balance life mat allconsuming battle stay top,2016,TV-PG,42,['reality'],['CA'],1.0,tt5993744,7.2,167.0,1.168,7.9,0.9571,0.5106
ts36741,Fartsa,SHOW,epic saga takes place long time span 1961 1991 midpoint story view friendship four boys season main heroes 20s childhood friends sake friendship ready sacrifice anything everyone dreams circumstances take difficult path forced kinds underground economic dealings early 60s worst successful business successful get real dreams,2015,TV-14,60,"['drama', 'crime']",['RU'],1.0,tt4567218,6.7,197.0,2.722,7.2,0.9524,0.0
ts57705,The Paper,SHOW,last independent newsroom country taken construction magnate reasons nothing love respect journalism,2016,TV-MA,49,"['drama', 'crime', 'action']",['HR'],3.0,tt5868220,7.4,64.0,3.809,7.6,-0.7115,0.0
ts42347,Word Party,SHOW,meet bailey franny kip lulu theyre adorable baby animals want join party help learn,2016,TV-Y,13,"['family', 'animation']",['US'],5.0,tt5235950,5.5,352.0,2.382,8.3,0.8779,0.4019
ts127430,StoryBots Super Songs,SHOW,based awardwinning educational apps storybots super songs centers storybots curious little creatures live world beneath screens help answer humans biggest questions,2016,TV-Y,21,"['animation', 'family']",['US'],1.0,tt6163070,8.7,170.0,0.6,9.0,0.836,0.5994
ts42218,Sin senos sí hay paraíso,SHOW,young woman born mafiacontrolled town seeks revenge wrongfully harmed imprisoned family,2016,TV-MA,47,"['action', 'drama', 'romance', 'crime']",['CO'],4.0,tt5676412,6.5,554.0,243.868,7.5,-0.8591,-0.5574
ts38769,Chelsea,SHOW,first talk show first kind ideas people places fascinate unique style,2016,TV-MA,52,['comedy'],['US'],2.0,tt5672036,6.0,2072.0,16.004,5.1,0.7783,0.0
ts41294,Mossad 101,SHOW,cadets every level israeli society undergo intense training join countrys elite highly classified intelligence service mossad series revolves around secret mossad compound called hamidrasha surrounded surveillance cameras equipped technological devices compound operates training course 13 trainees sent complicated missions order test suitability occupation improvisation seduction impersonation abilities yonna commander course criticizes mediocrity mossads agents demands new trainees higher level execution decides create new training program test trainees via unusual radical situations apart excellence yonna demands creative box thinking,2015,TV-MA,42,"['action', 'drama']",['IL'],2.0,tt4354042,6.7,649.0,5.022,5.9,0.9228,0.0
ts41485,Vanished 46,SHOW,genetics professor experiments treatment comatose sister blends medical shamanic cures unlocks shocking side effect,2016,TV-MA,63,"['drama', 'action', 'scifi', 'crime', 'thriller']",['TR'],1.0,tt5606154,8.2,4326.0,2.184,7.8,-0.4019,0.0
ts53543,The Miracle,SHOW,could twin sisters polar opposites kwon shi ah beautiful sister gorgeous every way member popular girl group known miracle girls since preschool shia worked model teen actress becoming idol fraternal twin sister shi yeon almost double body size shi ah always ridiculed bullied school large frame shi yeon become recluse prefers staying home producing internet broadcast within safety room time shi yeon ventures visit mysterious tarot card reader gives shi yeon magical tarot card every day twin sisters lives turned upside wake one day realize souls switched bodies idol musician shi yeons high school crush think women thought knew,2016,TV-14,18,"['drama', 'comedy', 'fantasy', 'music']",['KR'],1.0,tt6703344,6.3,214.0,11.974,8.0,0.8779,0.5859
ts83224,Toon,SHOW,reclusive socially awkward jingle composer toon must navigate nightmarish world show biz viral video skyrockets fame,2016,TV-MA,27,['comedy'],['NL'],2.0,tt5698140,7.6,892.0,2.503,8.2,0.3182,0.0
ts42155,Home : Adventures Tip & Oh,SHOW,picking 2015 film left comingofage buddy comedy follows fearless tip overenthusiastic oh navigate crazily combined human alien culture live finding adventure everywhere go,2016,TV-Y7,21,"['comedy', 'scifi', 'animation', 'family', 'fantasy']",['US'],4.0,tt5759196,6.0,604.0,6.585,7.0,0.6369,0.34
ts55556,A Touch Green,SHOW,drama tells story air force pilots families 1945 1971 husbands embarked patriotic missions fight enemies families must content horror wars mass emigration distant land death love ones shared experience brought military families together support one another,2015,TV-MA,53,"['drama', 'war']",['TW'],1.0,tt5231950,8.4,341.0,4.43,9.2,-0.8271,0.0
ts43341,Atelier,SHOW,young fabric geek lands job upscale japanese lingerie company quickly discovers shell need help survive,2015,TV-14,69,"['drama', 'documentation', 'comedy']",['JP'],1.0,tt4790548,6.3,7.0,2.932,7.8,0.2263,0.0
ts54010,My Runway,SHOW,egotistic top male model pretty model wannabe forced live others lives figure way undo body switch,2016,TV-14,24,"['comedy', 'drama', 'fantasy', 'romance']",['KR'],1.0,tt6968336,6.3,266.0,10.522,7.6,-0.1027,0.0
ts55223,72 Dangerous Places Live,SHOW,get close personal avalanches fiery volcanoes natural cataclysms learn choose live destructive paths,2016,TV-PG,45,['documentation'],['AU'],1.0,tt5674272,6.2,357.0,1.849,6.0,-0.5994,-0.4767
ts84398,Little Things,SHOW,cohabiting couple 20s navigate ups downs work modernday relationships finding contemporary bengaluru,2016,TV-MA,25,"['drama', 'romance', 'comedy']",['IN'],4.0,tt6522580,8.2,6542.0,6.822,7.8,0.0,0.0
ts52825,The Princess Weiyoung,SHOW,princess descended ruined noble family disguises woman saved life embarks mission avenge loved ones,2016,TV-14,45,"['drama', 'history', 'romance']",['CN'],1.0,tt6353308,7.7,800.0,10.875,7.2,0.6808,0.0
ts51367,Trailer Park Boys : Out Park : Europe,SHOW,lot liquor whores mustard bologna maybe cigarettes dope mostly liquor whores cigarettes balogna well mustard dope,2016,TV-MA,28,"['action', 'drama', 'comedy', 'crime']",['CA'],2.0,tt5937754,7.0,2324.0,5.537,6.2,-0.7845,0.0
ts53346,Chasing Cameron,SHOW,series stars dallas famous friends embarking new tour magcon around europe aaron carpenter taylor caniff blake gray trey schafer willie jones also starring series,2016,TV-PG,28,['reality'],['US'],1.0,tt6370626,3.5,500.0,2.452,5.8,0.4767,0.0
ts35505,Old Money,SHOW,family blessed richness power desperately seeking liver father wants hand wealth one gets organ,2015,TV-MA,47,"['comedy', 'drama', 'european']",['AT'],1.0,tt3701442,7.3,503.0,2.488,6.3,0.8979,0.0
ts78442,Coach Snoop,SHOW,see different side snoop dogg unique documentary details famous rappers efforts mentor young athletes create opportunities compete highest level youth football well meet kids coaches form snoops squad witness important life lessons learn every game,2016,TV-MA,29,['documentation'],['US'],2.0,tt5697642,6.7,590.0,2.881,7.8,0.765,0.0
ts43258,Stories Rabindranath Tagore,SHOW,characters tagores stories spring life cinematic imagination acclaimed filmmaker anurag basu stories rabindranath tagore stories rabindranath tagore shares us intricately etched characters created master brought onto small screen visionary director barfi life metro,2015,TV-PG,43,['drama'],['IN'],1.0,tt4853764,8.7,1323.0,3.572,8.8,0.765,0.0
ts82327,Три кота,SHOW,candy big brothers cookie pudding cute kittens live parents play adventures learning share chores go,2015,TV-Y,5,"['animation', 'scifi', 'comedy', 'family']",['RU'],3.0,tt7038964,7.0,101.0,0.662,8.0,0.8402,0.0
ts55966,LEGO Friends : The Power Friendship,SHOW,five best friends face adventures side side hometown zany antics love missteps better friends,2016,TV-Y,23,['animation'],['US'],2.0,tt7598452,6.7,54.0,7.272,7.7,0.9633,0.7184
ts53065,One More Time,SHOW,fantasy drama follows indie band singer repeatedly undergoes unwanted time slips girlfriend must save unlucky fate,2016,TV-14,31,"['scifi', 'drama', 'fantasy']",['KR'],1.0,tt6212990,6.8,582.0,3.778,7.2,0.3182,0.0
ts54117,Luna Petunia,SHOW,luna petunia follows adventures girl lives world plays dreamland learns make impossible possible,2016,TV-Y,24,"['animation', 'family', 'fantasy']",['CA'],3.0,tt4588068,6.3,57.0,1.722,8.0,0.5267,0.0
ts38813,Bottersnikes & Gumbles,SHOW,far away forgotten valley heaped longabandoned junk timeless battle rages good evil also squishy scaly happy grumpy clever wily handsome plain old ugly land bottersnikes gumbles,2016,TV-Y7,13,"['action', 'family', 'animation', 'comedy']","['GB', 'AU', 'US']",4.0,tt6015820,5.2,48.0,1.49,7.3,-0.3612,0.0
ts21876,My Sunshine,SHOW,studying university zhao mosheng fell love first sight law student yichen various incidents mosheng stalked yichen campus moshengs cheerful personality charmed yichen gradually became college sweethearts yichens foster sister yimei challenged mosheng yichens attention mosheng turned directly yichen clarification expect receive cold response mistaking yichen yimei couple mosheng followed fathers arrangements moved united states continue studies seven years later mosheng professional photographer returns china coincidentally bumps unforgettable yichen,2015,TV-PG,45,"['drama', 'romance']",['CN'],1.0,tt6131630,6.5,195.0,6.79,6.5,0.9413,0.4939
ts83449,Love Storm,SHOW,three grown siblings must rethink idea family learn parents getting divorced eyes new partners,2016,TV-14,87,['family'],['TW'],1.0,tt6093070,5.5,326.0,2.334,9.0,0.0,0.6369
ts83450,Close Your Eyes Before It 's Dark,SHOW,vacationing mountain cabin group longtime friends uncovers old scandal could deadly consequences,2016,TV-14,84,"['thriller', 'crime', 'drama']",['TW'],1.0,tt6506806,7.0,229.0,2.265,6.4,0.0516,0.0
ts53017,Best Lover,SHOW,best couples background set modern day korean entertainment industry story two top stars entering fake marriage secret agendas efforts defend fake marriage public learn others pains weaknesses eventually end together male lead comes poor background hard work becomes top star finds emotionally involved first love fake wife admirer female lead comes chaebol family arrogant top star neglected parents due family feudconspiracy must act strong order survive even though weak times fake marriage two people find true love true selves,2016,TV-14,45,"['drama', 'romance']",['CN'],1.0,tt9874364,6.8,82.0,3.482,9.7,0.2023,0.8402
ts52950,Miss Kiss,SHOW,earthquake destroyed xiang qins house father moved family fathers college buddy uncle ah li surprise kind amicable aunt uncle parents cold distant schoolmate jiang zhi shu genius iq 200 long ago rejected endless crush close proximity give second chance win zhi shus heart love end cold words happens competition heart,2016,TV-14,27,"['comedy', 'drama']",['TW'],1.0,tt6954524,7.7,98.0,2.05,8.0,0.8126,0.296
ts91990,The Creative Indians,SHOW,creative indians docuseries showcasing demystifying deconstructing lives journeys processes impactful creative professionals projects india across industries like cinema art design music fashion dance photography advertising,2016,TV-MA,29,['documentation'],['US'],4.0,tt9583184,8.3,45.0,0.6,9.0,0.8074,0.4404
ts53513,Back 1989,SHOW,young successful young man always felt something missing life never knew father 26 che chen already successful assistant manager investment trust raised single mother chen mu never knew identity father void nagging freak accident sends che back 27 years past year born meets 22yearold zhen zhen ye che realizes nave trusting young woman mothers best friend che realizes anything year 1989 could alter mothers future anything alter course life,2016,TV-14,44,"['scifi', 'drama']",['TW'],1.0,tt6273088,8.0,115.0,0.688,8.4,0.9022,0.0
ts77795,Derry Girls,SHOW,amidst political conflict northern ireland 1990s five high school students square universal challenges teenager,2018,TV-MA,27,['comedy'],['GB'],3.0,tt7120662,8.4,34026.0,16.567,8.1,-0.25,0.0
ts56683,The Sinner,SHOW,small new york town haunted detective hunts answers perplexing crimes wrestling demons,2017,TV-MA,45,"['crime', 'drama', 'thriller']",['US'],4.0,tt6048596,7.9,118746.0,51.938,7.5,-0.4767,0.0
ts53864,Ozark,SHOW,financial adviser drags family chicago missouri ozarks must launder 500 million five years appease drug boss,2017,TV-MA,60,"['drama', 'crime', 'thriller']",['US'],4.0,tt5071412,8.5,300454.0,146.805,8.245,0.1027,0.0
ts55668,Dark,SHOW,missing child causes four families help answers could imagine mystery would connected innumerable secrets small town,2017,TV-MA,56,"['scifi', 'crime', 'drama', 'thriller']",['DE'],3.0,tt5753856,8.7,363469.0,164.601,8.4,0.128,0.0
ts81064,Legacies,SHOW,place young witches vampires werewolves nurtured best selves spite worst impulses klaus mikaelsons daughter 17yearold hope mikaelson alaric saltzmans twins lizzie josie saltzman among others come age heroes villains salvatore school young gifted,2018,TV-14,41,"['drama', 'scifi', 'fantasy', 'horror']",['US'],4.0,tt8103070,7.2,30634.0,230.337,8.5,0.1027,0.0
ts81294,Manifest,SHOW,landing turbulent routine flight crew passengers montego air flight 828 discover five years passed seemed like hours new realities become clear deeper mystery unfolds returned passengers soon realize may meant something greater ever thought possible,2018,TV-14,42,"['drama', 'thriller', 'scifi']",['US'],4.0,tt8421350,7.1,53185.0,145.572,7.7,0.765,0.0
ts53023,Riverdale,SHOW,set present series offers bold subversive take archie betty veronica friends exploring surreality smalltown life darkness weirdness bubbling beneath riverdales wholesome facade,2017,TV-14,42,"['crime', 'drama', 'thriller', 'romance']",['US'],6.0,tt5420376,6.6,141250.0,341.862,8.531,0.2263,0.0
ts78801,Cobra Kai,SHOW,karate kid sequel series picks 30 years events 1984 valley karate tournament finds johnny lawrence hunt redemption reopening infamous cobra kai karate dojo reignites old rivalry successful daniel larusso working maintain balance life without mentor mr miyagi,2018,TV-14,31,"['action', 'drama', 'sport', 'comedy']",['US'],5.0,tt7221388,8.5,166830.0,331.306,8.167,0.5859,0.0
ts42405,Mindhunter,SHOW,agent fbis elite serial crime unit develops profiling techniques pursues notorious serial killers rapists,2017,TV-MA,53,"['drama', 'crime', 'thriller']",['US'],2.0,tt5290382,8.6,261429.0,37.904,8.0,-0.9432,0.0
ts83970,All American,SHOW,rising high school football player south central la recruited play beverly hills high wins losses struggles two families vastly different worlds compton beverly hills begin collide inspired life pro football player spencer paysinger,2018,TV-14,42,"['drama', 'sport']",['US'],5.0,tt7414406,7.6,9704.0,33.102,8.272,0.5859,0.0
ts79813,You,SHOW,dangerously charming intensely obsessive young man goes extreme measures insert lives transfixed,2018,TV-MA,47,"['crime', 'drama', 'thriller', 'romance']",['US'],3.0,tt7335184,7.7,230119.0,85.558,8.1,-0.101,0.0
ts77398,Lost Space,SHOW,crashlanding alien planet robinson family fights odds survive escape theyre surrounded hidden dangers,2018,TV-PG,49,"['drama', 'scifi', 'action', 'thriller', 'family']",['US'],3.0,tt5232792,7.3,98084.0,55.052,7.654,-0.6369,-0.3182
ts81884,Bodyguard,SHOW,troubled war veteran assigned protect controversial politician may target terror plot,2018,TV-MA,60,"['war', 'drama', 'thriller', 'crime', 'european']",['GB'],2.0,tt7493974,8.1,118124.0,19.085,7.9,-0.8591,0.0
ts82584,Rise Teenage Mutant Ninja Turtles,SHOW,rise teenage mutant ninja turtles get allnew look new weapons awesome new powers join legendary heroes raph leo donnie mikey brothers discover hidden city beneath new york learn amazing mystic ninja skills battle absurd mutants always find time slice favorite pizza cowabunga,2018,TV-Y7,17,"['action', 'comedy', 'drama', 'scifi', 'family', 'fantasy', 'animation']",['US'],2.0,tt6601082,4.9,3153.0,17.577,6.4,0.8979,0.0
ts74816,American Vandal,SHOW,truecrime satire explores aftermath costly high school prank left twentyseven faculty cars vandalized phallic images,2017,TV-MA,33,"['crime', 'comedy', 'drama']",['US'],2.0,tt6877772,8.1,30399.0,17.642,7.6,-0.1027,0.0
ts75151,Godless,SHOW,ruthless outlaw terrorizes west search former member gang whos found new life quiet town populated women,2017,TV-MA,65,"['drama', 'western', 'documentation', 'action', 'crime']",['US'],1.0,tt5516154,7.6,27.0,16.273,7.754,-0.6249,0.0
ts77955,Somebody Feed Phil,SHOW,everybody loves raymond creator phil rosenthal travels globe take local cuisine culture bangkok lisbon mexico city,2018,TV-14,52,['documentation'],['US'],5.0,tt7752034,8.2,4850.0,9.24,7.4,0.5719,0.0
ts58133,Manhunt,SHOW,inspired actual events true crime anthology series takes deep dive dark twisted minds terrorists follows brave souls hunt,2017,TV-14,43,"['crime', 'drama', 'thriller']",['US'],2.0,tt5618256,8.1,58120.0,18.55,7.7,0.2023,0.0
ts58433,The Haunting Hill House,SHOW,crains fractured family confront haunting memories old home terrifying events drove,2018,TV-MA,58,"['thriller', 'drama', 'horror']",['US'],1.0,tt6763664,8.6,231950.0,50.336,8.1,-0.7579,-0.2732
ts42477,Babylon Berlin,SHOW,beneath decadence 1929 berlin lies underworld city sin police investigator gareon rath transferred cologne epicenter political social changes golden twenties,2017,TV-MA,49,"['drama', 'thriller', 'crime', 'history', 'european']",['DE'],4.0,tt4378376,8.4,23638.0,33.053,7.9,-0.7506,0.0
ts54102,Altered Carbon,SHOW,250 years ice prisoner returns life new body one chance win freedom solving mindbending murder,2018,TV-MA,52,"['scifi', 'thriller', 'action', 'drama']",['US'],2.0,tt2261227,7.9,164872.0,52.901,7.8,0.4939,0.0
ts56261,Castlevania,SHOW,dark medieval fantasy following last surviving member disgraced belmont clan trying save eastern europe extinction hand vlad dracula tepe inspired classic video game series,2017,TV-MA,26,"['animation', 'drama', 'fantasy', 'horror', 'action']",['US'],4.0,tt6517102,8.3,62722.0,50.499,8.3,0.8316,0.0
ts84785,Dirty John,SHOW,anthology series season based true crime story featuring epic tale love gone wrong,2018,TV-MA,44,"['crime', 'drama']",['US'],2.0,tt15438396,7.2,21280.0,15.079,7.3,0.1027,-0.4404
ts57465,Dynasty,SHOW,reboot follows two americas wealthiest families carringtons colbys feud control fortune children focusing fallon carrington daughter billionaire blake carrington soontobe stepmother cristal hispanic woman marrying wasp family americas powerful class,2017,TV-14,42,['drama'],['US'],5.0,tt6128300,7.2,21637.0,49.457,8.2,0.5574,0.0
ts57120,Good Girls,SHOW,three good girl suburban wives mothers suddenly find desperate circumstances decide stop playing safe risk everything take power back,2018,TV-14,42,"['drama', 'crime', 'comedy']",['US'],4.0,tt6474378,7.7,50919.0,33.403,8.1,0.25,0.4404
ts57850,HAPPY !,SHOW,corrupt excop turned hitman nick saxs life changed forever relentlessly positive imaginary blue winged horse named happy,2017,TV-MA,43,"['scifi', 'action', 'comedy', 'crime', 'fantasy', 'thriller']",['US'],2.0,tt2452242,8.1,38172.0,13.215,7.5,0.8074,0.6114
ts74823,Wet Hot American Summer : Ten Years Later,SHOW,decade wild summer junior counselors gang reunites weekend bonding hankypanky hairraising adventures,2017,TV-MA,27,['comedy'],['US'],1.0,tt5669422,6.9,8639.0,8.032,6.6,0.34,0.0
ts53663,Workin ' Moms,SHOW,four women juggle love careers parenthood support challenge try judge life throws curveballs whether identity crisis huge job opportunity postpartum depression unplanned pregnancy face good bad grace humour,2017,TV-MA,23,"['comedy', 'drama']",['CA'],6.0,tt6143796,7.7,16488.0,23.833,7.9,0.8316,0.0
ts75097,Maniac,SHOW,two strangers drawn mysterious pharmaceutical trial theyre assured complications sideeffects whatsoever solve problems permanently things go planned,2018,TV-MA,39,"['scifi', 'comedy', 'drama']",['US'],1.0,tt5580146,7.7,77069.0,14.064,7.4,0.1531,-0.4767
ts79229,Wild Wild Country,SHOW,controversial cult leader builds utopian city oregon desert conflict locals escalates national scandal,2018,TV-MA,67,"['crime', 'documentation']",['US'],1.0,tt7768848,8.1,29939.0,9.646,7.95,-0.7184,0.0
ts55982,Anne E,SHOW,comingofage story outsider odds numerous challenges fights love acceptance place world series centers young orphaned girl late 1890s abusive childhood spent orphanages homes strangers mistakenly sent live elderly woman aging brother time 13yearold anne transform lives eventually small town live unique spirit fierce intellect brilliant imagination,2017,TV-G,46,"['drama', 'family']",['CA'],3.0,tt5421602,8.7,52756.0,150.37,8.8,0.7845,0.0
ts76243,The End F * * * ing World,SHOW,james 17 pretty sure psychopath alyssa also 17 cool moody new girl school pair make connection persuades embark darkly comedic road trip search real father,2017,TV-MA,21,"['drama', 'comedy', 'romance', 'thriller', 'crime']",['GB'],2.0,tt6257970,8.1,182217.0,50.694,8.2,0.7906,0.0
ts77852,Trolls : The Beat Goes On !,SHOW,queen poppy tries keep troll villages peace bergens inviting parties playing sports preventing crime,2018,TV-G,20,"['comedy', 'animation', 'family', 'fantasy', 'romance']",['US'],8.0,tt7539608,5.8,806.0,21.406,8.6,0.6908,0.0
ts56969,Atypical,SHOW,sam 18yearold autism spectrum takes funny yet painful journey selfdiscovery love independence upends family,2017,TV-14,31,"['comedy', 'drama']",['US'],4.0,tt6315640,8.3,81643.0,37.513,8.3,0.6369,0.0
ts39015,A Series Unfortunate Events,SHOW,orphaned baudelaire children face trials tribulations evil count olaf quest uncover secret parents death,2017,TV-PG,47,"['drama', 'action', 'comedy', 'family']",['US'],3.0,tt4834206,7.8,59959.0,55.144,7.345,-0.8519,-0.4588
ts81208,Charmed,SHOW,set fictional college town hilltowne charmed follows lives three sisters macy mel maggie vera tragic death mother discover three powerful witches time,2018,TV-14,40,"['drama', 'scifi', 'fantasy']",['US'],4.0,tt6394324,4.6,16533.0,92.694,7.427,-0.2732,0.4588
ts58155,Alias Grace,SHOW,based true story grace marks housemaid immigrant ireland imprisoned 1843 perhaps wrongly murder employer thomas kinnear grace claims memory murder yet facts irrefutable decade dr simon jordan tries help grace recall past,2017,TV-MA,44,"['drama', 'crime', 'history', 'thriller']",['CA'],1.0,tt1034007,7.7,32177.0,13.586,7.3,-0.128,0.4215
ts269185,Cold Case Files,SHOW,tense new series exploring cold cases victims death criminal convictions,2017,TV-14,42,"['crime', 'documentation']",['US'],2.0,tt6459472,7.9,1292.0,2.879,8.0,-0.9001,0.0
ts53198,One Day Time,SHOW,reimagining tv classic newly single latina mother raises teen daughter tween son help oldschool mom,2017,TV-PG,28,"['comedy', 'drama']",['US'],4.0,tt5339440,8.1,16167.0,17.017,8.1,0.4019,0.0
ts84328,The Bureau Magical Things,SHOW,ordinary teenager kyra touches mysterious book transformed trilingparthuman partfairy partelf addition acquiring amazing magical powers kyra discovers secret world magic around,2018,TV-G,24,"['scifi', 'family', 'fantasy', 'drama']",['AU'],2.0,tt7153034,6.7,2152.0,20.189,7.5,0.5859,0.0
ts53545,Santa Clarita Diet,SHOW,theyre ordinary husband wife realtors undergoes dramatic change sends road death destruction good way,2017,TV-MA,29,"['comedy', 'horror']",['US'],3.0,tt5580540,7.8,66326.0,19.982,7.5,-0.6908,0.0
ts58367,Safe,SHOW,daughter goes missing widower begins uncovering dark secrets people closest,2018,TV-MA,45,"['drama', 'thriller', 'crime', 'european']",['GB'],1.0,tt7902072,7.2,42239.0,9.531,6.9,-0.296,0.4404
ts55798,Stranger,SHOW,help gutsy female detective prosecutor lost ability feel empathy tackles murder case amid political corruption,2017,TV-MA,64,"['crime', 'drama', 'thriller', 'romance', 'scifi', 'comedy']",['KR'],2.0,tt6461346,8.5,8066.0,25.007,8.5,-0.4588,0.0
ts241248,Cocomelon,SHOW,town cocomelon baby jj siblings go fun everyday adventures nursery play exploration learning situations preschooler could relate fun relatable stories set toetapping songs,2018,TV-PG,6,"['animation', 'comedy', 'family']","['US', 'GB']",4.0,tt12427840,4.7,570.0,3.372,7.1,0.9231,0.0
ts72247,Disenchantment,SHOW,set ruined medieval city called dreamland disenchantment follows grubby adventures harddrinking princess feisty elf companion personal demon,2018,TV-14,28,"['scifi', 'comedy', 'fantasy', 'animation', 'action']",['US'],4.0,tt5363918,7.2,59907.0,49.462,7.561,-0.1779,0.0
ts75879,Big Mouth,SHOW,teenage friends find lives upended wonders horrors puberty edgy comedy reallife pals nick kroll andrew goldberg,2017,TV-MA,27,"['comedy', 'animation', 'romance']",['US'],6.0,tt6524350,7.9,76088.0,61.436,7.9,0.2263,0.0
ts74809,Knightfall,SHOW,go deep clandestine world legendary brotherhood warrior monks known knights templar,2017,TV-14,44,"['action', 'drama', 'history']",['US'],2.0,tt4555364,6.7,20112.0,28.09,7.0,0.0,0.0
ts55720,GLOW,SHOW,1980s la crew misfits reinvent gorgeous ladies wrestling,2017,TV-MA,34,"['drama', 'comedy', 'sport', 'reality']",['US'],4.0,tt0784878,8.0,45533.0,17.486,7.4,0.6124,0.0
ts312241,Oats Studios,SHOW,compilation shorts diverse experimental content weird stuff spread directly devious mind south african film director neill blomkamp,2017,TV-MA,12,"['scifi', 'horror']",['US'],1.0,tt16351432,6.4,1512.0,8.612,8.0,-0.1779,0.0
ts52821,Watership Down,SHOW,fleeing doomed warren group rabbits struggle find defend new home,2018,TV-PG,50,"['animation', 'family', 'fantasy', 'action', 'drama']",['GB'],1.0,tt5670764,7.2,6175.0,10.0,6.9,-0.7579,0.0
ts82189,BAKI,SHOW,martial arts champion baki hanma trains hard surpass legendary father five violent death row inmates descend upon tokyo take,2018,TV-MA,24,"['drama', 'animation', 'action', 'crime', 'sport']",['JP'],3.0,tt6357658,6.7,6041.0,207.49,8.1,-0.6486,0.0
ts82849,The Kominsky Method,SHOW,aging actor long ago enjoyed brush fame makes living acting coach,2018,TV-MA,26,"['drama', 'comedy']",['US'],3.0,tt7255502,8.2,38900.0,18.106,7.6,0.7351,0.0
ts55781,Black Spot,SHOW,small bordertown villefranche lost heart large forest crime rate six times higher elsewhere area new crime major laurne weiss solves help unusual team makes sink deeper deeper secrets area,2017,TV-MA,55,"['drama', 'crime', 'thriller', 'horror', 'european']","['BE', 'FR']",2.0,tt6519410,7.4,11068.0,17.457,7.0,-0.6705,0.0
ts78305,Elite,SHOW,three working class kids enroll exclusive school spain clash wealthy poor students leads tragedy,2018,TV-MA,48,"['thriller', 'drama', 'crime']",['ES'],5.0,tt7134908,7.4,75337.0,224.739,8.1,-0.6705,0.0
ts56648,The Keepers,SHOW,docuseries examines decadesold murder sister catherine cesnik suspected link priest accused abuse,2017,TV-MA,56,"['documentation', 'thriller', 'crime', 'action', 'drama']",['US'],1.0,tt6502890,8.2,14.0,8.556,7.5,-0.9186,0.0
ts42294,13 Reasons Why,SHOW,teenage girls perplexing suicide classmate receives series tapes unravel mystery tragic choice,2017,TV-MA,58,"['drama', 'thriller']",['US'],4.0,tt1837492,7.5,286015.0,80.574,7.748,-0.8176,0.0
ts54054,Imposters,SHOW,maddie persona shifting conartist beautiful dangerous leaves unwitting victims tormented realize used robbed everything including hearts things get complicated former targets ezra richard jules team track,2017,TV-14,43,"['drama', 'thriller', 'comedy', 'crime']",['US'],2.0,tt5212822,7.8,13529.0,17.273,7.3,-0.128,0.0
ts77518,Teasing Master Takagi-san,SHOW,blush lose living principle middle schooler nishikata gets constantly made fun seat neighbor takagisan pride shattered pieces vows turn tables get back day attempts tease day day find victim takagisans ridicule sooner later able make takagisan blush embarrassment even end,2018,TV-PG,24,"['animation', 'romance', 'comedy']",['JP'],3.0,tt7808344,7.7,2153.0,49.106,8.274,-0.8555,-0.0772
ts82526,Narcos : Mexico,SHOW,see rise guadalajara cartel american dea agent learns danger targeting narcos 1980s mexico,2018,TV-MA,58,"['drama', 'crime']",['US'],3.0,tt8714904,8.4,82042.0,92.102,7.9,-0.5267,0.0
ts57055,Black Lightning,SHOW,jefferson pierce man wrestling secret father two daughters principal charter high school also serves safe young people new orleans neighborhood overrun gang violence hero community,2018,TV-14,41,"['action', 'scifi', 'drama']",['US'],4.0,tt6045840,6.1,24646.0,45.271,7.2,0.34,0.0
ts77563,Mystery Science Theater 3000,SHOW,cult hit returns captured mad scientists new host jonah survives blitz cheesy b movies riffing funny robot pals,2017,TV-14,86,"['scifi', 'comedy', 'drama', 'horror', 'thriller']",['US'],2.0,tt6782014,8.1,3656.0,3.279,8.0,-0.0772,0.0
ts76458,Deadwind,SHOW,sofia karppi detective 30s trying get husbands death discovers body young woman construction site triggers chain events threatens destroy life,2018,TV-MA,46,"['crime', 'drama', 'thriller']",['FI'],3.0,tt6616260,7.2,9068.0,18.234,6.6,-0.875,0.0
ts77824,My Next Guest Needs No Introduction With David Letterman,SHOW,tv legend david letterman teams fascinating global figures indepth interviews curiosityfueled excursions monthly talk show,2018,TV-MA,50,[],['US'],4.0,tt7829834,7.8,5581.0,8.217,7.6,0.5423,-0.296
ts77197,Seven Seconds,SHOW,tensions run high african american citizens caucasian cops jersey city teenage african american boy critically injured cop,2018,TV-MA,62,"['crime', 'drama']",['US'],1.0,tt6297682,7.7,15323.0,9.766,7.4,-0.6597,0.0
ts78558,Queer Eye,SHOW,allnew fab five advise men fashion grooming food culture design modern reboot emmy awardwinning reality series,2018,TV-14,47,['reality'],['US'],6.0,tt7259746,8.5,18710.0,15.751,7.8,0.4588,0.0
ts76869,Violet Evergarden,SHOW,great war finally came end four long years conflict fractured two continent telesis slowly began flourish caught bloodshed violet evergarden young girl raised sole purpose decimating enemy lines hospitalized maimed bloody skirmish wars final leg left words person held dearest understanding meaning recovering wounds violet starts new life working ch postal services falling new intended guardian family witnesses pure chance work auto memory doll amanuenses transcribe peoples thoughts feelings words paper moved notion violet begins work auto memory doll trade take adventure one reshape lives clients hopefully lead selfdiscovery,2018,TV-14,25,"['animation', 'scifi', 'drama', 'fantasy', 'romance']",['JP'],1.0,tt7078180,8.4,20919.0,43.782,8.674,-0.4767,0.0
ts84280,Rascal Does Not Dream Bunny Girl Senpai,SHOW,puberty syndromea rumored mysterious syndrome affects puberty example bunny girl suddenly appeared front sakuta azusagawa bunny girls real identity mai sakurajima teenage celebrity currently inactive high school senior reason charming figure reflect eyes others course revealing mystery behind phenomenon sakuta begins explore feelings towards mai set city skies seas shine sakuta unfolds meaning behind bizarre encounters women said syndrome,2018,TV-14,25,"['comedy', 'thriller', 'animation', 'fantasy', 'romance', 'drama']",['JP'],1.0,tt8993398,8.1,11117.0,61.635,8.8,0.3612,-0.1877
ts79926,James Acaster : Repertoire,SHOW,offbeat comic james acaster covers strange mundane everything collection four wideranging standup specials,2018,TV-14,52,['comedy'],['GB'],1.0,tt7818686,8.4,3686.0,2.462,8.4,-0.2023,0.0
ts76865,Devilman Crybaby,SHOW,akira fudo learns best friend ryo asuka demons revive reclaim world humans humans hopeless threat ryo suggests combining demon akira becomes devilman power demon human heart,2018,TV-MA,25,"['animation', 'action', 'scifi', 'drama', 'fantasy', 'horror']",['JP'],1.0,tt6660498,7.6,19465.0,37.228,7.887,0.5267,0.0
ts83999,Hilda,SHOW,fearless freespirited hilda finds new friends adventure magical creatures leaves enchanted forest home journeys city,2018,TV-Y7,25,"['animation', 'family', 'scifi', 'drama', 'fantasy', 'comedy']",['GB'],2.0,tt6385540,8.5,10283.0,18.535,8.3,0.872,0.0
ts78430,Collateral,SHOW,pizza delivery driver shot dead south london tenacious detective goes people traffickers behind murder unravels conspiracy goes top,2018,TV-MA,57,"['thriller', 'drama', 'crime']",['GB'],1.0,tt6729080,6.7,17774.0,23.364,6.4,-0.9118,0.0
ts82228,Cells Work !,SHOW,story tale inside body according new study human body consists approximately 37 trillion cells cells hard work every day within world body oxygencarrying red blood cells bacteriafighting white blood cells get know unsung heroes drama unfolds inside oddly relatable interesting story life cells,2018,TV-14,23,"['comedy', 'animation', 'action', 'fantasy']",['JP'],2.0,tt8673610,7.5,2270.0,16.706,8.3,0.6808,0.0
ts58025,My Little Pony : Equestria Girls,SHOW,fulltime students parttime magical ponygirls equestria girls always ready save day magic friendship,2017,TV-Y,22,"['animation', 'comedy', 'family', 'fantasy']",['US'],1.0,tt13160278,6.5,661.0,11.9,8.1,0.8225,0.0
ts82597,The Dragon Prince,SHOW,extraordinary discovery inspires two human princes elven assassin team epic quest bring peace warring lands,2018,TV-Y7,27,"['action', 'scifi', 'animation', 'family', 'fantasy', 'thriller', 'drama']",['US'],3.0,tt8688814,8.4,22187.0,31.275,8.3,0.5423,0.0
ts87369,Rust Valley Restorers,SHOW,crew car lovers garage rocky mountains transforms abandoned heaps rust collectible classics,2018,TV-14,50,['documentation'],['CA'],4.0,tt9498102,7.7,2848.0,12.127,8.1,0.1027,0.0
ts55645,Five Came Back,SHOW,extraordinary story hollywood changed world war ii world war ii changed hollywood interwoven experiences five legendary filmmakers went war serve country bring truth american people john ford william wyler john huston frank capra george stevens based mark harris bestselling book five came back story hollywood second world war,2017,TV-MA,65,"['war', 'documentation', 'history']",['US'],1.0,tt6587094,8.3,4671.0,5.86,7.7,-0.936,0.0
ts81331,She-Ra Princesses Power,SHOW,reboot 80s series magic sword transforms orphan girl warrior shera unites rebellion fight evil,2018,TV-Y7,24,"['scifi', 'animation', 'comedy', 'fantasy', 'family', 'action', 'drama']",['US'],5.0,tt7745956,7.8,15584.0,26.73,8.8,-0.8176,0.0
ts80856,Chilling Adventures Sabrina,SHOW,16th birthday nears sabrina must choose witch world family human world friends based archie comic,2018,TV-14,57,"['thriller', 'scifi', 'drama', 'fantasy', 'horror']",['US'],4.0,tt7569592,7.4,91958.0,80.61,8.306,0.1531,0.3182
ts80705,Evil Genius,SHOW,baffling true crime story starts grisly death pizza man robs bank bomb around neck gets weirder,2018,TV-MA,48,"['documentation', 'crime']",['US'],1.0,tt8342862,7.5,27987.0,9.635,7.5,-0.9062,-0.6597
ts78080,Everything Sucks !,SHOW,1996 town called boring oregon high school misfits av drama clubs brave ups downs teenage emotions vhs era,2018,TV-14,24,"['drama', 'comedy']",['US'],1.0,tt7078710,7.5,18621.0,17.251,7.8,0.2732,-0.4199
ts80035,Nightflyers,SHOW,year 2093 team scientists aboard nightflyer advanced ship ever built embarks journey find life forms mission takes edge solar system edge insanity realize true horror isnt waiting outer spaceits already ship,2018,TV-MA,44,"['scifi', 'thriller', 'drama', 'horror']",['US'],1.0,tt6903284,5.8,13222.0,10.291,5.6,-0.5423,0.0
ts82560,Dark Tourist,SHOW,definition tourism redefined new zealand filmmaker david farrier sets sights world dark tourism nuclear tourism japan pablo escobarinspired tourism columbia frontier tourism turkmenistan david visits worlds grisly offbeat destinations meeting travelers drawn people telling stories day day,2018,TV-MA,41,"['action', 'documentation']",['NZ'],1.0,tt8725166,7.5,7233.0,6.668,6.5,0.0,0.0
ts84010,Pine Gap,SHOW,team talented australian american intelligence analysts work together ensure global stability one worlds important secretive joint intelligence facilities pine gap relationship australian american intelligence analysts working pine gap isnt always rosy,2018,TV-MA,56,"['drama', 'thriller']",['AU'],1.0,tt7371868,7.1,5007.0,10.479,7.3,0.9432,0.0
ts55962,Dear White People,SHOW,predominantly white ivy league college diverse group students navigate various forms racial types discrimination,2017,TV-MA,30,"['comedy', 'drama']",['US'],4.0,tt5707802,6.1,25232.0,16.376,6.4,0.0,0.3818
ts56480,Troy : Fall City,SHOW,rich story love intrigue betrayal belonging told perspective trojan royal family heart siege troy,2018,TV-MA,58,"['action', 'war', 'fantasy', 'romance']",['GB'],1.0,tt5103758,3.9,13815.0,12.655,6.5,0.6124,0.0
ts57424,The Forest,SHOW,small quiet village ardennes sixteenyearold girl disappears forest calling teacher middle night captain gaspard deker former soldier newly arrived single father conducting investigation virginie musso local cop also helping teacher eve mendel solitary young woman mysterious past found child villiage doctor wandering silently forest,2017,TV-MA,52,"['drama', 'crime', 'thriller', 'european']",['FR'],1.0,tt6560040,7.2,10234.0,18.051,7.1,-0.0516,0.0
ts56511,Cable Girls,SHOW,1920s madrid four women national telephone company ring revolution deal romance envy modern workplace,2017,TV-MA,46,"['drama', 'history', 'european']",['ES'],5.0,tt5674718,7.6,13855.0,44.083,7.9,0.3612,0.0
ts80523,Aggretsuko,SHOW,frustrated thankless office job retsuko red panda copes daily struggles belting death metal karaoke work,2018,TV-14,17,"['animation', 'comedy', 'romance', 'drama', 'music']",['JP'],4.0,tt8019444,8.0,6195.0,13.244,7.2,-0.8689,0.0
ts75772,Jack Whitehall : Travels My Father,SHOW,comic jack whitehall invites stodgy unadventurous father travel odd locations events attempt strengthen bond,2017,TV-MA,48,"['reality', 'documentation', 'comedy', 'european']",['GB'],5.0,tt7453996,7.6,5482.0,5.014,7.4,0.0,0.0
ts121489,Two Sentence Horror Stories,SHOW,anthology series terror features diverse characters facing primal fears spinechilling situations stretch past daily routine,2017,TV-14,22,"['drama', 'horror', 'thriller']",['US'],4.0,tt6873926,5.5,1900.0,8.441,5.6,-0.7351,-0.5267
ts77957,Dirty Money,SHOW,crippling payday loans cars cheat emissions tests investigative series exposes brazen acts corporate greed corruption,2018,TV-14,63,"['documentation', 'crime']",['US'],2.0,tt7889220,8.1,9159.0,11.301,7.3,-0.7351,-0.4404
ts78452,Requiem,SHOW,1994 toddler disappeared small welsh village never seen 23 years later london mother rising cello star matilda gray commits suicide without apparent reason among possessions matilda discovers tantalising evidence linking mother welsh girls disappearance years ago,2018,TV-MA,58,"['drama', 'animation', 'fantasy', 'thriller']",['GB'],1.0,tt6712390,6.4,6553.0,11.958,6.6,-0.743,0.0
ts78356,The Rain,SHOW,brutal virus wipes population two young siblings embark perilous search safety scandinavian thriller series,2018,TV-MA,43,"['scifi', 'thriller', 'drama']",['DK'],3.0,tt6656238,7.3,616.0,98.788,7.415,-0.2263,0.0
ts86296,Sunderland 'Til I Die,SHOW,docuseries follows english soccer club sunderland 201718 season try bounce back relegation premier league,2018,TV-MA,41,"['documentation', 'sport']",['GB'],2.0,tt8914684,8.1,8113.0,5.099,8.0,0.0,-0.5994
ts79422,Nailed It !,SHOW,home bakers poor track record kitchen seek redemption cash series episode three contestants try hand recreating edible masterpieces projects dont always turn great whichever amateur baker comes closest successful dessert end episode takes home 10000 prize might want use baking lessons comic nicole byer renowned pastry chef jacques torres host part reality contest part hot mess,2018,TV-PG,33,"['reality', 'comedy']",['US'],6.0,tt6987788,7.4,4742.0,8.521,7.6,0.7356,0.0
ts78298,My Mister,SHOW,world less kind young woman middleaged man develop sense kinship find warmth comfort one another,2018,TV-14,70,"['drama', 'family']",['KR'],1.0,tt7923710,9.1,6043.0,13.025,8.9,0.8228,0.0
ts88783,Bakugan : Battle Planet,SHOW,bakugan battle planet follows adventures dan kouzo best friends first kids earth bond mysterious creatures known bakugan,2018,TV-Y7,20,"['animation', 'action', 'comedy', 'family', 'fantasy', 'scifi']",['JP'],4.0,tt9527662,4.9,225.0,14.694,6.8,0.7964,-0.3818
ts57439,Damnation,SHOW,seth davenport masquerading small town iowa preacher hopes starting fullblown insurrection status quo unaware industrialist tycoon hired professional strikebreaker stop uprising means necessary epic saga secret history 1930s american heartland chronicling mythic conflict bloody struggle big money downtrodden god greed charlatans prophets,2017,TV-MA,43,"['western', 'crime', 'drama']",['US'],1.0,tt6106704,7.6,8313.0,9.193,7.0,-0.8074,-0.5574
ts53936,Innocent,SHOW,peaceful rustic town retired officer family mired murder mystery riddled shocking buried secrets,2017,TV-14,51,"['drama', 'thriller', 'crime']",['TR'],1.0,tt6478318,8.4,17727.0,7.297,8.1,-0.6369,0.34
ts56481,Great News,SHOW,new jersey mom puts relationship daughter test lands internship tv station daughter works,2017,TV-PG,21,['comedy'],['US'],2.0,tt4955480,7.0,6810.0,8.665,6.5,0.0,0.6249
ts85895,Better Than Us,SHOW,moscow distant future human beings share daily lives robots georgy forensic robot assistant suddenly finds caught first murder committed new kind experimental humanoid,2018,TV-MA,52,"['scifi', 'drama']",['RU'],2.0,tt8285216,7.3,8792.0,14.306,7.4,0.25,0.4404
ts82302,Insatiable,SHOW,bullied teenager turns beauty pageants way exact revenge help disgraced coach soon realizes hes head,2018,TV-MA,46,"['drama', 'comedy', 'thriller']",['US'],2.0,tt6487482,6.5,28006.0,81.348,7.9,-0.6124,0.0
ts81344,Explained,SHOW,documentary series made partnership vox explain worlds current trends politics science pop culture,2018,TV-MA,21,['documentation'],['US'],3.0,tt8005374,8.0,9079.0,11.637,7.7,0.0,0.0
ts77525,The Toys That Made Us,SHOW,minds behind historys iconic toy franchises discuss rise sometimes fall billiondollar creations,2017,TV-14,45,"['documentation', 'comedy', 'history']",['US'],3.0,tt7053920,8.0,5651.0,5.924,7.7,0.3818,0.0
ts85568,Perfume,SHOW,singer found murdered scent glands excised body detectives probe group friends attended boarding school,2018,TV-MA,58,"['crime', 'drama', 'thriller']",['DE'],1.0,tt6811236,7.1,8536.0,17.902,6.9,-0.3182,0.0
ts77474,Mr. Sunshine,SHOW,set early 1900s drama tells story young man korea grows united states returns korea us marine corps officer meets falls love noblewoman fighting korean independence romance complicated social class political ideology,2018,TV-MA,76,"['drama', 'history', 'romance', 'war', 'action']",['KR'],1.0,tt7094780,8.7,7054.0,16.097,8.516,0.8442,0.4939
ts57303,Friends College,SHOW,twenty years graduation tightknit group college friends reconnects discovers love hasnt gotten easier age,2017,TV-MA,30,"['comedy', 'drama']",['US'],2.0,tt5565334,6.9,20555.0,6.906,6.5,0.7156,0.4767
ts56594,Disjointed,SHOW,pot activist ruth whitefeather feldman runs medical marijuana dispensary encouraging loyal patients chill enjoy high life,2017,TV-MA,28,['comedy'],['US'],2.0,tt5884792,6.7,10153.0,14.558,5.8,0.8658,-0.3182
ts76313,Sisters,SHOW,sisters follows story three women discover sisters julia finds nobel prize winning father secretly used sperm number vitro fertilisation procedures,2017,TV-14,39,"['drama', 'comedy']",['AU'],1.0,tt8453436,7.4,1756.0,3.589,8.6,0.7906,0.0
ts79660,Creeped Out,SHOW,masked figure known curious collects tales dark magic otherworldly encounters twisted technology kids anthology series,2017,TV-PG,26,"['scifi', 'thriller', 'family', 'fantasy', 'action', 'crime', 'drama', 'history', 'horror']","['CA', 'GB']",2.0,tt7573024,6.6,1890.0,24.556,7.3,0.3182,0.0
ts75263,Wormwood,SHOW,genrebending tale errol morris explores mysterious death us scientist entangled secret cold war program known mkultra,2017,TV-14,43,"['crime', 'documentation', 'drama', 'fantasy']",['US'],1.0,tt1149367,7.0,4239.0,1.898,6.2,-0.8316,0.0
ts57814,Kakegurui,SHOW,hyakkaou private academy institution privileged peculiar curriculum see youre sons daughters wealthiest wealthy athletic prowess book smarts keep ahead reading opponent art deal better way hone skills rigorous curriculum gambling hyakkaou private academy winners live like kings losers put wringer yumeko jabami enrolls shes gon na teach kids high roller really looks like,2017,TV-14,24,"['drama', 'thriller', 'action', 'animation']",['JP'],2.0,tt7131720,7.2,9035.0,54.832,8.3,0.946,0.0
ts85810,Al Hayba,SHOW,village lebanonsyria border head armssmuggling clan contends family conflicts power struggles complicated love,2017,TV-PG,44,"['drama', 'action', 'crime', 'romance', 'thriller']",['AE'],5.0,tt7035576,7.3,1288.0,70.264,6.3,0.0258,0.0
ts84904,Tidelands,SHOW,excon cal mcteers return hometown orphelin bay blows lid generationslong conspiracy silence around murder drugs sirens,2018,TV-MA,42,"['scifi', 'drama', 'fantasy', 'crime']",['AU'],1.0,tt6898970,6.8,7876.0,16.069,6.8,-0.8442,0.0
ts41527,Gypsy,SHOW,journey jean holloway therapist begins develop dangerous intimate relationships people patients lives,2017,TV-MA,59,"['drama', 'thriller']",['US'],1.0,tt5503718,6.8,16229.0,13.857,6.4,-0.4767,0.0
ts84533,Transformers : Cyberverse,SHOW,bumblebee begins suffer amnesia partner windblade comes rescue repairs memory chips enabling rediscover past adventures cybertron memories repaired bumblebee gets clue lead windblade complete current mission save friends unaware megatron sent decepticon assassins hunt,2018,TV-Y7,11,"['action', 'animation', 'scifi']",['US'],3.0,tt8891990,6.6,359.0,7.273,6.6,0.7717,0.0
ts55231,Abstract : The Art Design,SHOW,step inside minds innovative designers variety disciplines learn design impacts every aspect life,2017,TV-14,45,['documentation'],['US'],2.0,tt6333098,8.4,5306.0,12.42,8.0,0.4404,0.0
ts57082,White Gold,SHOW,story doubleglazing showroom essex 80s led charismatic vincent swan unscrupulous sales team brian fitzpatrick martin lavender,2017,TV-MA,29,"['comedy', 'european']",['GB'],2.0,tt6010920,7.4,11233.0,5.878,6.9,0.0,0.0
ts83455,Wanderlust,SHOW,therapist tries save marriage cycling accident causes reassess relationship,2018,TV-MA,57,['drama'],[],1.0,tt7608238,7.0,5312.0,5.968,6.5,0.0258,0.0
ts79234,The Boss Baby : Back Business,SHOW,little help brother accomplice tim boss baby tries balance family life job baby corp headquarters,2018,TV-G,23,"['action', 'fantasy', 'animation', 'comedy', 'family']",['US'],4.0,tt7741824,6.4,3736.0,82.194,7.0,0.3415,0.0
ts84056,Unauthorized Living,SHOW,galician shipper drug lord hiding alzheimers disease plans retire secondincommand plots steal empire heir,2018,TV-MA,75,['drama'],['ES'],2.0,tt6970700,7.4,4764.0,29.714,7.3,-0.6597,0.0
ts86169,The Innocent Man,SHOW,story gained national attention john grishams bestselling nonfiction book innocent man murder injustice small town sixpart documentary series innocent man focuses two murders shook small town ada oklahoma 1980s controversial chain events followed,2018,TV-MA,47,"['documentation', 'crime']",['US'],1.0,tt0914376,7.3,5950.0,6.592,7.0,-0.8481,0.34
ts113109,Numberblocks,SHOW,learning numbers count colourful personified blocks quirks,2017,TV-Y,5,['animation'],['GB'],5.0,tt7978538,8.6,212.0,10.667,9.5,-0.2263,0.0
ts56670,Hot Girls Wanted : Turned On,SHOW,porn gone mainstream question handle exploration intersection sex technology told stories people whose lives defined current explosion internet pornwhether theyre creating consuming,2017,TV-MA,47,['documentation'],['US'],1.0,tt6333104,6.6,2210.0,13.181,7.1,0.4767,0.0
ts75164,VeggieTales City,SHOW,exciting trips big city ski slopes beyond veggie friends expand horizons learn valuable faithbased lessons,2017,TV-Y,23,"['comedy', 'family', 'animation', 'music']",['US'],3.0,tt6562134,5.5,113.0,2.839,7.6,0.8934,0.0
ts57210,Valor,SHOW,boundaries military discipline human desire tested us army base houses elite unit helicopter pilots trained perform clandestine international domestic missions drama unfolds present well flashbacks failed mission involving one first female pilots unit ultimately uncovering layers personal governmentmilitary secrets leading seasonlong plan rescue group mia soldiers,2017,TV-14,42,['drama'],['US'],1.0,tt6503244,5.8,3184.0,5.658,6.5,0.3818,0.0
ts81542,The Hollow,SHOW,three teens join forces find way home waking strange realm filled magic portals perplexing puzzles vicious beasts,2018,TV-Y7,24,"['comedy', 'scifi', 'animation', 'drama', 'family']",['CA'],2.0,tt2372708,7.1,4266.0,10.299,7.1,-0.2732,0.0
ts79157,B : The Beginning,SHOW,world powered advanced technology crime action unfold archipelagic nation cremona genius investigator keith flick rejoins royal police force serial killer b emerges mysterious youth koku may ally target,2018,TV-MA,25,"['scifi', 'horror', 'crime', 'thriller', 'action', 'fantasy', 'animation', 'drama']",['JP'],2.0,tt7944664,7.1,4844.0,18.671,7.8,-0.7783,0.0
ts57964,Hotel Transylvania : The Series,SHOW,mavis navigates life without dad dracula around discovers one common human monster truths teenager bites,2017,TV-Y7,15,"['family', 'animation', 'comedy', 'horror', 'fantasy']",['US'],2.0,tt4858114,5.3,717.0,17.661,7.2,0.4215,0.0
ts84930,The Hook Up Plan,SHOW,misguided attempt build perpetually single elsas confidence friends hire male escort comedy series set paris,2018,TV-14,27,"['comedy', 'romance']",['FR'],3.0,tt9170638,7.1,5386.0,11.69,7.7,0.836,0.0
ts83906,Car Masters : Rust Riches,SHOW,colorful crew gotham garage overhauls eclectic collection cars trucks trading showstopper sell big bucks,2018,TV-PG,37,['reality'],['US'],4.0,tt8893550,8.4,10058.0,18.216,7.7,0.0,0.5267
ts78382,On My Block,SHOW,coming age comedy following diverse group teenage friends confront challenges growing gritty innercity los angeles,2018,TV-14,29,"['comedy', 'drama']",['US'],4.0,tt7879820,7.9,16106.0,31.784,8.5,0.7096,-0.4404
ts80519,Spy Kids : Mission Critical,SHOW,animated spinoff series juni carmen cortez must battle evil organization swamp without help superspy parents,2018,TV-Y7,25,"['animation', 'action', 'comedy', 'family', 'drama', 'music', 'romance', 'thriller', 'scifi']",['US'],3.0,tt6714408,4.7,382.0,7.221,8.4,-0.8503,-0.3182
ts77600,Hot Date,SHOW,sketchcomedy series chronicles social waters dating sex marriage diving ritual romance based collegehumor webseries name,2017,TV-MA,19,['comedy'],['US'],2.0,tt7603386,7.1,633.0,1.692,6.6,0.5994,0.0
ts83540,Paradise PD,SHOW,eager young rookie joins ragtag smalltown police force led dad bumble squabble snort way big drug case,2018,TV-MA,27,"['comedy', 'animation', 'action', 'crime']",['US'],4.0,tt8235236,6.8,17779.0,29.709,7.6,0.3612,0.6369
ts56201,Cloudy Chance Meatballs,SHOW,series prequel featuring high school years flint lockwood eccentric young scientist films adventures joined sam sparks new girl town schools wannabe reporter along flints dad tim steve monkey manny head schools audiovisual club earl school gym teacher brent baby wear model mayor shelbourne wins every election prosardine platform,2017,TV-Y7,11,"['action', 'fantasy', 'scifi', 'animation', 'comedy', 'family']",['CA'],2.0,tt7584168,3.4,750.0,8.75,5.6,0.7269,0.25
ts55491,Somewhere Between,SHOW,laura price local news producer san francisco helping police hunt serial killer killer strikes close home twist fate allows groundhog daytype reset laura relives week prior string murders change fate stop killer,2017,TV-14,42,"['drama', 'thriller', 'scifi']",['US'],1.0,tt6467294,6.2,5957.0,14.04,6.5,-0.9657,0.0
ts84243,Baby,SHOW,fed families classmates two teen girls wealthy part rome drawn citys underworld start leading double lives,2018,TV-MA,45,['drama'],['IT'],3.0,tt7645192,6.8,11202.0,38.201,8.0,0.3612,0.0
ts57822,Sick Note,SHOW,daniel glass misdiagnosed fatal disease begins notice everyone around treats better finds misdiagnosed incompetent oncologist earth big decision make come clean go back old rubbish life keep pretending ill,2017,TV-MA,24,"['comedy', 'crime']",['GB'],2.0,tt5770788,6.7,7550.0,8.196,7.1,-0.5267,-0.5106
ts79020,Hitler 's Circle Evil,SHOW,surviving power struggles betrayals plots hitlers inner circle nazi leaders seizes control germany designs disastrous future,2018,TV-14,52,"['documentation', 'history', 'war']",['GB'],1.0,tt6600720,8.0,4322.0,5.542,7.5,-0.6369,-0.6597
ts84779,Haunted,SHOW,real people sit friends family share terrifying true stories past recreated chilling reenactments,2018,TV-MA,25,"['documentation', 'horror', 'reality']",['US'],3.0,tt9077192,4.6,3193.0,19.435,7.0,0.5106,-0.4767
ts83561,Immortals,SHOW,driven revenge humanturnedvampire mia sets vanquish dmitry ruthless vampire leader seeks artifact grants immortality,2018,TV-MA,47,"['scifi', 'action', 'drama', 'fantasy', 'thriller', 'music']",['TR'],1.0,tt8063174,5.4,3087.0,13.712,6.5,-0.5719,0.0
ts58225,The Standups,SHOW,comedys freshest voices take stage la six halfhour specials packed sly jokes hilarious anecdotes awkward confessions,2017,TV-MA,30,['comedy'],['US'],3.0,tt15250768,6.6,1259.0,2.314,5.8,0.4767,0.0
ts55581,The Bride Habaek,SHOW,yoon ah pragmatic neuropsychiatrist carries tremendous financial burden run practice family tasked serving ha baek reincarnated water god many generations ah forced ha baek starts develop feelings ah competition heart hoo ye ceo resort company clashes ah piece land falls love relationship mortal female god future,2017,TV-14,67,"['drama', 'comedy', 'fantasy', 'romance']",['KR'],1.0,tt6385752,6.9,2819.0,60.517,7.3,0.743,0.0
ts56718,El Chapo,SHOW,look life notorious drug kingpin el chapo early days 1980s working guadalajara cartel rise power 90s ultimate downfall 2016,2017,TV-MA,44,"['drama', 'action', 'crime', 'history']",['US'],3.0,tt6692188,7.8,18229.0,114.888,7.5,-0.4404,0.0
ts89130,If I Had n't Met You,SHOW,eduard husband father loses family tragic accident travels parallel universes seek better fate beloved wife,2018,TV-MA,52,"['thriller', 'drama', 'scifi', 'fantasy', 'romance']",['ES'],1.0,tt9817268,7.7,2283.0,4.495,6.9,-0.296,0.0
ts82218,Hi Score Girl,SHOW,year 1991 6th grader yaguchi haruo video games live hes popular school hes neither handsome funny nice even friendly thing going good video games one day local arcade plays oono akira fellow classmate whos popular smart pretty rich girl absolutely destroys street fighter ii lose 30 times row cant beat game haruo cant seem shake akira follows arcade arcade everyday school beats every time weird sounds odd couple begins strange bond friendship,2018,TV-PG,27,"['comedy', 'animation', 'action', 'romance']",['JP'],2.0,tt8963328,8.0,2002.0,13.722,8.2,0.8665,0.0
ts81918,Sugar Rush,SHOW,relentlessly fastpaced baking competition challenges brilliant bakers create sweet treats look taste amazing clock race finish win 10000,2018,TV-PG,51,['reality'],['US'],3.0,tt8680560,7.0,1516.0,8.74,7.0,0.9501,0.0
ts85686,The Casketeers,SHOW,francis kaiora tipene passionate proprietors tipene funerals unique opportunity look behind scenes business littleexplored vital service cultures last taboo addressed dignity aroha,2018,TV-14,22,"['reality', 'documentation']",['NZ'],5.0,tt8365054,7.4,459.0,3.095,6.3,0.8176,0.0
ts83360,The Guest,SHOW,story psychic priest detective fight unusual crimes committed strange powers,2018,TV-MA,66,"['drama', 'crime', 'thriller', 'horror', 'comedy']",['KR'],1.0,tt8801670,8.1,1578.0,7.293,8.2,-0.3182,0.0
ts79045,Ugly Delicious,SHOW,star chef david chang leads friends mouthwatering crosscultural hunt worlds satisfying grub flavor none bs,2018,TV-MA,51,['documentation'],['US'],2.0,tt7907916,7.8,3539.0,4.452,7.4,0.7269,0.1027
ts39016,Girlboss,SHOW,sophia rebellious broke anarchist refuses grow stumbles upon passion selling vintage clothes online becomes unlikely businesswoman builds retail fashion empire realizes value difficulty boss life,2017,TV-MA,27,['comedy'],['US'],1.0,tt5706996,6.9,17848.0,10.009,6.7,-0.25,0.0
ts75749,Because This Is My First Life,SHOW,nam sehee single man early 30s chosen marry owns home owes lot mortgage yoon jiho single woman early 30s home envies given dating due financial struggles yoon jiho begins live nam sehees house become housemates,2017,TV-14,69,"['drama', 'comedy', 'romance']",['KR'],1.0,tt7278588,8.1,4656.0,17.121,8.6,-0.5106,0.0
ts76486,Just Between Lovers,SHOW,two survivors building collapse discover support love overcome pain loss reconstruct hopeful future,2017,TV-14,73,"['drama', 'romance']",['KR'],1.0,tt7521898,8.2,1979.0,20.502,8.2,0.34,0.5267
ts79026,The Innocents,SHOW,teenage couple runs away together extraordinary gift possess unleashes powerful forces intent dividing forever,2018,TV-MA,46,"['scifi', 'drama', 'horror', 'romance', 'thriller']",['GB'],2.0,tt8021824,6.2,5804.0,20.691,6.1,0.6908,0.2732
ts87043,Transformers : Rescue Bots Academy,SHOW,five students rescue bots training academy cybertronhot shot whirl medix hoist wedgelearn respond emergency situations become heroes,2018,TV-Y,12,"['animation', 'comedy', 'family', 'scifi', 'action']",[],2.0,tt9557812,6.2,108.0,2.572,10.0,0.6124,0.5106
ts55194,Bill Nye Saves World,SHOW,bill nye explores science impact politics society pop culture episode tackles topic scientific point view dispelling myths refuting antiscientific claims may espoused politicians religious leaders titans industry,2017,TV-14,32,['comedy'],['US'],3.0,tt6026278,3.5,7233.0,8.356,3.7,0.0,0.0
ts82892,I Am Killer,SHOW,death row inmates convicted capital murder give firsthand account crimes documentary series,2018,TV-MA,50,"['documentation', 'crime']",['GB'],3.0,tt8300324,7.4,3977.0,5.641,7.2,-0.8625,-0.6486
ts75355,Suburra : Blood Rome,SHOW,2008 fight land seaside town near rome spirals deadly battle organized crime corrupt politicians vatican,2017,TV-MA,48,"['drama', 'action', 'crime', 'european']",['IT'],3.0,tt7197684,7.9,14528.0,23.46,7.463,-0.8271,0.0
ts76417,Tabula Rasa,SHOW,psychological thriller mie young woman amnesia locked secure psychiatric hospital mie visited detective inspector wolkers claims last person seen vanished thomas spectre witness prime suspect appears sole key mysterious disappearance order solve puzzle find thomas mie reconstruct lost memories find way back dark labyrinth recent past,2017,TV-MA,52,"['drama', 'horror', 'thriller', 'european']",['BE'],1.0,tt9389514,8.0,10233.0,7.903,7.8,0.0258,0.0
ts57080,Spirit : Riding Free,SHOW,small western town spunky excity girl lucky forms tight bond wild horse spirit adventures best pals pru abigail,2017,TV-Y7,23,"['action', 'animation', 'family', 'western', 'comedy', 'drama', 'documentation']",['US'],11.0,tt10687624,6.4,1012.0,15.689,8.3,0.8779,0.6124
ts53367,Little Witch Academia,SHOW,little girl atsuko akko kagari saw magic show performed witch named shiny chariot day wanted like enrolling luna nova magical academy magical background become witch like idol shiny chariot,2017,TV-PG,25,"['scifi', 'animation', 'comedy', 'action', 'drama', 'family', 'fantasy']",['JP'],1.0,tt6352180,7.9,3147.0,13.06,8.3,0.0,-0.2975
ts81885,The Good Cop,SHOW,honest cop tony jr gets advice unscrupulous father retired nypd officer tony sr everything job love life,2018,TV-PG,46,"['drama', 'comedy', 'crime', 'documentation']",['US'],1.0,tt7183074,6.9,5732.0,8.714,6.4,0.8176,0.4404
ts80617,The Protector,SHOW,epic adventure hakan young shopkeeper whose modern world gets turned upside learns hes connected secret ancient order tasked protecting istanbul,2018,TV-MA,44,"['action', 'fantasy', 'scifi', 'drama']",['TR'],4.0,tt7668518,6.5,34629.0,24.058,7.3,0.3182,0.0
ts77787,Pop Team Epic,SHOW,crude rude littlecute get ready largerthanlife attitude popuko pipimi small tall stars pop team epic based bizarre fourpanel webcomic bukubu okawa comes comedy thatll throw outthere jokes intense absurdity think youre ready girls think fer,2018,TV-MA,23,"['comedy', 'animation']",['JP'],2.0,tt7808370,6.9,844.0,7.074,7.3,-0.0516,0.0
ts53101,Voice,SHOW,3 minutes hearers life callers crime thriller chasing even slightest sounds rescue peoples lives calling urgent help,2017,TV-14,63,"['crime', 'thriller', 'action']",['KR'],4.0,tt6212854,7.6,1994.0,17.025,6.9,0.5719,0.0
ts85034,Patriot Act Hasan Minhaj,SHOW,every sunday hasan minhaj brings incisive nuanced perspective global news politics culture unique comedy series,2018,TV-MA,25,['comedy'],['US'],6.0,tt8080054,8.2,7327.0,9.203,7.3,0.3612,0.0
ts82372,The Epic Tales Captain Underpants,SHOW,fourthgrade friends george harold shared love pranks comic books turning principal undieswearing superhero,2018,TV-Y7,24,"['animation', 'comedy', 'action', 'family']",['US'],4.0,tt7741830,6.6,931.0,11.851,8.5,0.8658,0.0
ts83232,The Mire,SHOW,town shocked brutal double murder courier hands case experienced journalist witold wanycz time learns mysterious suicide two teenagers together piotr young journalist start investigation,2018,TV-MA,54,"['drama', 'crime', 'thriller']",['PL'],2.0,tt8855592,7.0,4355.0,13.039,6.8,-0.9485,0.0
ts77799,Rotten,SHOW,docuseries travels deep heart food supply chain reveal unsavory truths expose hidden forces shape eat,2018,TV-MA,56,['documentation'],['US'],2.0,tt7763662,7.2,3716.0,6.812,7.4,-0.1779,-0.5106
ts86814,Murder Mountain,SHOW,humboldt county california big business legal marijuana brings visitors around world never seen,2018,TV-MA,43,"['crime', 'documentation']",['US'],1.0,tt9078908,6.8,3134.0,2.589,6.9,0.128,-0.6908
ts80720,Scissor Seven,SHOW,seeking recover memory scissorwielding hairdressing bungling quasiassassin stumbles struggle power among feuding factions,2018,TV-PG,16,"['comedy', 'drama', 'action', 'animation', 'fantasy', 'romance']",['CN'],3.0,tt11503082,8.6,311.0,82.499,8.9,-0.5994,0.0
ts78507,Alexa & Katie,SHOW,lifelong best friends alexa katie eagerly anticipating start freshman year high school pals confront crisis leaves feeling like outsiders time seems matter fitting,2018,TV-Y7,25,"['comedy', 'drama']",['US'],4.0,tt6916746,7.4,4885.0,32.166,8.3,0.802,0.0
ts90994,Chip Potato,SHOW,lovable pug chip starts kindergarten makes new friends tries new things little help potato secret mouse pal,2018,TV-Y,17,['animation'],['US'],3.0,tt9897038,6.3,158.0,8.971,9.8,0.8593,0.0
ts85175,Girl Nowhere,SHOW,mysterious clever girl named nanno transfers different schools exposing lies misdeeds students faculty every turn,2018,TV-MA,44,"['drama', 'thriller', 'crime', 'fantasy', 'horror']",['TH'],2.0,tt8824648,7.6,4201.0,45.88,8.5,-0.2263,0.0
ts81757,The House Flowers,SHOW,outward perfection familyrun flower business hides dark side rife dysfunctional secrets darkly humorous comedy series,2018,TV-MA,31,"['comedy', 'drama']",['MX'],3.0,tt8387348,7.6,7813.0,31.664,7.8,0.7964,0.0
ts75157,The Magic School Bus Rides Again,SHOW,ms frizzles sister takes class slew wild science adventures update beloved animated show,2017,TV-Y,25,"['animation', 'family', 'fantasy']",['US'],3.0,tt3869122,6.2,825.0,10.885,6.3,0.6908,0.0
ts53693,The Worst Witch,SHOW,join mildred hubble cbbcs adaptation worst witch books written jill murphy,2017,TV-Y7,28,"['scifi', 'family', 'fantasy', 'european']",['GB'],4.0,tt5721172,7.2,2437.0,49.402,7.7,-0.6597,-0.765
ts85138,Dogs,SHOW,six intimate stories explore abiding emotional bonds form dogs caregivers matter circumstances,2018,TV-PG,50,"['documentation', 'reality', 'history']",['US'],2.0,tt9201008,8.0,1282.0,3.54,8.3,0.1779,0.0
ts83251,Magic Humans,SHOW,baffling people street orchestrating elaborate tricks justin willman blends goodnatured magic grownup laughs,2018,TV-14,23,"['reality', 'comedy']",['US'],3.0,tt8425308,7.1,3346.0,6.964,6.7,0.4019,0.0
ts55348,QB1 : Beyond Lights,SHOW,10part docuseries following highschool quarterbacks field throughout unforgettable senior seasons,2017,TV-14,32,"['drama', 'reality', 'documentation', 'sport']",['US'],3.0,tt5771332,7.7,905.0,2.01,7.0,0.0,0.0
ts83763,Black Earth Rising,SHOW,child kate ashby rescued horrific aftermath rwandan genocide brought uk tragic shadow past proves impossible escape,2018,TV-MA,59,"['drama', 'crime', 'thriller']",['GB'],1.0,tt7660730,7.4,4917.0,5.831,7.1,-0.5994,0.0
ts86682,7 Days Out,SHOW,witness excitement drama behind scenes seven days leading major live events worlds sports fashion space food,2018,TV-PG,47,['documentation'],['US'],1.0,tt9315990,6.7,544.0,0.663,9.0,0.4939,0.0
ts78217,Welcome Family,SHOW,dont choose family family chooses,2018,TV-MA,48,['comedy'],['ES'],2.0,tt7490342,6.6,455.0,5.935,7.4,0.0,0.4588
ts85659,3Below : Tales Arcadia,SHOW,crashlanding earth two royal teen aliens run struggle blend humans evade intergalactic bounty hunters,2018,TV-Y7,22,"['scifi', 'action', 'comedy', 'family', 'fantasy', 'animation']",['US'],2.0,tt7736544,7.7,6158.0,27.194,7.7,-0.3182,0.0
ts77034,A Love So Beautiful,SHOW,tells love story two childhood sweethearts spans 19 years chen xiao xi cute small girl lot positive energy gets know jiang chen tall proud genius boy school tries everything pursue drama depicts beautiful pure heart throbbing love seventeen years olds also delves topic making mistakes andhow find back,2017,TV-14,41,"['comedy', 'romance']",['CN'],1.0,tt8434720,8.0,1420.0,42.708,8.4,0.9786,0.8553
ts58152,Cathedral Sea,SHOW,14th century barcelona experiencing one prosperous moments city grown la ribera fishing district largest marian temple ever known built santa mara del mar construction runs parallel arnau estanyol serf land fleeing abuses feudal lords countryside take refuge barcelona,2018,TV-MA,57,"['drama', 'history']",['ES'],1.0,tt4944694,7.4,4450.0,13.03,7.1,-0.3182,0.0
ts83537,Signs,SHOW,young womans murder shows similarities decadeold cold case new police commander must break silence permeating owl mountain town,2018,TV-MA,46,"['crime', 'thriller', 'european']",['PL'],2.0,tt8917248,6.3,1676.0,8.337,7.0,-0.6908,0.0
ts75620,Black,SHOW,grim reaper detective woman foresees death get ensnared matters life death dark mysteries twenty years past,2017,TV-MA,78,"['scifi', 'drama', 'action', 'thriller', 'horror', 'crime', 'fantasy', 'romance']",['KR'],2.0,tt7298976,7.9,3891.0,39.083,8.0,-0.9081,0.0
ts58175,She 's Got ta Have It,SHOW,nola darling struggles define divide time among friends job three lovers new take spike lees film 10 episodes,2017,TV-MA,35,['comedy'],['US'],2.0,tt3713588,6.7,4695.0,6.031,6.6,0.8316,0.0
ts75002,Borderliner,SHOW,protect family police detective nikolai covers murder case coinvestigator anniken suspects foul play trapped dangerous game duty blurring line right wrong,2017,TV-MA,49,"['drama', 'documentation', 'crime', 'thriller', 'history', 'war']",['NO'],1.0,tt0332902,6.7,4096.0,7.204,6.4,-0.9136,0.0
ts85170,Memories Alhambra,SHOW,looking cryptic creator innovative augmentedreality game investment firm executive meets woman runs hostel spain,2018,TV-MA,65,"['scifi', 'drama', 'action', 'thriller', 'romance']",['KR'],1.0,tt8236556,7.8,5537.0,12.047,7.9,0.4404,0.0
ts81734,Chosen,SHOW,mysterious box arrives door doctor father forced participate twisted killing game risk losing everything,2018,TV-14,71,['action'],['CN'],2.0,tt7317178,5.2,127.0,1.566,6.5,-0.9022,0.0
ts75981,The Royal House Windsor,SHOW,drawing newly available evidence epic series explores windsor dynastys gripping family saga providing fresh insights royal family survived four generations crisis,2017,TV-14,49,"['documentation', 'history', 'european']",['GB'],1.0,tt6596634,7.3,1574.0,4.357,7.4,0.128,0.0
ts75477,The Confession Tapes,SHOW,true crime documentary series investigates cases people convicted murder claim confessions coerced involuntary false,2017,TV-MA,45,"['documentation', 'crime']",['US'],2.0,tt15149776,7.5,5358.0,3.917,7.4,-0.836,0.0
ts83502,Ad Vitam,SHOW,future regeneration technology lets humans live indefinitely cop troubled young woman investigate strange wave youth suicides,2018,TV-MA,52,"['scifi', 'crime', 'drama']",['FR'],1.0,tt8548830,6.4,1671.0,5.334,5.8,-0.5859,0.0
ts57985,Free Rein,SHOW,15yearold la spends summer moms childhood home island coast england bonds mysterious horse,2017,TV-G,28,"['action', 'comedy', 'drama', 'family', 'documentation']",['US'],3.0,tt6928052,7.0,2110.0,31.038,7.8,0.0,0.5106
ts80959,Sacred Games,SHOW,link pasts leads honest cop fugitive gang boss whose cryptic warning spurs officer quest save mumbai cataclysm,2018,TV-MA,50,"['action', 'drama', 'crime', 'thriller']",['IN'],2.0,tt6077448,8.5,86279.0,14.613,8.1,0.6249,0.0
ts81821,The Queen Flow,SHOW,spending seventeen years prison unfairly talented songwriter seeks revenge men sank killed family,2018,TV-MA,45,"['drama', 'family', 'music']",['CO'],2.0,tt8560918,7.7,1247.0,257.952,8.0,-0.836,0.0
ts78291,Dogs Berlin,SHOW,politically sensitive murder forces two disparate detectives battle berlin underworld confrontation corruption,2018,TV-MA,60,"['crime', 'drama', 'action', 'thriller']",['DE'],1.0,tt6839788,7.5,12617.0,10.83,7.4,-0.8625,0.0
ts81414,Meteor Garden,SHOW,ordinary girl admitted prestigious school country encounters f4 exclusive group comprised four wealthiest handsomest boys school dao ming si hua ze lei xi men mei zuo,2018,TV-14,45,"['drama', 'romance']",['CN'],1.0,tt8690890,7.9,4033.0,52.891,8.5,0.8271,0.0
ts76793,Shot Dark,SHOW,three rival freelance stringers scour streets night film crime scenes fires accidents anything else sell news outlets,2017,TV-MA,37,"['reality', 'documentation', 'thriller']",['US'],1.0,tt7644680,8.0,1795.0,1.638,7.9,-0.5574,0.0
ts95569,Rainbow Rangers,SHOW,inspired colors rainbow seven magical girls kaleidoscopia guardians nature earth,2018,TV-Y,22,"['animation', 'family', 'fantasy']",['US'],2.0,tt7967882,4.4,195.0,1.499,10.0,0.4939,0.0
ts78231,Unsolved : The Murders Tupac The Notorious B.I.G .,SHOW,chronicle two major police investigations lapd detective greg kading deaths tupac notorious big,2018,TV-MA,45,['crime'],['US'],1.0,tt6233618,7.8,7872.0,13.329,7.0,-0.4404,-0.7845
ts321277,Daniel Sloss : Live Shows,SHOW,comedian daniel sloss ready find funny dark topics deeply personal truly irreverent,2018,TV-MA,60,['comedy'],['US'],1.0,tt8858472,8.5,3443.0,1.694,8.2,0.8801,0.0
ts83790,The Beauty Inside,SHOW,love story han segye alist actress known troublemaker object many rumors life mystery reality suffers unusual phenomenon certain point every month appearance changes different person lives one week every month different appearance seo dojae executive director airline company seems perfect attractive appearance intelligence suffers prosopagnosia hides disability tries hard memorize people habits mannerisms face able recognize han segyes,2018,TV-14,59,"['comedy', 'drama', 'fantasy', 'romance']",['KR'],1.0,tt8801708,7.6,2019.0,26.875,8.2,0.6908,0.5859
ts228255,Cry Babies Magic Tears,SHOW,cute little babies big personalities explore imaginative world tears magical carry special powers tears triggered emotions love happiness babies overcome challenging situations together,2018,TV-Y,4,"['family', 'animation']",['FR'],2.0,tt11067738,5.2,43.0,3.304,7.2,0.9062,-0.6124
ts78590,The Mechanism,SHOW,scandal erupts brazil investigation alleged government corruption via oil construction companies loosely inspired true events,2018,TV-MA,46,"['drama', 'crime', 'thriller']",['BR'],2.0,tt6873658,8.0,36136.0,8.383,7.4,0.4767,0.0
ts236347,Thus Spoke Kishibe Rohan,SHOW,series ova adaptations eponymous series oneshots featuring diamond unbreakable character rohan kishibe much like oneshots episodes released order,2017,TV-MA,24,"['action', 'scifi', 'thriller', 'animation', 'drama', 'fantasy']",['JP'],1.0,tt13887556,7.5,1222.0,2.695,9.0,0.5994,0.0
ts78206,Welcome Waikiki,SHOW,kang donggoo dreams becoming movie director cynical due bad luck cheon joonki wanted follow fathers footsteps become actor minor actor bongdoosik came seoul become scenario writer things easy 3 men run guest house waikiki itaewon south korea guest house facing bankruptcy mysterious baby single mother appear waikiki,2018,TV-MA,64,"['drama', 'comedy', 'reality']",['KR'],3.0,tt7890304,8.3,2195.0,26.059,8.6,0.3612,0.4588
ts131579,Thieves Wood,SHOW,18thcentury flanders soldierturnedbandit becomes local hero leads oppressed downtrodden revolt corrupt aristocracy,2018,TV-MA,48,"['history', 'drama', 'action', 'thriller', 'comedy', 'documentation']",['BE'],1.0,tt5766086,6.8,2629.0,12.035,6.4,0.128,-0.5106
ts75341,Final Fantasy XIV : Dad Light,SHOW,father son rekindle bond online roleplaying game final fantasy xiv liveaction series based true story,2017,TV-PG,30,['drama'],['JP'],1.0,tt6497076,7.2,604.0,2.953,7.4,0.4215,0.0
ts57811,Fate/Apocrypha,SHOW,theft greater grail fuyuki city leads splintered timeline great holy grail war waged unprecedented scale,2017,TV-14,24,"['scifi', 'action', 'animation', 'drama', 'fantasy']",['JP'],1.0,tt6424454,6.6,2299.0,17.023,7.7,0.4019,0.0
ts75286,Greenhouse Academy,SHOW,teen siblings hayley alex enter elite boarding school find rivalry romance mystery related recent loss mom,2017,TV-PG,23,['drama'],['US'],4.0,tt6076336,6.6,6133.0,16.244,8.1,0.3182,0.0
ts57148,Champions,SHOW,vince charismatic gym owner ambition lives younger brother michael gorgeous idiot simple life women working put hold teenage son vince dropped doorstep priya one old high school flings,2018,TV-PG,21,['comedy'],['US'],1.0,tt6470396,6.0,3890.0,4.61,5.5,0.1779,0.5267
ts83457,Cleo & Cuquin,SHOW,sister brother cleo cuquin carry different job roles help friends,2018,TV-Y,7,"['animation', 'family']",['ES'],2.0,tt7956374,8.1,98.0,2.076,8.3,0.7003,0.0
ts81526,November 13 : Attack Paris,SHOW,survivors first responders share personal stories anguish kindness bravery unfolded amid paris terror attacks nov 13 2015,2018,TV-MA,54,['documentation'],['FR'],1.0,tt8194716,8.3,3137.0,4.169,8.2,-0.4215,-0.4767
ts85837,SKY Castle,SHOW,drama revolves around lives housewives living luxurious residential area called sky castle suburban seoul wealthy doctors professors live wives determined make husbands successful raise children like princes princesses top students,2018,TV-MA,68,['drama'],['KR'],1.0,tt9151274,8.6,2925.0,11.683,8.3,0.9001,0.0
ts88234,Man Like Mobeen,SHOW,man like mobeen fourpart series welcomes life mobeen deen 28 yearold small heath birmingham mobeen wants follow faith lead good life make sure younger sister fulfils potential juggle criminal past reputation always chasing,2017,TV-MA,22,['comedy'],['GB'],3.0,tt7639280,8.0,2737.0,1.977,6.7,0.8316,0.3612
ts57464,Life Sentence,SHOW,stella finds terminal cancer cured shes going learn live choices shes made decided live like dying,2018,TV-14,42,"['comedy', 'drama']",['US'],1.0,tt6088922,6.4,3899.0,7.925,6.5,-0.4404,0.0772
ts56125,Ingobernable,SHOW,first lady mexico big plans improve conditions country starts lose faith husband president diego nava finds crossroad need find way deal great challenge,2017,TV-MA,39,"['war', 'crime', 'drama', 'thriller']",['MX'],3.0,tt6495756,7.0,3116.0,13.874,6.5,0.8126,0.0
ts53399,Eternal Love,SHOW,three hundred years ago bai qian stood zhu xian terrace turned around jumped without regret ye hua stood bronze mirror witness eyes death three hundred years later east sea dragon palace two meet unexpectedly another lifetime another world suffering betrayal bai qian longer feels anything yet cant seem comprehend ye huas actions three lives three worlds fated love,2017,TV-14,45,"['scifi', 'drama', 'fantasy', 'romance', 'family']",['CN'],1.0,tt6488862,8.3,2339.0,20.099,7.8,-0.6449,0.6369
ts82445,Ashes Love,SHOW,jin mi daughter flower deity fed pill prevents feeling expressing romantic love gets tangled love triangle heavenly prince xu feng ambitious night deity run yu,2018,TV-14,43,"['comedy', 'drama', 'thriller', 'fantasy', 'romance']",['CN'],1.0,tt8976346,8.3,1963.0,17.576,8.6,0.9638,0.6369
ts80411,Lawless Lawyer,SHOW,driven desire avenge mother former gangster turned lawyer uses fists loopholes law fight absolute power,2018,TV-14,64,"['crime', 'action', 'drama', 'thriller']",['KR'],1.0,tt8160178,7.6,1785.0,18.479,7.6,0.0258,0.0
ts309731,Gormiti,SHOW,toby nick lucas jessica hidden kitchen house secret passage leads temple elements transported gorm,2018,TV-Y,11,"['comedy', 'action', 'animation', 'fantasy', 'thriller']","['ES', 'IT']",4.0,tt9077350,5.2,113.0,4.851,9.2,0.0,0.0
ts86949,The A List,SHOW,romance rivalry radical mystery collide group teens attend remote island sleepaway camp suspenseful supernatural drama,2018,TV-PG,27,"['drama', 'thriller', 'family', 'crime']",['GB'],2.0,tt9185110,5.3,2904.0,11.645,6.804,0.5106,0.0
ts82843,The Curious Creations Christine McConnell,SHOW,wickedly talented baker artist christine mcconnell fills home haunting confections creepy crafts wildly inappropriate creatures,2018,TV-PG,27,"['comedy', 'reality', 'horror']",['US'],1.0,tt8773080,7.7,2397.0,3.175,7.3,-0.2263,0.5994
ts80479,Clean Passion Now,SHOW,gil ohso employee cleaning company meets jang seongyul boss company two diametric opposite comes cleanliness help ohsol seongyul faces mysophobia falls love,2018,TV-MA,60,"['comedy', 'drama', 'romance']",['KR'],1.0,tt7981562,6.9,1472.0,25.757,8.1,0.7845,0.6908
ts82268,GHOUL,SHOW,newly minted military interrogator arrives covert detention center discover terrorists held world,2018,TV-MA,46,"['scifi', 'drama', 'thriller', 'fantasy', 'horror']",['IN'],2.0,tt5811766,8.0,6.0,16.66,6.9,-0.765,0.0
ts78246,Kiss Me First,SHOW,escape reality 17yearold leila turns secret virtual paradise real journey begins digital eden turns dark,2018,TV-MA,47,"['scifi', 'thriller', 'drama']",['GB'],1.0,tt5730690,6.2,3919.0,5.447,6.9,0.7096,0.4215
ts90594,Barbie : Dreamhouse Adventures,SHOW,barbie sisters friends neighbour ken share vlogs filmed dreamhouse,2018,TV-Y,22,"['animation', 'comedy', 'family']",['US'],5.0,tt7661472,6.7,543.0,36.15,8.2,0.6486,0.34
ts84833,Diablero,SHOW,young priest enlists help demon hunter paranormal expert search kidnapped girl underworld mexico city,2018,TV-MA,38,"['scifi', 'horror', 'thriller', 'family', 'drama', 'fantasy']",['MX'],2.0,tt7414954,6.7,2568.0,19.915,7.5,0.4019,0.0
ts76603,Erased,SHOW,finding mom killed satorus timetraveling ability takes back 18 years chance prevent death three classmates,2017,TV-14,28,"['drama', 'thriller', 'crime', 'fantasy', 'scifi']",['JP'],1.0,tt7573686,7.8,3671.0,9.747,7.4,-0.7184,0.0
ts87194,Instant Hotel,SHOW,teams australian homeowners compete title best instant hotel staying overnight others rentals rating experience,2018,TV-MA,49,['reality'],['AU'],2.0,tt9316032,7.3,1538.0,1.602,7.1,0.6369,0.0
ts76753,A Korean Odyssey,SHOW,selfserving mythical creatures bid invincibility backfires finds mercy woman see otherworldly beings,2017,TV-MA,75,"['comedy', 'thriller', 'fantasy', 'horror', 'romance']",['KR'],1.0,tt7099334,8.0,4695.0,29.703,8.2,0.3612,0.0
ts77755,Power Rangers Ninja Steel,SHOW,new team superhuman power rangers must work together use new ninja powers prevent evil dominating human race destroying planet earth universe,2017,TV-Y7,24,"['action', 'scifi', 'thriller', 'drama']",['US'],2.0,tt5335606,5.8,890.0,3.907,7.3,-0.8779,0.0
ts84646,Warrior,SHOW,war veteran plagued guilt final mission teams best friends widow infiltrate dangerous copenhagen biker gang,2018,TV-MA,42,"['action', 'drama', 'crime']",['DK'],1.0,tt9249090,6.7,2010.0,5.717,6.5,-0.2023,0.0
ts79997,Something Rain,SHOW,explore relationship two people go acquaintances genuine couple yoon jin ah coffee shop supervisor 30s seo joon hee designer video game company returned working abroad,2018,TV-MA,73,"['drama', 'romance']",['KR'],1.0,tt8078816,8.1,6208.0,53.569,7.9,0.0,0.0
ts82424,13 Reasons Why : Beyond Reasons,SHOW,cast members writers producers mental health professionals discuss difficult issues themes explored 13 reasons,2017,TV-MA,42,['documentation'],['US'],3.0,tt8615966,6.2,328.0,11.431,6.5,-0.3612,0.0
ts85202,Brainchild,SHOW,germs emotions social media science world explained way thats refreshingly relatable,2018,TV-Y7,24,"['documentation', 'family']",['US'],1.0,tt9203042,7.9,425.0,2.902,8.3,0.0,0.0
ts36650,Apaches,SHOW,young journalist forced life crime save father family series based novel miguel sez carral,2018,TV-MA,68,"['crime', 'action', 'drama', 'thriller', 'european']",['ES'],1.0,tt4418844,7.0,301.0,3.001,6.9,-0.25,0.0
ts75750,Revolutionary Love,SHOW,byun hyuk younger son rich conglomerate family born silver spoon mouth lack difficulties life contributed carefree hopelessly positive mindset one day meets girl everything drama depiction youth learn love friendship,2017,TV-MA,68,"['comedy', 'romance']",['KR'],1.0,tt7340800,6.9,677.0,6.098,8.6,0.8834,0.6369
ts77545,Dope,SHOW,filmed perspectives dealers users police vivid series offers bracing look war drugs,2017,TV-MA,44,"['documentation', 'crime', 'war', 'thriller', 'comedy', 'drama']",['US'],3.0,tt6545162,7.3,1658.0,15.736,7.2,-0.5994,0.0
ts75718,Neo Yokio,SHOW,joined faithful mechabutler kaz kaan pursues love fashion supernatural forces amid neo yokios sinister high society,2017,TV-MA,23,"['action', 'scifi', 'comedy', 'fantasy', 'animation']",['US'],2.0,tt7343832,5.9,3385.0,4.138,5.5,0.4939,0.0
ts57300,Marlon,SHOW,loving immature father committed coparenting two kids verytogether exwife misguided fatherly advice unstoppable largerthanlife personality unpredictable internet superstardom might get way sometimes marlon family really always come first even hes biggest kid,2017,TV-PG,21,['comedy'],['US'],2.0,tt5722376,6.9,4136.0,11.367,6.6,0.6369,0.0
ts85967,Bumping Mics Jeff Ross & Dave Attell,SHOW,jeff ross dave attell take stage one safe help special guests theyre packing lot laughs one epic weekend,2018,TV-MA,36,['comedy'],['US'],1.0,tt9203078,7.7,1167.0,1.36,7.8,0.8885,0.0
ts9075,The Fix,SHOW,comedians jimmy carr dl hughley katherine ryan tackle worlds woes help rotating crew funny guests actual expert,2018,TV-MA,27,['comedy'],['US'],1.0,tt5960546,7.0,1957.0,1.555,6.5,0.5994,0.0
ts80313,Bobby Kennedy President,SHOW,historic footage leading voices era examine bobby phenomenon 1960s legacy man helped redefine country,2018,TV-MA,61,"['documentation', 'drama']",['US'],1.0,tt8200004,8.1,1803.0,2.09,8.3,0.0,0.0
ts79679,The Yard,SHOW,fateful domestic clash devoted mother finds prison fighting survive hopes reuniting daughter,2018,TV-MA,108,"['drama', 'crime']",['TR'],3.0,tt7923832,7.1,1647.0,21.505,7.5,-0.0772,0.0
ts82298,Familiar Wife,SHOW,receiving bizarre chance go back time man wakes find whole life including person married different,2018,TV-MA,62,"['scifi', 'drama', 'fantasy', 'romance']",['KR'],1.0,tt8487786,7.7,1015.0,19.741,8.1,-0.0772,0.0
ts84645,Medal Honor,SHOW,honoring service members whose courage merited awarding medal honor docudrama series recreates inspiring true stories,2018,TV-MA,55,"['documentation', 'war']",['US'],1.0,tt7440274,8.2,1710.0,7.798,8.7,0.9709,0.743
ts78299,Llama Llama,SHOW,llama family good friends heartwarming adventures safe friendly town animated show based awardwinning books,2018,TV-Y,17,"['animation', 'family']",['US'],2.0,tt4781350,6.3,272.0,4.525,7.8,0.9485,0.0
ts74962,True Rainbow Kingdom,SHOW,somethings wrong rainbow kingdom bighearted guardian true best friend bartleby grant wishes save day,2017,TV-Y,21,"['animation', 'comedy', 'family', 'fantasy']",['CA'],4.0,tt5607658,7.2,451.0,7.851,8.8,0.9246,0.4215
ts77014,Wolf,SHOW,tasked risky missions across turkey members specialoperations police unit confront danger tragedy field home,2018,TV-MA,75,"['reality', 'war', 'action', 'drama', 'thriller']",['TR'],1.0,tt7146600,8.0,7545.0,26.999,7.1,-0.8834,0.0
ts82181,Back Street Girls -GOKUDOLS-,SHOW,group 3 yakuza failed boss last time messing important job boss gave 2 choices honorably commit suicide go thailand get sex reassignment surgery order become female idols gruesome year training become idols successfully debut overwhelming popularity much dismay tragedy truly begins,2018,TV-MA,24,"['comedy', 'animation']",['JP'],1.0,tt8693818,6.7,844.0,10.716,6.4,-0.1027,0.0
ts54050,Ultimate Beastmaster,SHOW,intense obstacle course series elite athletes us countries compete cash prizes individual glory national pride,2017,TV-PG,59,"['action', 'reality']",['US'],3.0,tt5607970,7.3,2359.0,5.525,6.0,0.7717,0.0
ts80090,The Piano Forest,SHOW,tranquil tale two boys different upbringings one hand kai born son prostitute whos playing abandoned piano forest near home ever since young syuhei practically breastfed piano son family prestigious pianists yet common bond piano eventually intertwines paths life,2018,TV-PG,26,"['comedy', 'drama', 'animation']",['JP'],2.0,tt8043492,7.2,912.0,10.181,5.9,0.296,0.0
ts79086,Jenni Rivera : Mariposa de Barrio,SHOW,drama reveals difficult rise fame mexicanamerican singer jenni rivera past abuse success band leader,2017,TV-MA,43,['drama'],['US'],1.0,tt6834120,7.2,245.0,21.897,5.0,-0.0258,0.0
ts82127,Sirius Jaeger,SHOW,imperial capital 1930 strange group people carrying musical instrument cases landed tokyo station called jaegers came hunt vampires amongst stood young man striking serenity unusual aura name yuliy werewolf whose home village destroyed vampires yuliy jaegers engage deadly battle mysterious holy arc known arc sirius truth awaits end,2018,TV-MA,25,"['action', 'thriller', 'scifi', 'animation', 'history', 'horror']",['JP'],1.0,tt8565136,6.7,1942.0,9.177,7.6,-0.3818,0.0
ts78053,Kakegurui,SHOW,children influential families politics businesses attend hyakkaou private academy hierarchy students classified series games students win games ruling side students lose become slaves one day mysterious girl yumeko jabami minami hamabe transferred hyakkaou private academy looks pure pretty actually compulsive gambler seeks thrill taking calculated risks,2018,TV-MA,25,"['thriller', 'drama']",['JP'],2.0,tt7691766,6.7,1005.0,24.549,7.9,0.8225,0.0
ts78031,Ultraviolet,SHOW,online community amateur sleuths use technology solve crimes make quirky friends quest justice,2017,TV-MA,46,"['drama', 'crime', 'european']",['PL'],2.0,tt7514746,6.9,1611.0,5.351,7.5,0.8074,0.0
ts85732,The Final Table,SHOW,team chefs vie impress worlds toughest palates whip iconic dishes different nations fastpaced competition,2018,TV-PG,53,['reality'],['US'],1.0,tt7619858,7.6,4176.0,3.634,7.0,0.3818,0.0
ts55627,Time : The Kalief Browder Story,SHOW,story teenager wrongfully charged theft jailed rikers island prison 1000 days,2017,TV-MA,43,['documentation'],['US'],1.0,tt6133034,8.4,2687.0,3.445,7.9,-0.8074,0.0
ts80059,Trump : An American Dream,SHOW,friends associates critics reveal truly american story donald trump brash businessman defied odds become us president,2017,TV-14,55,"['documentation', 'european']",['GB'],1.0,tt7596008,7.2,4021.0,3.412,6.9,0.5859,0.25
ts56933,The New Legends Monkey,SHOW,follow teenage girl trio fallen gods perilous journey attempt bring end demonic reign chaos restore balance world inspired 16th century chinese fable journey west,2018,TV-PG,26,"['scifi', 'action', 'comedy', 'fantasy']",['NZ'],2.0,tt6807662,6.4,4398.0,25.804,7.2,-0.2023,0.0
ts79219,Flint Town,SHOW,twoyear period filmmakers embedded cops flint michigan reveal department grappling volatile issues untenable conditions,2018,TV-MA,42,"['documentation', 'crime', 'action']",['US'],1.0,tt8004578,7.8,3713.0,2.166,7.5,0.0,0.0
ts85183,Vai Anitta,SHOW,go behind scenes brazilian superstar anitta singer reveals shes consolidating international career,2018,TV-MA,30,"['documentation', 'reality']",['BR'],2.0,tt8961530,5.5,455.0,1.994,6.8,0.0,0.0
ts84135,The Inmate,SHOW,former us marine lzaro mendoza enters maximum security prison mexico la rotunda false identity accused alleged triple murder dante pardo mission infiltrate dangerous band inmates guards operate inside outside prison prime suspects kidnapping teenage daughter us judge john morris inside la rotunda lzaro find carried kidnapping whereabouts girl,2018,TV-MA,45,"['drama', 'crime', 'thriller']",['MX'],1.0,tt8452308,6.9,2714.0,25.554,7.0,-0.9485,0.0
ts86067,Death Magic,SHOW,magician drummond moneycoutts travels globe sharing infectious love craft attempting feats proved fatal magicians,2018,TV-14,35,['reality'],['US'],1.0,tt8887956,6.0,641.0,3.231,6.9,0.5423,-0.5994
ts76245,The Day I Met El Chapo : The Kate del Castillo Story,SHOW,mexican superstar actress kate del castillo reveals untold story encounter el chapo guzmn worlds mostwanted drug lord,2017,TV-MA,55,['documentation'],['MX'],1.0,tt7334894,6.8,1093.0,17.067,6.1,0.0,0.0
ts56033,Surviving Escobar - Alias JJ,SHOW,medelln cartel crumbles pablo escobars 1 hit man struggles stay alive gain respect prison hierarchy,2017,TV-MA,42,"['crime', 'drama']",['CO'],1.0,tt6809396,7.7,995.0,106.508,7.8,0.5106,0.6037
ts56636,My Sassy Girl,SHOW,set joseon dynasty period romance takes place coldhearted gyunwoo princess hyemyung causes troubles,2017,TV-14,44,"['comedy', 'romance']",['KR'],1.0,tt6175760,6.8,597.0,6.648,7.3,0.1531,0.0
ts92825,Lego Jurassic World : The Secret Exhibit,SHOW,characters lego jurassic world indominus escape 2016 jurassic world 2015 got involved park,2018,TV-Y,22,"['action', 'comedy', 'family', 'scifi', 'animation']",['US'],1.0,tt9322614,6.1,257.0,14.703,7.2,0.1779,0.0
ts76509,Beyond Stranger Things,SHOW,secrets stranger things 2 universe revealed cast guests discuss latest episodes host jim rash caution spoilers ahead,2017,TV-14,21,['documentation'],['US'],1.0,tt7570990,7.4,1883.0,98.48,7.5,-0.4019,0.0
ts78789,Re : Mind,SHOW,eleven high school classmates awaken restrained large dining room fearing lives question motive bizarre act,2017,TV-MA,23,"['drama', 'thriller']",['JP'],1.0,tt7332652,4.9,1599.0,3.129,5.9,-0.7184,0.0
ts82867,Becoming Champions,SHOW,series looks stories behind athletes countries achieved world cup champion status,2018,TV-G,51,"['documentation', 'sport']",['US'],1.0,tt8796068,6.7,396.0,1.4,6.0,0.5994,0.5267
ts86164,Hero Mask,SHOW,rash mysterious deaths crown prosecutor sarah sinclair ssc agent james blood discover conspiracy surrounding uncanny new biomasks,2018,TV-14,25,"['animation', 'action', 'thriller', 'scifi', 'crime']",['JP'],2.0,tt9316078,6.1,675.0,4.779,6.3,-0.7269,0.5574
ts84780,Wild District,SHOW,surrendering bogot police exguerrilla avoids prison working undercover investigate ruthless enforcer government corruption,2018,TV-MA,45,"['drama', 'action', 'crime', 'thriller']",['CO'],2.0,tt8105958,8.2,1917.0,15.725,7.5,-0.6124,0.0
ts85822,Selection Day,SHOW,two teen cricket prodigies struggle overbearing father system stacked realize ambitions identities,2018,TV-14,25,"['drama', 'comedy', 'sport']",['IN'],1.0,tt8004628,7.3,2234.0,5.002,7.6,-0.3182,0.0
ts76511,The Big Family Cooking Showdown,SHOW,unscripted series families passionate food serve delicious dishes chance crowned britains best home cooks,2017,TV-PG,59,"['reality', 'european']",['GB'],2.0,tt7518558,7.0,682.0,2.706,7.4,0.9231,0.0
ts53516,Edgar Rice Burroughs ' Tarzan Jane,SHOW,saved plane crash given supernatural powers teen tarzan joins forces brave city girl jane protect jungle home threats,2017,TV-Y7,21,"['action', 'animation', 'comedy', 'drama', 'family', 'scifi']",['US'],2.0,tt6216718,4.6,282.0,9.57,7.9,0.5106,0.0
ts84346,Falsa identidad,SHOW,isabel diego two complete strangers must assume identity married couple order flee state sonora,2018,TV-14,43,"['crime', 'action', 'drama', 'thriller']","['US', 'MX']",2.0,tt8598690,7.0,358.0,206.288,7.5,0.0,0.0
ts90880,44 Cats,SHOW,adventures four kittens make musical group called buffycats stories focusing themes friendship altruism tolerance diversity,2018,TV-Y7,15,"['action', 'animation', 'comedy', 'family', 'music']",['IT'],5.0,tt9699148,6.0,283.0,10.72,8.4,0.7579,0.0
ts57913,Strongest Deliveryman,SHOW,two gutsy food delivery workers strive overcome socioeconomic disadvantages achieve big goals bump love along way,2017,TV-MA,55,"['drama', 'romance']",['KR'],1.0,tt7022748,7.3,660.0,17.237,6.8,0.3612,0.4404
ts58442,Live Up To Your Name,SHOW,heo im oriental doctor acknowledged best acupuncture moxibustion joseon success blocked due low status one day heo im travels though time finds present day seoul meets choi yeonkyung doctor firmly believing modern medicine,2017,TV-MA,69,"['drama', 'fantasy', 'romance']",['KR'],1.0,tt7094874,8.0,1265.0,10.393,6.7,0.6908,0.0
ts84772,Ingress : The Animation,SHOW,scientists discover mysterious substance influence human minds two factions wage allout battle control awesome power,2018,TV-MA,24,"['scifi', 'animation', 'action']",['JP'],1.0,tt9561968,6.5,534.0,9.173,7.4,0.3612,0.0
ts80030,Fastest Car,SHOW,drivers exotic supercars put street cred line deceptively fast sleeper cars built modified true gearheads,2018,TV-MA,44,"['reality', 'action', 'documentation']",['US'],2.0,tt8295694,7.1,1330.0,10.509,7.2,0.4215,0.0
ts70631,Children Whales,SHOW,chakuro 14yearold archivist mud whale nighutopian island floats across surface endless sea sand nine ten inhabitants mud whale blessed cursed ability use saimia special powers doom early death chakuro friends stumbled across islands never met seen even heard human wasnt one day chakuro visits island large mud whale meets girl change destiny,2017,TV-14,24,"['scifi', 'animation', 'drama', 'fantasy']",['JP'],1.0,tt7484994,7.0,1551.0,13.257,7.6,0.6597,0.0
ts83213,The Rise Phoenixes,SHOW,secret past rears head respected warrior feng zhiwei forced choose revenge loyalty ruling prince ning yi,2018,TV-14,45,"['drama', 'romance', 'history']",['CN'],1.0,tt7052634,8.4,1492.0,8.456,8.1,0.0516,0.0
ts82419,Zac & Mia,SHOW,zac mia based novel aj betts 2 teens battling cancer hospital real world zac mia would pretty much nothing common hospital theyre 2 teens ward develop unbreakable bond cancer variable changed everything constant everdeepening need one another,2017,TV-14,20,['drama'],['US'],2.0,tt7487358,7.8,628.0,1.741,8.0,-0.8689,-0.296
ts86945,Abby Hatcher,SHOW,abby hatcher part girl part superhero living world full fuzzlies fuzzly friend needs help abby takes action going mission make things right,2018,TV-Y,17,"['animation', 'family', 'fantasy', 'comedy']",['US'],3.0,tt9433014,5.4,182.0,4.569,4.0,0.7096,0.0
ts55484,My Only Love Song,SHOW,song soojung arrogant pop star believes status money get anywhere defines worth accidentally falls timeslip portal travels back time joseon era meets ondal man loves money yet generous without,2017,TV-MA,29,"['drama', 'romance', 'comedy', 'fantasy']",['KR'],1.0,tt6125832,7.0,672.0,9.524,8.3,0.5106,0.6369
ts74805,A Little Help Carol Burnett,SHOW,unscripted series starring comedy legend carol burnett kids dish advice celebrities everyday people front live audience,2018,TV-G,24,[],['US'],1.0,tt7204366,6.3,237.0,1.621,6.2,0.3612,0.3415
ts80042,ReBoot : The Guardian Code,SHOW,four techsavvy teens hone skills cybersuperheroes series secret missions save world,2018,TV-G,23,"['drama', 'scifi', 'action', 'comedy']",['CA'],2.0,tt6849940,3.7,1204.0,4.406,7.2,0.4939,0.0
ts89067,Love Fortune,SHOW,wako taira 31yearsold works parttime cinema close home boyfriend fukun lived together 3 years never thought breaking boyfriend considering age one day meets high school student yumeaki iko cant resist wako taira affair yumeaki iko,2018,TV-MA,58,"['drama', 'romance']",['JP'],1.0,tt8649316,7.3,555.0,4.984,6.5,0.0,0.6369
ts78145,Drug Lords,SHOW,witness stories historys notorious kingpins terrifying enforcers men women whove sworn bring,2018,TV-MA,46,['documentation'],['US'],2.0,tt7935522,6.8,1334.0,7.122,7.7,-0.765,0.0
ts80600,Luis Miguel : The Series,SHOW,series dramatizes life story mexican superstar singer luis miguel captivated audiences latin america beyond decades,2018,TV-14,52,"['drama', 'history', 'music', 'romance']",['MX'],3.0,tt8045690,8.0,4556.0,40.288,8.0,0.3818,0.0
ts80413,Busted !,SHOW,suspense surprises fun abound korean variety game show featuring big personalities even bigger mysteries every episode,2018,TV-14,75,"['thriller', 'comedy', 'reality']",['KR'],3.0,tt8328460,7.6,912.0,15.136,8.4,0.6369,0.0
ts79585,Dinotrux : Supercharged,SHOW,amped powers make faster stronger agile ever dinotrux back face new challenges meet new friends,2017,TV-Y7,23,"['animation', 'action', 'comedy', 'family']",['US'],3.0,tt7620702,7.5,98.0,8.19,9.4,0.7184,0.0
ts83554,Inside Criminal Mind,SHOW,explore psychological machinations immoral behavior define nefarious types criminals,2018,TV-MA,49,"['crime', 'documentation']",['US'],1.0,tt6775794,5.4,1014.0,2.304,6.1,-0.7717,-0.5267
ts82565,Sparta,SHOW,ever asked place desires could suddenly come true play sparta sparta game without rules experiencing game change life reason virtual world crossing borders becoming part daily routine,2018,TV-MA,53,"['thriller', 'drama']",['RU'],1.0,tt6840106,6.6,449.0,9.31,7.7,0.6369,0.0
ts79409,A.I.C.O . -Incarnation-,SHOW,japan year 2035 accident known burst occurs research project spawning outofcontrol artificial life form called matter spread throughout kurobe gorge research city hailed hope humanity cordoned government two years later 15yearold aiko tachibana lost family burst learns something unbelievable yuya kanzaki new student school secret hidden within body answer puzzle lies primary point center burst aiko resolves infiltrate restricted area escorted team divers yuya guide boy meets girl fate humanity hands new truth come light,2018,TV-14,25,"['animation', 'action', 'scifi']",['JP'],1.0,tt8116380,6.3,1203.0,11.039,6.3,-0.2732,0.0
ts53264,My Shy Boss,SHOW,isolated life extreme introvert thrown order company hires new employee cheery extrovert whos seems,2017,TV-MA,71,"['comedy', 'drama', 'romance']",['KR'],1.0,tt6257622,7.2,1614.0,10.861,8.0,0.3182,-0.25
ts83359,100 Days My Prince,SHOW,lee yool falls cliff nearly dies attempted assassination loses memory wanders 100 days new name personality period meets hong sim head first detective agency joseon,2018,TV-14,75,"['drama', 'thriller', 'comedy', 'action', 'history', 'romance']",['KR'],1.0,tt8199972,7.7,2068.0,10.313,8.323,-0.7351,0.0
ts83071,Afflicted,SHOW,baffling symptoms controversial diagnoses costly treatments seven people chronic illnesses search answers relief,2018,TV-MA,42,"['documentation', 'thriller', 'reality']",['BR'],1.0,tt8792570,5.1,1120.0,6.058,5.2,-0.3182,-0.3612
ts80208,Fugitiva,SHOW,woman organizes escape plan camouflaged kidnapping protect children husbands enemies,2018,TV-MA,52,"['drama', 'thriller', 'action', 'crime']",['ES'],1.0,tt7158972,5.6,665.0,5.727,6.9,0.0258,0.0
ts83070,72 Dangerous Animals : Asia,SHOW,fangs claws venomous stings wield deadly weapons creature crowned fiercest,2018,TV-14,47,['documentation'],['US'],1.0,tt8989864,6.6,517.0,10.561,6.2,-0.4404,-0.4767
ts78353,Misty,SHOW,popular anchorwoman prime time news show becomes suspect murder case estranged husband worked prosecutor past works public defender decides defend wife,2018,TV-MA,71,"['drama', 'crime', 'thriller', 'romance']",['KR'],1.0,tt7890244,8.1,620.0,5.594,7.9,-0.5719,0.0
ts82296,My ID Gangnam Beauty,SHOW,romantic comedy chronicles life mirae always believed life would better born beautiful goes knife comes looking like beautiful woman always dreamed becoming feels ready take world first time falls madly love seok perfect man except seok hates people get plastic surgery,2018,TV-MA,57,"['drama', 'comedy', 'romance']",['KR'],1.0,tt8585954,7.4,4021.0,30.627,7.615,0.9726,0.5859
ts79330,Girls Incarcerated,SHOW,eightpart documentary series goes behind scenes madison juvenile correctional facility indiana teenage girls struggle overcome troubled pasts find hope future,2018,TV-MA,43,"['reality', 'documentation']",['GB'],2.0,tt8092942,7.2,1097.0,6.25,8.0,-0.34,0.0
ts83430,Smoking,SHOW,seeking greater justice band homeless assassins flays human targets delivers tattooed skins proof contract fulfilled,2018,TV-MA,24,"['crime', 'drama', 'comedy']",['JP'],2.0,tt8758778,7.4,457.0,2.955,8.0,0.8271,0.0
ts95011,Move,SHOW,series called move episode brings us inside life canadian living mental illness found positive way selfmedicate discovery exercise human movement,2018,TV-MA,48,['documentation'],['US'],1.0,tt9165300,7.4,116.0,2.664,7.0,0.2263,0.0
ts68146,Myths & Monsters,SHOW,documentary series tells stories gripped imaginations centuries reveals fascinating unexpected history behind,2017,TV-PG,43,"['documentation', 'fantasy', 'european']",['GB'],1.0,tt7531644,7.7,841.0,1.804,7.4,0.5423,0.0
ts89069,LEGO Friends : Girls Mission,SHOW,meet andrea mia emma olivia stephanie theyre five best friends theyre heroic mission save heartlake city wily swindlers,2018,TV-Y,11,['animation'],"['US', 'DK']",4.0,tt9327146,6.2,111.0,13.282,7.7,0.9169,0.4767
ts78707,The Joel McHale Show Joel McHale,SHOW,trending news pop culture social media original videos come together host joel mchales weekly comedy commentary show,2018,TV-MA,25,['comedy'],['US'],2.0,tt7895706,7.1,2396.0,6.858,6.4,0.5859,0.0
ts75676,The Velvet Collection,SHOW,year 1967 five happy years marriage new york alberto young son anna ribera returns spain take project velvet next level alberto managing things velvet across ocean together best friends partners made name velvet number one address world fashion innovation decide take next step turn reputation franchise first home abroad first step opening shop great spanish city barcelona world famous promenade passeig de gracia second velvet fashion store open gates managed anas good friend clara made career ladder seamstress directorial assistant madrid velvet years,2017,TV-14,57,"['comedy', 'drama', 'romance', 'european']",['ES'],3.0,tt6762348,7.2,1416.0,19.328,6.3,0.9753,0.0
ts80993,Kibaoh Klashers,SHOW,dylan pals hailey ollie work together compete battle blading,2017,TV-Y7,24,['scifi'],['CN'],2.0,tt7492122,6.4,18.0,4.313,8.0,-0.3818,0.0
ts80057,Last Hope,SHOW,causing near extinction mankind seven years ago genius scientist leon lau must fight ecological disaster unwittingly created,2018,TV-14,24,"['drama', 'animation', 'action', 'scifi']",['JP'],1.0,tt8893554,5.8,434.0,8.604,5.4,-0.6908,0.4404
ts55936,My Secret Romance,SHOW,sharing night jin wook yoo mi departs never see three years later achieves goal becoming nutritionist,2017,TV-14,52,"['comedy', 'romance']",['KR'],1.0,tt6300100,7.1,3409.0,25.999,8.0,0.4215,0.5574
ts81886,All About Washingtons,SHOW,wife legendary rapper launches career puts life tailspin,2018,TV-G,25,"['comedy', 'music']",['US'],1.0,tt7661368,4.5,723.0,2.02,4.6,0.0,0.0
ts57281,All Hail King Julien : Exiled,SHOW,juliens dethroned loyal friends unlikely allies propel lovable lemur colorful journey take back kingdom,2017,TV-Y7,23,"['animation', 'comedy', 'family', 'fantasy']",['US'],1.0,tt6865906,7.4,575.0,6.841,8.5,0.8807,0.0772
ts82875,Switched,SHOW,high schooler ayumis perfect world evaporates envious classmate zenko somehow steals body boyfriend life,2018,TV-MA,39,"['drama', 'scifi']",['JP'],1.0,tt8747882,7.1,1436.0,9.01,7.8,-0.1779,0.0
ts55533,Legend Quest,SHOW,evil force threatens village gifted teen talk ghosts puts skills good use one legend time,2017,TV-Y7,25,"['comedy', 'fantasy', 'animation']",['MX'],1.0,tt5038900,7.2,449.0,5.669,8.0,-0.6249,0.0
ts85250,Kulipari : Dream Walker,SHOW,blue sky king darel must lead rescue mission save dream walker leaving village protection kulipari youth,2018,TV-Y7,23,"['animation', 'action', 'fantasy']",['US'],1.0,tt9203064,7.6,92.0,3.908,9.0,0.8176,0.25
ts84597,FIGHTWORLD,SHOW,actor fight enthusiast frank grillo travels world immersing different fight cultures understand traditions motivations,2018,TV-MA,42,['documentation'],['US'],1.0,tt9047526,7.5,822.0,3.396,6.8,-0.4019,0.0
ts78767,First Team : Juventus,SHOW,follow renowned soccer club juventus pitch attempt win seventh straight italian title achieve champions league glory,2018,TV-G,36,"['scifi', 'reality', 'sport', 'documentation']",['IT'],2.0,tt7924812,7.3,2082.0,1.704,7.7,0.9118,0.0
ts79707,Edha,SHOW,revenge passion dark secrets push successful fashion designer single mother limits meets handsome mysterious man,2018,TV-MA,40,['drama'],['AR'],1.0,tt7956274,4.9,647.0,9.754,6.3,0.765,0.0
ts78692,Rapture,SHOW,groundbreaking artists share life stories vibrant documentary series captures hiphops impact global culture,2018,TV-MA,58,"['documentation', 'scifi', 'thriller', 'horror', 'music']",['US'],1.0,tt7981052,5.4,11.0,2.391,7.0,0.6808,0.1531
ts81596,Black Crows,SHOW,drama portrays women kids living islamic state group yazidi slave undercover reporter recruited mom child snipers,2017,TV-MA,33,"['drama', 'war', 'thriller']","['SA', 'SY', 'AE']",1.0,tt7356518,5.3,308.0,4.802,8.0,0.0,0.0
ts84932,Super Drags,SHOW,adult animated series three gay coworkers lead double lives drag queen superheroes saving lgbtq community evil nemeses,2018,TV-MA,25,"['animation', 'comedy', 'fantasy']",['BR'],1.0,tt8912244,5.4,1753.0,2.315,5.3,-0.743,0.4939
ts79856,SWORDGAI The Animation,SHOW,young man becomes host legendary infernal sword fate humanity arm wields demonic power enemies,2018,TV-MA,23,"['action', 'animation', 'scifi', 'fantasy', 'horror']",['JP'],2.0,tt7415066,5.8,932.0,21.229,7.1,-0.4939,0.0
ts84782,Larva Island,SHOW,stranded tropical island two silly larva buddies find slapstick fun everything discovering food meeting new animal friends,2018,TV-Y7,8,"['animation', 'comedy']","['US', 'KR']",2.0,tt9077194,6.5,430.0,15.128,6.9,0.7579,0.0
ts83045,Accidentally In Love,SHOW,quirky experiences popular singer returns school becomes seat mates seemingly ordinary girl si tu feng decides go back school becomes center attention fans classmates media follow every move meets chen qing qing ordinary student dual personality,2018,TV-14,31,"['family', 'drama', 'comedy', 'music', 'romance']",['CN'],1.0,tt9077184,7.4,1156.0,29.906,7.9,0.4215,0.4215
ts80751,The Break Michelle Wolf,SHOW,nobodys safe michelle wolf unapologetically takes aim weekly topical show blends sketches live comedy instudio guests,2018,TV-MA,26,['comedy'],['US'],1.0,tt8010342,5.1,1870.0,2.61,4.8,0.6597,0.0
ts82559,Amazing Interiors,SHOW,meet eccentric homeowners whose seemingly ordinary spaces full surprises backyard roller coaster indoor aquarium,2018,TV-PG,26,['documentation'],"['GB', 'US']",1.0,tt8747342,6.6,802.0,3.207,6.4,0.2263,0.5859
ts81944,The Comedy Lineup,SHOW,diverse group upandcoming comedians perform 15minute sets standup comedy showcase series,2018,TV-MA,15,"['comedy', 'action']",[],2.0,tt10777324,5.9,461.0,0.84,6.0,0.5719,0.3612
ts75887,Paul Hollywood 's Big Continental Road Trip,SHOW,paul hollywood actor baker liverpool tries find popular cars three big european countries express nations identities connections cultures,2017,TV-14,59,"['documentation', 'european']",['GB'],1.0,tt7936386,7.4,211.0,2.926,6.0,0.4215,0.0
ts89372,Titipo Titipo,SHOW,titipo train prove hes got takes help folks train village ride rails safely reliably,2018,TV-Y,18,['animation'],['KR'],2.0,tt12987396,6.8,20.0,1.862,9.5,0.7096,0.0
ts81856,Borges,SHOW,four employees import company discover cheated former boss proposed society bankrupt company quartet solve processes debts company money clear accounts decide create video channel internet,2018,TV-MA,0,['comedy'],['BR'],2.0,tt7895652,6.2,172.0,1.415,7.8,-0.34,0.0
ts76771,Stretch Armstrong & Flex Fighters,SHOW,overscheduled teenager jake armstrong two best friends accidentally exposed experimental chemical become stretch armstrong flex fighters team unlikely superheroes expand beyond confines lives embark series adventures,2017,TV-G,23,"['animation', 'action', 'comedy', 'scifi']",['US'],2.0,tt1379164,6.1,318.0,4.919,7.6,0.8442,-0.0516
ts84335,1983,SHOW,twenty years devastating terrorist attack 1983 halted course polands liberation subsequent downfall soviet union idealistic law student kajetan disgraced police investigator anatol stumble upon conspiracy kept iron curtain standing poland living repressive police state,2018,TV-MA,57,"['drama', 'thriller', 'crime']",['PL'],1.0,tt7371666,6.7,4169.0,9.601,6.5,-0.959,0.0
ts93947,Wrong Kind Black,SHOW,crocs cops 1960s queensland bloodsplattered disco floors 1970s melbourne comes hilarious heartbreaking story afro bearing flare wearing dj monty pryor brother paul,2018,TV-MA,16,"['drama', 'comedy']",['AU'],1.0,tt8660874,7.6,149.0,0.673,7.5,-0.0772,0.0772
ts82160,Harvey Street Kids,SHOW,kids rule place called harvey street trio girls right wrongs ice cream always option every day feels like saturday,2018,TV-Y7,24,"['family', 'action', 'animation', 'comedy']",['US'],4.0,tt7758552,6.7,254.0,9.06,8.5,0.3612,0.0
ts83247,Stay Here,SHOW,designer genevieve gorder real estate expert peter lorimer show property owners turn shortterm rentals moneymaking showstoppers,2018,TV-PG,32,"['reality', 'documentation']",['US'],1.0,tt8773338,7.4,1101.0,2.49,7.0,0.0,0.0
ts86994,Serial Killer Piers Morgan,SHOW,intense prison interviews piers morgan revisits crimes three convicted serial killers learns motives,2017,TV-14,47,"['documentation', 'crime']",['GB'],2.0,tt7667038,3.9,1404.0,0.884,2.8,-0.8074,-0.6486
ts80084,Dragon Pilot : Hisone Masotan,SHOW,straightforward innocent hisone amakasu selfdefense force rookie stationed air selfdefense forces gifu base struggling fact sometimes hurts people unintentionally innocent words decided join air selfdefense force hoping maintain certain distance people decision led fateful encounter profoundly changed life otf dragon hidden base chose hisone pilot soared sky hisone fate dragon pilot decided said dragons key future world,2018,TV-14,25,"['animation', 'scifi', 'drama', 'fantasy']",['JP'],1.0,tt8528256,6.9,501.0,7.435,7.9,0.6124,0.0
ts76646,Blazing Transfer Students,SHOW,featuring boys johnnys west gang zany transfer students recruited mysterious mission ordained shadowy principal,2017,TV-MA,26,"['action', 'comedy']",['JP'],1.0,tt7931520,6.9,121.0,1.481,8.0,0.0,0.0
ts80342,AMO,SHOW,despite philippine governments crackdown narcotics high schooler joseph expands drug running cop uncle profits corruption,2018,TV-MA,24,"['crime', 'drama']",['PH'],1.0,tt7218736,6.4,409.0,3.804,6.0,0.5106,0.0
ts80671,We Speak Dance,SHOW,trained dancer vandana hart travels world learn traditional urban dance styles local experts know best,2018,TV-MA,22,['documentation'],['US'],1.0,tt7737500,7.4,148.0,0.992,8.3,0.6369,0.0
ts75357,LEGO Elves : Secrets Elvendale,SHOW,armed powerful amulet teenage guardian tasked protecting little sister elvendale based popular web series,2017,TV-Y7,24,"['scifi', 'animation', 'fantasy']",['US'],1.0,tt7322926,6.8,167.0,5.23,7.8,0.6808,0.0
ts85217,Motown Magic,SHOW,imaginative boy ben transforms city bringing colorful street art life armed magic paintbrush classic sounds motown,2018,TV-Y,15,"['animation', 'comedy', 'family', 'fantasy', 'music']",['US'],2.0,tt8959860,7.9,294.0,1.372,9.3,0.0,0.0
ts82192,Samantha !,SHOW,child star 80s samantha clings fringes celebrity hilarious harebrained schemes launch back spotlight,2018,TV-MA,28,['comedy'],['BR'],2.0,tt6626676,6.5,517.0,3.396,6.1,0.4019,0.0
ts85953,Paprika,SHOW,stan olivia amazingly different paprika twins use boundless enthusiasm turn everyday life extraordinary adventure,2018,TV-Y,13,"['family', 'animation']",['US'],1.0,tt12740488,7.9,27.0,0.733,5.0,0.6369,0.0
ts84167,Age Rebellion,SHOW,campus bullying serious issue every school try root bullying manifests outside school responsible stop,2018,TV-MA,72,"['crime', 'drama', 'romance']",['TW'],1.0,tt8931836,8.6,49.0,3.151,6.0,-0.8402,-0.128
ts86279,Nailed It ! Holiday !,SHOW,nailed holiday special youve waiting missing ingredients impossible asks desserts look delightfully sad,2018,TV-PG,33,['reality'],['US'],2.0,tt8760264,7.7,1098.0,3.101,8.0,0.5859,0.508
ts77219,Part-Time Idol,SHOW,drama takes place fictional entertainment company producer produced many famous idols suddenly existential crisis disappears years later appears starts put together coed idol group story begins,2017,TV-14,40,"['drama', 'family', 'music', 'comedy']",['KR'],1.0,tt8835780,6.7,108.0,3.867,8.4,-0.5719,0.0
ts103638,Standup Away ! Brian Regan,SHOW,bryan regan blends trademark observational standup short sketches bit audience interaction hybrid comedy series,2018,TV-PG,25,['comedy'],['US'],1.0,tt9384194,5.7,400.0,1.208,7.7,0.3612,0.0
ts76159,Super Monsters,SHOW,preschool kids whose parents worlds famous monsters try master special powers preparing kindergarten,2017,TV-Y,13,"['animation', 'comedy', 'family', 'horror']",['CA'],3.0,tt10370958,6.2,417.0,8.924,7.6,0.4019,0.5994
ts79988,Lost Song,SHOW,rin energetic girl loves eat lives verdant frontier village deep within royal palace bustling capital city songstress finis spends days solitude share special power person miraculous power heal wounds create water stir wind power song guided destiny two young women face arduous journey power song shadow war looms kingdom tainting even miraculous songs blood innocents loved ones meet deaths silent screams echo stone prison two destinies intersect final song one despair hope,2018,TV-14,24,"['animation', 'action', 'scifi', 'drama', 'fantasy', 'music', 'romance']",['JP'],1.0,tt7211600,7.0,375.0,4.07,8.2,0.8481,-0.3182
ts86302,Check The Store Next Door,SHOW,former shop owner grows bored retirement buys fish pond manages new hijinks life staff quirky employees,2018,TV-14,30,"['comedy', 'drama']",['ID'],2.0,tt9545904,7.7,138.0,2.671,6.2,-0.2732,0.0
ts83710,First Last,SHOW,take intimate look emotionally charged first last days new soontobe released inmates georgias gwinnett county jail,2018,TV-MA,41,['documentation'],['US'],1.0,tt8893502,6.7,423.0,4.425,7.7,-0.2023,0.0
ts55576,Buddy Thunderstruck,SHOW,follow outrageous highoctane adventures buddy thunderstruck truckracing dog brings guts good times town greasepit,2017,TV-Y7,23,"['comedy', 'family', 'sport', 'animation', 'action']",['US'],2.0,tt6591468,7.7,495.0,3.267,8.4,0.3182,0.0
ts56251,ID-0,SHOW,imachines general term robots operate extreme environments alliance academy student maya mikuri middle operating imachine gets involved incident pirates ends serving crew member excavation companys spaceship,2017,TV-14,24,"['scifi', 'drama', 'animation', 'action']",['JP'],1.0,tt7161218,6.1,324.0,3.167,6.3,0.0,0.0
ts84644,Westside,SHOW,nine struggling musicians share spotlight deeply personal reality series challenges thrills staging hollywood showcase,2018,TV-MA,50,['reality'],['US'],1.0,tt8693758,6.1,166.0,0.6,4.0,0.296,0.0
ts95274,Age Tanks,SHOW,history powerful weapon land tank covers entire history paper designs early1900s beasts present day,2017,TV-PG,54,"['documentation', 'history']",['FR'],1.0,tt8107992,7.3,900.0,2.108,6.7,0.1531,0.0
ts81485,Ponysitters Club,SHOW,young horse enthusiast teams best friends rescue rehabilitate animals familys beloved ranch,2018,TV-Y,23,['family'],['US'],2.0,tt7692572,5.6,117.0,1.96,8.5,0.9468,0.0
ts80692,REA ( L ) OVE,SHOW,group men women burdened dark secret look love dating show twist hosted reformed playboy atsushi tamura,2018,TV-MA,42,['reality'],['JP'],1.0,tt8477194,6.5,220.0,1.091,6.2,0.3612,0.0
ts82705,Cupcake & Dino - General Services,SHOW,enterprising cupcake cheerful dinosaur brother take jobs sorts work help friends strangers eccentric city,2018,TV-Y7,18,"['animation', 'comedy', 'action', 'family']","['CA', 'BR']",2.0,tt8697554,7.5,694.0,4.925,8.8,0.9118,0.0
ts84200,Best.Worst.Weekend.Ever .,SHOW,teenage friends plan epic trip comiccon meet idol get caught one hilariously awkward predicament another,2018,TV-PG,24,"['comedy', 'family']",['US'],1.0,tt7768010,6.3,301.0,3.665,8.0,0.3612,0.0
ts85618,Prince Peoria,SHOW,prankster prince wants experience life ordinary teen leaves kingdom live incognito single mom studious son,2018,TV-Y7,26,"['comedy', 'family']",['US'],2.0,tt8001718,5.7,481.0,9.166,7.0,0.0,0.0
ts82500,Treehouse Detectives,SHOW,animal friends need help brotherandsister team toby teri use clues follow facts solve mysteries backyard,2018,TV-Y7,24,['animation'],[],3.0,tt8591984,7.6,92.0,1.382,8.5,0.765,0.0
ts84372,YG Future Strategy Office,SHOW,kpop star seungri bigbang youngest member tries lead team blumbing staff ygs future strategy office mockumentary sitcom,2018,TV-MA,26,['comedy'],['KR'],1.0,tt8129694,6.7,209.0,2.519,7.1,0.0,0.0
ts84341,What She Put Table,SHOW,based life tv chef fu peimei drama follows two women one rich poor fortuitously cross paths 1950s taiwan,2017,TV-14,85,['drama'],['TW'],1.0,tt7073222,7.3,30.0,2.319,1.0,-0.6369,0.0
ts81857,Club de Cuervos Presents : The Ballad Hugo Sánchez,SHOW,chava iglesiass doting personal assistant hugo snchez tasked leading club de cuervos victory nicaragua mom let,2018,TV-MA,33,"['comedy', 'drama']",['MX'],1.0,tt8498114,6.5,824.0,5.086,7.8,0.0,0.0
ts82564,Jimmy : The True Story True Idiot,SHOW,1980s simpleminded fool named hideaki meets comedy legend sanma changes name jimmy becomes comedic superstar,2018,TV-MA,46,"['drama', 'comedy']",['JP'],1.0,tt6866914,6.8,78.0,1.342,5.0,0.3182,0.3182
ts81632,A House Blocks,SHOW,yijuan mentally ill sister kaiqi struggle happy face misfortune criminal intrigue marital strife exorcism ghost,2017,TV-MA,85,"['drama', 'horror']",['TW'],1.0,tt7053684,2.3,137.0,1.772,8.3,-0.7269,-0.2263
ts113031,Droppin ' Cash : Los Angeles,SHOW,ball favorite artists athletes la drop crazy cash stuff dream,2018,TV-MA,23,['reality'],[],2.0,tt7983796,3.4,117.0,1.274,5.5,0.128,0.0
ts87591,Justice : Qalb Al Adala,SHOW,show follows ambitious young arab female lawyer got law degree us instead joining fathers law firm back home uae decides go defense attorney pushing legal cultural envelope process,2017,TV-14,42,"['drama', 'crime']",['US'],1.0,tt3328398,5.4,160.0,0.6,7.2,0.6249,0.5267
ts58061,Memories Love,SHOW,young couple finds love rekindled separated ten years lu fei seemingly perfect prince charming unexpectedly encounters stubborn rebellious young lady xin chen despite clashing personalities find drawn one another eventually fall love however later separate ten years later lu fei lets go newly burgeoning company overseas returns search xin chen rediscover meaning love,2018,TV-PG,44,"['drama', 'romance']",['CN'],1.0,tt8246636,5.7,17.0,5.027,2.7,0.9531,0.6369
ts75320,A Boy Named Flora A,SHOW,28yearold layabout begins reexamine life dysfunctional family assembles pay respects dying grandmother wont pass,2017,TV-MA,89,"['drama', 'comedy']",['TW'],2.0,tt6284014,7.9,323.0,1.699,7.0,0.2263,0.0
ts82887,The Could've-Gone-All-the-Way Committee,SHOW,people bring stories missed lust connections objective panel experts judge whether could gone way,2018,TV-14,24,"['comedy', 'drama']",['JP'],1.0,tt8499662,6.8,104.0,1.875,6.5,-0.296,0.0
ts83407,Follow This,SHOW,follow reporters buzzfeed probe topics ranging quirky internet crazes safe injection spaces opioid users,2018,TV-MA,18,['documentation'],['US'],3.0,tt8560884,4.9,711.0,0.902,6.0,0.4767,0.0
ts80859,Here Heart,SHOW,work mind wen nuan decides quit highpaying job england work executive assistant founder hightech company china zhan nan xian started company classmates used financial savvy weather economic downturn keep company successful turns wen nuan nan xian relationship past wen nuan make indispensable nan xian work life,2018,TV-14,45,"['drama', 'romance']",['CN'],1.0,tt8791742,7.5,225.0,3.082,8.2,0.5859,0.0
ts78444,Luna Petunia Return Amazia,SHOW,luna petunia returns magical amazia adding memories scrapbook old friends new pal animal empire,2018,TV-Y,24,['animation'],['US'],2.0,tt7924854,4.8,47.0,2.75,6.0,0.4767,0.0
ts84555,The Unknown Hitman : The Story El Cholo Adrián,SHOW,based real events fictional story mexican drug lord el chatos number one hitman el cholo,2017,TV-MA,50,"['action', 'crime']",['MX'],2.0,tt6524440,6.6,145.0,4.376,10.0,0.0772,0.0
ts54112,Life Plan A B,SHOW,ru wei yan simple relationship every simple relationship many difficulties rich try hard enjoy life serious relationship try best achieve something life hoping one day become want become one day ru wei lucky chance life company wants send shanghai promotion higher pay two deeply love bear longdistance relationship uncertainties future still stand,2017,TV-PG,80,['drama'],['TW'],1.0,tt7034962,7.8,116.0,1.332,7.0,0.9565,0.0
ts97584,Highland : Thailand 's Marijuana Awakening,SHOW,thailands complicated history marijuana continues play role policies laws well health security citizens,2017,TV-MA,20,['documentation'],['US'],1.0,tt7201224,6.2,24.0,0.663,8.0,0.7096,0.0
ts76645,The Umbrella Academy,SHOW,family former child heroes grown apart must reunite continue protect world,2019,TV-14,50,"['comedy', 'drama', 'fantasy', 'scifi', 'action']",['US'],3.0,tt1312171,8.0,230211.0,388.952,8.7,0.7096,0.0
ts216746,The Secret Skinwalker Ranch,SHOW,team experts scientists undertakes exhaustive research skinwalker ranch infamous location paranormal activity ufo sightings,2020,TV-PG,42,"['horror', 'reality', 'thriller', 'documentation']",['US'],3.0,tt10589968,6.0,2625.0,30.911,8.5,-0.128,0.0
ts89840,Virgin River,SHOW,seeing ad midwife recently divorced bigcity nurse moves redwood forests california meets intriguing man,2019,TV-14,44,"['drama', 'romance']",['US'],4.0,tt9077530,7.4,36459.0,169.37,8.034,0.0,0.0
ts87466,Demon Slayer : Kimetsu Yaiba,SHOW,taisho period japan tanjiro kindhearted boy sells charcoal living finds family slaughtered demon make matters worse younger sister nezuko sole survivor transformed demon though devastated grim reality tanjiro resolves become demon slayer turn sister back human kill demon massacred family,2019,TV-MA,25,"['scifi', 'action', 'animation', 'horror', 'fantasy', 'thriller']",['JP'],3.0,tt9335498,8.7,93604.0,94.263,8.809,-0.9217,0.0
ts88361,"Love , Death & Robots",SHOW,terrifying creatures wicked surprises dark comedy converge nsfw anthology animated stories presented tim miller david fincher,2019,TV-MA,13,"['scifi', 'animation', 'thriller', 'horror', 'comedy', 'fantasy', 'drama', 'action']",['US'],3.0,tt9561862,8.4,131937.0,156.46,8.3,-0.5719,0.0772
ts87248,In Dark,SHOW,murphy flawed irreverent woman happens blind witness murder drugdealing friend tyson police dismiss story sets dog pretzel find killer also managing colorful dating life job hates breaking blind guidedog school owned overprotective parents,2019,TV-14,41,"['drama', 'comedy', 'action', 'crime', 'horror']",['US'],4.0,tt7772602,7.5,11409.0,39.136,7.9,-0.9337,0.0
ts90311,Vinland Saga,SHOW,thousand years vikings made quite name reputation strongest families thirst violence thorfinn son one vikings greatest warriors spends boyhood battlefield enhancing skills adventure redeem mostdesired revenge father murdered,2019,TV-MA,24,"['animation', 'action', 'drama', 'war', 'history']",['JP'],2.0,tt10233448,8.8,32535.0,15.663,8.6,-0.7037,0.0
ts80962,Tuca & Bertie,SHOW,freespirited toucan tuca selfdoubting song thrush bertie best friends birds guide lifes ups downs,2019,TV-MA,24,"['comedy', 'animation']",['US'],3.0,tt8036272,7.3,7023.0,18.246,7.2,0.8074,0.0
ts86497,Russian Doll,SHOW,nadia keeps dying reliving 36th birthday party shes trapped surreal time loop staring barrel mortality,2019,TV-MA,28,"['comedy', 'drama']",['US'],2.0,tt7520794,7.8,91649.0,18.072,7.5,-0.1779,0.0
ts254656,Jurassic World : Camp Cretaceous,SHOW,six teens attending adventure camp opposite side isla nublar must band together survive dinosaurs wreak havoc island,2020,TV-PG,24,"['action', 'animation', 'scifi', 'family']",['US'],5.0,tt10436228,7.5,8022.0,259.059,8.0,-0.3818,0.0
ts57327,The Witcher,SHOW,geralt rivia mutated monsterhunter hire journeys toward destiny turbulent world people often prove wicked beasts,2019,TV-MA,58,"['scifi', 'action', 'horror', 'drama', 'fantasy']",['US'],2.0,tt5180504,8.2,472202.0,101.869,8.244,-0.5267,0.0
ts216679,Bridgerton,SHOW,wealth lust betrayal set backdrop regency era england seen eyes powerful bridgerton family,2020,TV-MA,62,"['drama', 'history', 'romance']",['US'],4.0,tt8740790,7.3,129085.0,106.118,8.2,0.296,0.0
ts237109,Control Z,SHOW,hacker begins releasing students secrets entire high school socially isolated observant sofa works uncover hisher identity,2020,TV-MA,38,"['drama', 'thriller']",['MX'],3.0,tt11937662,6.9,8895.0,473.002,8.2,-0.3182,0.0
ts81007,After Life,SHOW,tony perfect life wife lisa suddenly dies tony changes contemplating taking life decides instead live long enough punish world saying whatever likes,2019,TV-MA,28,"['comedy', 'drama']",['GB'],3.0,tt8398600,8.4,129243.0,19.931,7.843,0.4767,0.0
ts86912,Surviving R. Kelly,SHOW,celebrated one greatest rb singers time r kellys genre defining career playboy lifestyle riddled rumors abuse predatory behavior pedophilia despite damning evidence multiple witnesses date none accusations seemingly affected first time ever survivors people r kellys inner circle coming forward new allegations sexual mental physical abuse finally ready share full story shed light secret life public never seen,2019,TV-14,59,"['documentation', 'crime', 'music']",['US'],2.0,tt10713450,7.5,4906.0,3.97,7.8,0.7678,0.296
ts252505,Are You Afraid Dark ?,SHOW,season horror anthology series follows different group kids members midnight society discover terrifying curses creatures,2019,TV-PG,42,"['thriller', 'horror', 'family', 'drama', 'fantasy']",['US'],3.0,tt10473306,7.0,2216.0,63.359,7.5,-0.8126,0.0
ts191559,The UnXplained,SHOW,show explore facts behind worlds fascinating strange inexplicable mysteries,2019,TV-14,42,['documentation'],['US'],4.0,tt10098498,7.1,1011.0,8.132,8.6,0.4019,0.0
ts89259,The Queen 's Gambit,SHOW,kentucky orphanage 1950s young girl discovers astonishing talent chess struggling addiction,2020,TV-MA,56,"['drama', 'sport']",['US'],1.0,tt10048342,8.6,420100.0,82.702,8.624,0.0,0.0
ts83555,"Roswell , New Mexico",SHOW,reluctantly returning touristtrap hometown roswell new mexico daughter undocumented immigrants discovers shocking truth teenage crush police officerhes alien kept unearthly abilities hidden entire life protects secret two reconnect begin investigate origins violent attack longstanding government coverup point greater alien presence earth politics fear hatred threaten expose destroy deepening romance,2019,TV-14,41,"['scifi', 'drama', 'romance']",['US'],4.0,tt7588054,6.1,12343.0,46.094,8.1,-0.9337,0.0
ts82915,Sex Education,SHOW,inexperienced otis channels sex therapist mom teams rebellious maeve set underground sex therapy clinic school,2019,TV-MA,52,"['drama', 'comedy']",['GB'],4.0,tt7767422,8.3,251168.0,273.962,8.358,-0.296,0.0
ts82914,Dead Me,SHOW,hotheaded widow searching hitandrun driver mowed husband befriends eccentric optimist isnt quite seems,2019,TV-MA,31,"['thriller', 'crime', 'drama', 'comedy']",['US'],2.0,tt8064302,8.0,74989.0,26.155,7.299,0.5267,-0.6486
ts215046,Capitani,SHOW,luxembourg village everyone keeping secrets gruff police inspector luc capitani investigates suspicious death 15yearold girl,2019,TV-MA,29,"['crime', 'drama', 'thriller']",['LU'],2.0,tt10483610,6.6,4912.0,28.789,6.715,-0.7506,0.0
ts90234,I Think You Should Leave Tim Robinson,SHOW,thing ordinary interaction offbeat sketch comedy series features deep roster guest stars,2019,TV-MA,16,['comedy'],['US'],3.0,tt10050772,7.9,11900.0,8.873,6.6,0.3612,-0.0516
ts88613,Formula 1 : Drive Survive,SHOW,drivers managers team owners live life fast lane track one cutthroat season formula 1 racing,2019,TV-MA,38,"['documentation', 'sport']",['GB'],6.0,tt8289930,8.6,38345.0,40.781,8.4,0.0,0.0
ts81120,The Last Dance,SHOW,10part documentary chronicling untold story michael jordan chicago bulls dynasty rare neverbeforeseen footage sound 199798 championship season plus 100 interviews famous figures basketballs biggest names,2020,TV-MA,50,"['documentation', 'history', 'sport']",['US'],1.0,tt8420184,9.1,115915.0,27.702,8.2,0.4404,0.0
ts87953,Locke & Key,SHOW,three siblings move ancestral estate fathers gruesome murder discover new homes magical keys must used stand evil creature wants keys powers,2020,TV-14,48,"['drama', 'thriller', 'scifi', 'horror', 'fantasy']",['US'],3.0,tt3007572,7.4,72031.0,48.22,8.1,-0.8779,0.0
ts235655,Outer Banks,SHOW,tightknit group teens unearths longburied secret setting chain illicit events takes adventure theyll never forget,2020,TV-MA,49,"['thriller', 'action', 'drama', 'romance', 'crime']",['US'],2.0,tt10293938,7.5,45815.0,39.319,8.555,0.4526,0.0
ts84146,Emily Paris,SHOW,ambitious chicago marketing exec emily unexpectedly lands dream job paris embraces new life juggles work friends romance,2020,TV-MA,29,"['drama', 'comedy', 'romance']",['US'],2.0,tt8962124,6.9,86631.0,42.991,7.995,0.8957,0.0
ts221904,Unbelievable,SHOW,teenager charged lying rape allegation two determined investigative female detectives discover far sinister truth,2019,TV-MA,48,"['drama', 'crime']",['US'],1.0,tt7909970,8.4,98384.0,20.378,8.1,-0.8779,0.2023
ts55762,Kingdom,SHOW,zombie thriller set koreas medieval joseon dynasty defeated corruption famine mysterious rumor kings death spreads strange plague renders infected immune death hungry flesh crown prince fallen victim conspiracy sets journey unveil evil scheme save people,2019,TV-MA,48,"['action', 'scifi', 'thriller', 'history', 'drama', 'horror']",['KR'],2.0,tt6611916,8.3,44874.0,42.052,8.4,-0.9702,0.0
ts100116,Blown Away,SHOW,reality show featuring glass blowers around world competing best one artist dismissed episodechallenge,2019,TV-PG,26,"['reality', 'comedy', 'history', 'documentation']",['CA'],3.0,tt9908860,7.1,3034.0,23.841,7.2,0.6369,0.0
ts219101,Marianne,SHOW,novelist realizes terrifying stories coming true returns hometown face demons past inspire writing,2019,TV-MA,45,"['thriller', 'drama', 'horror']",['FR'],1.0,tt10875696,7.4,14895.0,22.746,7.7,0.4215,0.0
ts87453,Space Force,SHOW,fourstar general begrudgingly teams eccentric scientist get us militarys newest agency space force ready liftoff,2020,TV-MA,30,['comedy'],['US'],2.0,tt9612516,6.7,63379.0,21.173,6.6,0.3612,0.0
ts222988,Love Spectrum,SHOW,seven singles take first steps world dating uplifting fourpart documentary follows young adults autism spectrum explore unpredictable world love relationships,2019,TV-14,42,"['reality', 'romance', 'documentation']",['AU'],2.0,tt11904786,8.6,5846.0,5.852,7.9,0.6369,0.6369
ts235758,Never Have I Ever,SHOW,complicated life modernday first generation indian american teenage girl inspired mindy kalings childhood,2020,TV-14,28,"['comedy', 'drama']",['US'],4.0,tt10062292,7.8,47000.0,47.843,8.183,0.4939,0.0
ts224901,The Stranger,SHOW,web secrets sends family man adam price desperate quest uncover truth people closest,2020,TV-MA,45,"['thriller', 'crime', 'drama']",['GB'],1.0,tt9698480,7.3,48298.0,11.603,7.4,0.0,0.0
ts84633,The Promised Neverland,SHOW,surrounded forest gated entrance grace field house inhabited orphans happily living together one big family looked mama isabella although required take tests daily children free spend time see fit usually playing outside long venture far orphanage rule expected follow matter however good times must come end every months child adopted sent live new family never heard however three oldest siblings suspicions actually happening orphanage discover cruel fate awaits children living grace field including twisted nature beloved mama,2019,TV-MA,23,"['animation', 'thriller', 'scifi', 'action', 'drama', 'horror', 'fantasy']",['JP'],2.0,tt8788458,8.3,36018.0,42.367,8.843,0.9442,0.3612
ts88379,Dracula,SHOW,transylvania 1897 blooddrinking count dracula drawing plans victorian london warned dead travel fast,2020,TV-MA,88,"['drama', 'action', 'thriller', 'fantasy', 'horror']",['GB'],1.0,tt9139220,6.8,45971.0,25.177,7.142,-0.7506,0.0
ts249891,The Comey Rule,SHOW,immersive behindtheheadlines account historically turbulent events surrounding 2016 presidential election aftermath divided nation twopart biopic tells story two powerful figures comey trump whose strikingly different personalities ethics loyalties put collision course,2020,TV-MA,82,"['war', 'drama']",['US'],1.0,tt9174536,7.4,8829.0,9.22,7.5,0.4939,0.0
ts89564,Black Summer,SHOW,dark early days zombie apocalypse complete strangers band together find strength need survive get back loved ones,2019,TV-MA,39,"['scifi', 'thriller', 'action', 'drama', 'horror']",['US'],2.0,tt8923854,6.5,29318.0,30.795,7.1,0.7964,0.0
ts224303,The Daily Life Immortal King,SHOW,cultivation genius achieved new realm every two years since year old wang ling nearinvincible existence prowess far beyond control hes sixteen faces greatest battle yet senior high school one challenge another popping plans lowkey high school life seem away,2020,TV-14,19,"['scifi', 'animation', 'comedy', 'action', 'fantasy']",['CN'],2.0,tt11755260,7.2,1331.0,121.132,8.6,0.4404,0.25
ts219660,Alice Borderland,SHOW,group bored delinquents transported parallel dimension part survival game,2020,TV-MA,47,"['action', 'drama', 'scifi', 'thriller', 'fantasy']",['JP'],2.0,tt10795658,7.6,49446.0,71.018,8.2,-0.2732,0.0
ts57213,The Dark Crystal : Age Resistance,SHOW,return world thra three gelfling discover horrifying secret behind skeksis power set ignite fires rebellion save world,2019,TV-PG,51,"['scifi', 'family', 'animation', 'fantasy', 'horror', 'drama', 'action']","['US', 'GB']",1.0,tt6905690,8.4,24419.0,23.53,7.8,-0.25,0.0
ts82913,When They See Us,SHOW,five teens harlem become trapped nightmare theyre falsely accused brutal attack central park,2019,TV-MA,74,"['drama', 'crime', 'history']",['US'],1.0,tt7137906,8.9,116560.0,20.965,8.2,-0.9153,0.0
ts221200,The Haunting Bly Manor,SHOW,au pairs tragic death henry wingrave hires young american nanny care orphaned niece nephew reside bly manor estates chef owen groundskeeper jamie housekeeper mrs grose seems manor centuries dark secrets love loss waiting unearthed chilling tale,2020,TV-MA,55,"['thriller', 'drama', 'scifi', 'horror']",['US'],1.0,tt10970552,7.3,99047.0,29.636,7.8,-0.2263,-0.2732
ts237107,Sweet Magnolias,SHOW,lifelong friends maddie helen dana sue lift juggle relationships family careers small southern town serenity,2020,TV-14,50,"['drama', 'romance']",['US'],2.0,tt9077540,7.3,17689.0,17.137,7.9,0.4767,0.4588
ts89210,Warrior Nun,SHOW,waking morgue orphaned teen discovers possesses superpowers chosen halobearer secret sect demonhunting nuns,2020,TV-MA,43,"['action', 'drama', 'scifi', 'fantasy']",['US'],2.0,tt9059350,6.8,30243.0,45.891,7.9,0.0,0.0
ts223210,Do n't F * * k Cats : Hunting Internet Killer,SHOW,group online justice seekers track guy posted video killing kittens,2019,TV-MA,62,"['documentation', 'crime']",['GB'],1.0,tt11318602,8.0,51559.0,13.548,7.7,-0.25,-0.6486
ts107724,The Defeated,SHOW,max mclaughlin american cop arrives berlin summer 1946 help create police force chaotic aftermath war,2020,TV-MA,55,"['history', 'thriller', 'drama']",['DE'],1.0,tt8879894,7.0,5902.0,7.002,6.846,-0.5106,-0.4767
ts218802,The Family,SHOW,enigmatic conservative christian group known family wields enormous influence washington dc pursuit global ambitions,2019,TV-14,50,"['documentation', 'sport', 'reality']",['US'],1.0,tt11056808,6.4,3491.0,6.904,6.9,0.0,0.0
ts287836,Into Night,SHOW,sun suddenly starts killing everything path passengers overnight flight brussels attempt survive means necessary,2020,TV-MA,36,"['scifi', 'drama', 'thriller']",['BE'],2.0,tt10919486,7.1,31559.0,22.983,7.5,-0.6597,0.0
ts225651,Feel Good,SHOW,recovering addict comedian mae tries control addictive behaviors intense romanticism permeate every facet life life complicated new allconsuming relationship new girlfriend george,2020,TV-MA,25,"['drama', 'comedy', 'romance']",['GB'],2.0,tt10098620,7.5,10690.0,9.986,7.4,0.7269,0.4404
ts104401,Ragnarok,SHOW,small norwegian town experiencing warm winters violent downpours seems headed ragnarok unless someone intervenes time,2020,TV-MA,47,"['thriller', 'action', 'drama', 'fantasy', 'scifi']",['NO'],2.0,tt9251798,7.5,36863.0,118.364,8.067,-0.4588,0.0
ts304505,Love Is Blind,SHOW,singles want loved rather look like signed less conventional approach modern dating,2020,TV-MA,54,"['reality', 'romance']",['US'],5.0,tt11704040,6.1,7863.0,1.4,7.7,0.7717,0.3612
ts103702,Young Wallander,SHOW,follow recently graduated police officer kurt wallander investigates first case,2020,TV-MA,45,"['thriller', 'crime', 'drama']",['GB'],2.0,tt9359220,6.9,11377.0,72.638,7.1,0.0,0.0
ts88577,Hollywood,SHOW,group aspiring actors filmmakers postworld war ii hollywood try make big matter cost,2020,TV-MA,50,"['drama', 'history']",['US'],1.0,tt9827854,7.5,36052.0,11.855,7.6,-0.5859,0.0
ts85398,Our Planet,SHOW,experience planets natural beauty examine climate change impacts living creatures ambitious documentary spectacular scope,2019,TV-G,50,['documentation'],['GB'],1.0,tt9253866,9.3,42259.0,19.942,8.8,0.8555,0.0
ts91039,The Chef Show,SHOW,writer director food enthusiast jon favreau chef roy choi explore food kitchen accomplished chefs celebrity friends,2019,TV-MA,31,['documentation'],['US'],2.0,tt10359446,8.2,5107.0,7.305,7.8,0.8176,0.0
ts95997,Raising Dion,SHOW,widowed single mom discovers son super powers tries figure raise safely responsibly,2019,TV-G,43,"['scifi', 'drama']",['US'],2.0,tt7826108,7.1,14799.0,33.326,7.8,0.6124,0.0
ts82912,Ratched,SHOW,origins story beginning 1947 follows ratcheds journey evolution nurse fullfledged monster tracking murderous progression mental health care system,2020,TV-MA,54,"['drama', 'history', 'thriller', 'crime']",['US'],2.0,tt7423538,7.2,54291.0,35.227,7.8,-0.25,0.0
ts84663,The Politician,SHOW,payton known since childhood hes going president first hell navigate treacherous political landscape high school,2019,TV-14,43,"['comedy', 'drama']",['US'],2.0,tt7971476,7.5,22182.0,14.713,7.4,-0.6808,0.0
ts242210,The Cursed,SHOW,im jin hee gung ho reporter ring thing covers violent case involving forest biggest company south korea chairman forest jin jong hyun relies heavily shamanism investigation im jin hee learns spiritual consulting company affiliated forest head affiliate company jin kyung trying reveal secret behind forest im jin hee meets jin possessed spirit special ability,2020,TV-MA,62,"['thriller', 'scifi', 'drama', 'fantasy']",['KR'],1.0,tt11841276,7.1,466.0,4.435,7.9,0.2023,0.0
ts221749,Dorohedoro,SHOW,story revolves around kaiman remember transfigured magic user transformation left reptiles head desire find truth really accompanied nikaido female companion tracks magic users hole unceremoniously chomps head hoping find put state one one witness second man inside head kaiman pulling back mouth asks question guy inside head say,2020,TV-MA,25,"['scifi', 'action', 'comedy', 'fantasy', 'horror', 'animation']",['JP'],1.0,tt11147852,8.1,8262.0,23.072,8.6,0.7783,0.0
ts86165,The Society,SHOW,everyone else mysteriously vanishes wealthy town teen residents west ham must forge society survive,2019,TV-MA,56,"['drama', 'scifi', 'thriller']",['US'],1.0,tt8778064,7.0,28647.0,21.138,7.7,0.3612,0.0
ts225522,Unorthodox,SHOW,hasidic jewish woman brooklyn flees berlin arranged marriage taken group musicians past comes calling,2020,TV-MA,54,['drama'],['DE'],1.0,tt7607544,8.0,76083.0,15.173,7.9,-0.1779,0.0
ts116814,The Twelve,SHOW,twelve ordinary people called jury duty murder case traumatizing controversial woman stands trial killing blood,2019,TV-MA,48,"['thriller', 'drama']",['BE'],1.0,tt19354884,7.4,5174.0,9.883,7.0,-0.9349,0.0
ts246072,Barbarians,SHOW,three peoples fates interwoven battle teutoburg forest 9 ad germanic warriors halt spread roman empire,2020,TV-MA,47,"['drama', 'action', 'history']",['DE'],1.0,tt9184986,7.2,23709.0,37.819,7.396,-0.3818,0.0
ts218569,The Movies That Made Us,SHOW,unwrap real stories behind iconic christmas blockbusters thanks insider interviews behindthescenes peeks,2019,TV-PG,47,"['documentation', 'family', 'history']",['US'],3.0,tt10681222,7.6,6288.0,10.08,7.4,0.4404,0.0
ts84661,Cursed,SHOW,fresh take arthurian legend teenager nimue joins forces mercenary arthur quest find merlin deliver ancient sword,2020,TV-MA,55,"['action', 'scifi', 'fantasy', 'drama']",['US'],1.0,tt8210856,5.8,29864.0,30.279,7.4,0.3182,0.0
ts220751,Lego Jurassic World : Legend Isla Nublar,SHOW,set 2012 three years events jurassic world movie lego jurassic world legend isla nublar picks story left lego jurassic world secret exhibit newlyhired animal behaviorist owen grady assistant manager park operations claire dearing team isla nublar deal everything hectic life around jurassic world park throws way everything includes runaway dinosaurs ongoing construction expand park tourists everywhere unpredictable tropical weather impulsive boss plus mysterious saboteur surprising ties parks past quest find legendary treasure destroy jurassic world forever could possibly go wrong everything,2019,TV-PG,22,"['comedy', 'family', 'scifi', 'animation', 'action']",['CA'],1.0,tt10872880,6.7,289.0,13.663,7.2,-0.25,0.0
ts83082,Living Yourself,SHOW,burned life miles undergoes strange procedure strip mall spa wakes find hes replaced better version,2019,TV-MA,26,"['drama', 'scifi', 'comedy']",['US'],2.0,tt8880894,7.2,30624.0,9.447,6.8,0.2732,0.0
ts113842,Giri/Haji,SHOW,detective tokyo scours london missing brother whos involved yakuza accused murder,2019,TV-MA,58,"['drama', 'thriller', 'crime']",['GB'],1.0,tt8001106,7.8,14008.0,14.215,7.7,-0.8442,0.0
ts129445,The Spy,SHOW,based life israeli spy eli cohen,2019,TV-MA,53,"['drama', 'history']",['FR'],1.0,tt5952634,7.9,41237.0,16.993,7.6,0.0,0.0
ts241486,Pokémon Journeys : The Series,SHOW,young trainer ash new friend goh become research fellows professor cerises laboratory traveling world learn pokmon,2020,TV-PG,22,"['animation', 'action', 'scifi', 'comedy', 'family', 'fantasy']",['JP'],1.0,tt14033496,6.9,563.0,1.4,6.0,0.4939,0.0
ts237560,Jeffrey Epstein : Filthy Rich,SHOW,stories survivors fuel docuseries examining convicted sex offender jeffrey epstein used wealth power carry abuses,2020,TV-MA,57,"['documentation', 'crime']",['US'],1.0,tt12312250,7.1,23816.0,9.369,7.2,-0.4404,0.5574
ts269397,Bogdan Boner : Egzorcysta,SHOW,demon safe bogdan boner alcoholloving selftaught exorcistforhire returns inventive obscene deadly deeds,2020,TV-MA,12,"['animation', 'comedy']",['PL'],2.0,tt13624584,7.3,105.0,10.114,4.0,-0.2263,0.0
ts105825,The Valhalla Murders,SHOW,police profiler arnar sent back home oslo native iceland investigate countrys first serial killer case teams local senior cop kata,2019,TV-MA,47,"['crime', 'drama', 'thriller', 'scifi']",['IS'],1.0,tt11073588,7.1,13467.0,11.145,6.8,-0.6486,-0.6124
ts113506,The Last Czars,SHOW,chronicled look fall romanov dynasty russia,2019,TV-MA,45,"['romance', 'documentation', 'drama', 'history', 'war']",['GB'],1.0,tt7949606,7.3,8248.0,9.163,7.4,0.0,0.0
ts89339,Selling Sunset,SHOW,elite real estate brokers oppenheim group sell luxe life affluent buyers la drama ramps new agent joins team,2019,TV-MA,36,['reality'],['US'],5.0,tt9817298,6.4,6217.0,8.686,7.0,0.0,0.0
ts88909,Glow Up : Britain 's Next Make-Up Star,SHOW,talented cast aspiring makeup artists live work together attempt prove potential industry professionals multitude worlds fashion film regular eliminations challenges test skills pressure also give opportunity unleash creative vision jawdropping results,2019,TV-14,54,['reality'],['GB'],4.0,tt9680524,6.8,2095.0,5.621,7.0,0.8442,0.0
ts103133,I Am Not Okay This,SHOW,sydney teenage girl navigating trials tribulations high school dealing complexities family budding sexuality mysterious superpowers beginning awaken deep within,2020,TV-MA,21,"['drama', 'fantasy', 'scifi', 'comedy']",['US'],1.0,tt9446688,7.5,58674.0,27.985,8.2,0.0,-0.1695
ts83491,WHAT / IF,SHOW,neonoir thriller series pair cashstrapped newlyweds accept lucrative morally dubious offer mysterious female benefactor,2019,TV-MA,54,"['drama', 'thriller', 'romance']",['US'],1.0,tt20873518,6.3,15243.0,19.664,6.6,0.128,0.0
ts281928,Unsolved Mysteries,SHOW,real cases perplexing disappearances shocking murders paranormal encounters fuel gripping revival iconic documentary series,2020,TV-MA,49,"['documentation', 'drama', 'thriller', 'crime']",['US'],2.0,tt9642938,7.3,9492.0,18.654,7.8,-0.7717,0.0
ts223981,Cheer,SHOW,stakes mat high cheerleaders thing brutal workouts exceptional performances stories adversity triumph behind athletes,2020,TV-MA,56,"['documentation', 'sport', 'reality']",['US'],2.0,tt11426660,8.1,6271.0,8.36,7.4,-0.3818,0.5106
ts89014,DC Super Hero Girls,SHOW,world may know wonder woman supergirl batgirl notsotypical teenagers diana kara barbara alongside super hero friends much deal protecting metropolis sinister schoolaged supervillains teens tough enough school friends family chaos comes managing social life add super powers secret identity mix things get lot complicated,2019,TV-PG,10,"['scifi', 'animation', 'family', 'action', 'comedy', 'fantasy', 'drama']",['US'],2.0,tt9628244,7.1,1282.0,12.626,8.2,0.8591,0.8176
ts83657,The Order,SHOW,avenge mothers death college student pledges secret order lands war werewolves practitioners dark magic,2019,TV-MA,48,"['scifi', 'drama', 'thriller', 'fantasy', 'horror']",['US'],2.0,tt8295472,6.7,27943.0,27.883,7.9,-0.8316,0.0
ts250997,Down Earth Zac Efron,SHOW,actor zac efron journeys around world wellness expert darin olien travel show explores healthy sustainable ways live,2020,TV-PG,39,"['documentation', 'history', 'reality']",['US'],1.0,tt12585152,8.0,6586.0,17.742,7.8,0.6808,0.0
ts215012,Kipo Age Wonderbeasts,SHOW,girl explores possibilities postapocalyptic world,2020,TV-Y7,23,"['comedy', 'family', 'fantasy', 'scifi', 'animation', 'action']",['US'],3.0,tt10482560,8.3,5618.0,24.191,8.4,0.0,0.0
ts103329,Ghost Shell : SAC_2045,SHOW,global financial crisis world engulfed aidriven sustainable war section 9 counter new forms cyber threats,2020,TV-14,25,"['scifi', 'action', 'animation', 'crime', 'drama', 'thriller']",['JP'],2.0,tt9466298,6.2,2397.0,11.482,6.5,-0.8957,-0.3182
ts215683,The Untamed,SHOW,land dominated mighty wen clan young man named wei wuxian strikes unconventional friendship justiceloving lan wangji duo unexpectedly stumbles across evidence implicating wen clans chief plot bring mayhem inhabitants land wei wuxian lan wangji decide intervene however pairs attempts foil wen clan bosss wicked plans go wrong confusion follows wei wuxian disappears many fearing worst sixteen years later wei wuxian returns blue soon reunited lan wangji spate mysterious murders broken duo joins forces investigate determined fail time pair get bottom intrigue solve murder cases dastardly secret figure pulling strings behind evildoings blighting land,2019,TV-14,44,"['action', 'drama', 'thriller', 'romance', 'comedy', 'fantasy', 'horror']",['CN'],1.0,tt10554898,8.8,6181.0,30.895,8.5,-0.9873,0.0
ts236531,Too Hot Handle,SHOW,shores paradise gorgeous singles meet mingle theres twist win 100000 grand prize theyll give sex,2020,TV-MA,42,"['reality', 'romance']",['US'],3.0,tt12004280,4.6,12230.0,20.633,6.8,0.9601,0.0
ts80709,Another Life,SHOW,massive alien artifact lands earth niko breckinridge leads interstellar mission track source make first contact,2019,TV-MA,42,"['scifi', 'drama', 'thriller']",['US'],2.0,tt8369840,5.2,35536.0,56.037,6.1,0.0,0.0
ts256007,Love & Anarchy,SHOW,married consultant young tech kick flirty game challenges societal norms leads reevaluate entire lives,2020,TV-MA,31,"['comedy', 'drama', 'romance']",['SE'],2.0,tt10888876,7.4,7896.0,13.59,7.3,0.2263,0.6369
ts86908,L.A. 's Finest,SHOW,syd burnett left complicated past behind become lapd detective paired new partner nancy mckenna working mom equally complex past syd pushed examine whether unapologetic lifestyle might masking greater personal secret two women dont agree much find common ground comes taking dangerous criminals los angeles,2019,TV-14,47,"['crime', 'drama', 'action', 'comedy', 'thriller']",['US'],2.0,tt7555294,6.1,7000.0,21.788,7.3,-0.7514,0.0
ts227305,Tiger King,SHOW,zoo owner spirals control amid cast eccentric characters true murderforhire story underworld big cat breeding,2020,TV-MA,44,"['documentation', 'crime']",['US'],2.0,tt11823076,7.5,77790.0,9.63,7.0,0.4215,0.0
ts88469,Undercover,SHOW,undercover agents infiltrate drug kingpins operation posing couple campground spends weekends inspired real events,2019,TV-MA,49,"['drama', 'crime', 'thriller']",['BE'],3.0,tt7263154,7.8,17005.0,17.659,8.0,0.4939,0.0
ts284800,Criminal : UK,SHOW,within walls interrogation room london investigators question suspects accused grievous crimes truth comes light,2019,TV-MA,44,"['crime', 'drama', 'thriller']",['GB'],2.0,tt9860676,7.6,18213.0,12.302,7.429,-0.6486,-0.5267
ts88262,Traitors,SHOW,1945 london feef seduced rogue american spy spying country task uncover russian agent heart british government,2019,TV-MA,51,"['war', 'drama', 'thriller', 'history']",['GB'],1.0,tt7371896,6.6,3130.0,4.526,6.8,-0.3612,0.0
ts286390,Merli : Dare Know,SHOW,follows story pol rubio merlin bergerons favorite student merlin tv series pol follows footsteps former professor begins philosophy career university barcelona pol meet new friends new colleagues new teachers new conflicts complicated family new relationship bruno new stage meeting mara bolao key acid teacher see great potential pol mark definitively bolao constantly pressures pol forcing let go posh attitude face new life adult way,2019,TV-MA,48,"['comedy', 'drama']",['ES'],2.0,tt9415632,7.6,1868.0,52.228,8.4,0.743,0.0
ts224907,Backstreet Rookie,SHOW,tells unpredictable 24hour love story fourdimensional innocent girl jung saet byeol troublemaker adorkable caring male store manager choi dae hyun context convenience store met accidentally 4 years ago back saet byeol asked dae hyun buy cigarettes saet byeol comes convenience store dae hyun runs parttime job hilarious romantic story starts,2020,TV-14,62,"['drama', 'comedy', 'romance', 'action']",['KR'],1.0,tt12516712,7.4,2216.0,29.819,7.5,0.8689,0.0
ts161737,Dare Me,SHOW,lives several cheerleaders changed forever shocking crime rocks quiet suburban world,2019,TV-MA,43,"['thriller', 'crime', 'drama', 'reality']",['US'],1.0,tt2983222,6.6,5254.0,15.001,7.9,-0.6124,0.0
ts187541,Hotel Del Luna,SHOW,hes invited manage hotel dead souls elite hotelier gets know establishments ancient owner strange world,2019,TV-14,80,"['romance', 'action', 'comedy', 'drama', 'fantasy', 'horror', 'scifi']",['KR'],1.0,tt10220588,8.2,8405.0,32.042,8.7,-0.7269,0.0
ts88283,Wu Assassins,SHOW,last line chosen ones wannabe chef teams homicide detective unravel ancient mystery take supernatural assassins,2019,TV-MA,44,"['scifi', 'action', 'crime', 'drama', 'fantasy']",['US'],1.0,tt8652642,6.4,12921.0,15.475,7.3,0.0,0.0
ts105047,To Lake,SHOW,terrible plague strikes group decides risk lives humanity struggles survive face end civilization,2019,TV-MA,51,"['thriller', 'drama', 'scifi']",['RU'],2.0,tt9151230,7.2,12713.0,13.757,7.5,-0.8481,0.0
ts215691,Teenage Bounty Hunters,SHOW,joining forces veteran bounty hunter sixteenyearold fraternal twin sisters sterling blair dive world bail skipping baddies still navigating high stakes teenage love sex,2020,TV-MA,49,"['comedy', 'drama', 'action', 'crime']",['US'],1.0,tt10584608,7.6,11426.0,16.492,7.9,0.6369,0.0
ts90729,Away,SHOW,american astronaut emma green must leave husband teenage daughter behind command international space crew embarking upon treacherous mission series hope humanity need one another achieve impossible things,2020,TV-14,50,"['drama', 'scifi', 'romance']",['US'],1.0,tt8787802,6.6,23787.0,16.426,6.8,0.4019,0.0
ts242820,Floor Lava,SHOW,teams compete navigate rooms flooded lava leaping chairs hanging curtains swinging chandeliers,2020,TV-Y7,31,['reality'],['US'],2.0,tt12370124,5.3,2429.0,9.617,7.8,0.0,0.0
ts288350,Julie Phantoms,SHOW,teenage julie finds passion music life helping phantoms trio ghostly guys become band never able,2020,TV-G,2,"['scifi', 'fantasy', 'music', 'comedy', 'drama', 'family', 'documentation']",['US'],1.0,tt14337216,8.4,9725.0,13.926,8.584,0.6369,0.0
ts89744,How Sell Drugs Online ( Fast ),SHOW,win back girlfriend school drug dealer moritz answer clear sell better drugs teenage bedroom joins forces best friend lenny launch turns unexpectedly successful online drug market soon accidental drug dealers theyre faced standard drug empire problems meeting demand quality control importantly getting caught,2019,TV-MA,32,"['comedy', 'crime', 'drama', 'romance']",['DE'],3.0,tt9184994,7.9,31516.0,26.381,8.3,0.9601,0.0
ts82361,Ultraman,SHOW,decades ago hero stars left world peace son ultraman must rise protect earth new alien threat,2019,TV-14,24,"['animation', 'action', 'scifi', 'fantasy', 'drama']",['JP'],3.0,tt8699270,6.8,2089.0,30.084,7.1,0.743,0.0
ts250801,Dark Desire,SHOW,married alma spends fateful weekend away home ignites passion ends tragedy leads question truth close,2020,TV-MA,34,"['thriller', 'drama']",['MX'],2.0,tt12540080,6.5,7420.0,122.06,7.3,-0.0258,0.4019
ts223986,The Circle,SHOW,players start isolated apartment online interactions means communication players use social media platform called circle,2020,TV-MA,52,['reality'],['US'],5.0,tt9581768,7.2,6901.0,7.905,7.7,-0.3182,0.0
ts216522,BEASTARS,SHOW,world beasts kinds coexist gentle wolf awakens predatory urges school deals murder within midst,2019,TV-MA,23,"['animation', 'drama', 'crime', 'fantasy', 'romance', 'thriller']",['JP'],2.0,tt11043632,7.7,9782.0,66.572,8.7,-0.4215,0.0
ts82851,Messiah,SHOW,wary cia officer investigates charismatic man sparks spiritual movement stirs political unrest exactly want,2020,TV-MA,45,"['drama', 'thriller']",['US'],1.0,tt7671598,7.6,42667.0,19.659,7.4,0.0772,0.0
ts252758,Get Organized The Home Edit,SHOW,expert home organizers clea joanna help celebrities everyday clients edit categorize contain clutter create stunning spaces,2020,TV-PG,42,['reality'],['US'],2.0,tt10834478,5.4,1506.0,6.857,6.7,0.7506,0.0
ts84993,Daybreak,SHOW,living best life postapocalyptic la slacker strives find girl dreams outwitting mindless ghouls cliquish gangs,2019,TV-MA,47,"['scifi', 'drama', 'fantasy', 'horror', 'action', 'comedy', 'thriller']",['US'],1.0,tt12374132,6.6,19654.0,18.304,7.3,0.6124,0.0
ts224859,The Pharmacist,SHOW,sons tragic death louisiana pharmacist goes extremes expose rampant corruption behind opioid addiction crisis,2020,TV-MA,54,"['documentation', 'crime']",['US'],1.0,tt11600174,7.7,7261.0,3.063,8.4,-0.9118,0.0
ts269690,Schulz Saves America,SHOW,comedian andrew schulz takes years divisive topics fearlessly unfiltered irreverent fourpart special,2020,TV-MA,17,['comedy'],['US'],1.0,tt13607518,7.3,1086.0,1.4,7.3,0.7506,0.0
ts88699,Northern Rescue,SHOW,death wife sarah john west packs three children moves hectic urban life small northern hometown take command local searchandrescue service family struggles new surroundings new friends accepting sarahs death,2019,TV-14,44,"['drama', 'family']",['CA'],1.0,tt8462412,6.9,4202.0,9.477,7.0,-0.6808,0.5106
ts223240,Itaewon Class,SHOW,colorful seoul neighborhood excon friends fight mighty foe make ambitious dreams street bar reality,2020,TV-MA,70,"['drama', 'romance']",['KR'],1.0,tt11239552,8.2,12780.0,36.591,8.5,0.5267,0.0
ts88151,Quicksand,SHOW,tragedy school sends shock waves wealthy stockholm suburb seemingly welladjusted teen finds trial murder,2019,TV-MA,46,"['drama', 'crime', 'thriller']",['SE'],1.0,tt8686106,7.5,21276.0,16.469,7.3,-0.8807,0.0
ts225101,Start-Up,SHOW,young entrepreneurs aspiring launch virtual dreams reality compete success love cutthroat world koreas hightech industry,2020,TV-14,80,"['drama', 'comedy', 'romance']",['KR'],1.0,tt12867810,8.1,9697.0,32.075,8.4,0.891,0.0
ts79695,Sintonia,SHOW,told three different characters perspectives story sintonia explores interconnection music drug traffic religion paulo quest somebody many paths converge,2019,TV-MA,44,"['drama', 'crime', 'music']",['BR'],3.0,tt8165086,6.6,1172.0,42.611,8.2,0.0,0.0
ts223404,It 's Okay Not Be Okay,SHOW,desperate escape emotional baggage heavy responsibility hes life psychiatric ward worker begins heal help unexpecteda woman writes fairy tales doesnt believe,2020,TV-MA,76,"['drama', 'comedy', 'romance']",['KR'],1.0,tt12451520,8.6,22346.0,50.095,8.6,0.4019,0.4215
ts89075,Her Private Life,SHOW,art curators life unravels tries keep pastime diehard kpop fan secret gallerys new director,2019,TV-14,75,"['comedy', 'drama', 'romance']",['KR'],2.0,tt9899340,7.7,3826.0,14.707,7.933,0.3182,0.0
ts236747,Middleditch & Schwartz,SHOW,comedy duo thomas middleditch ben schwartz turn small ideas epically funny stories series completely improvised comedy specials,2020,TV-MA,51,['comedy'],['US'],1.0,tt12027034,8.6,5310.0,2.329,8.0,0.7845,0.0
ts90019,Bonding,SHOW,new york city grad student moonlighting dominatrix enlists gay bff high school assistant,2019,TV-MA,17,"['drama', 'comedy']",['US'],2.0,tt7718088,7.1,16027.0,19.49,7.4,0.5267,0.0
ts87364,Conversations Killer : The Ted Bundy Tapes,SHOW,unique look inside mind infamous serial killer cinematic selfportrait crafted statements made ted bundy including presentday interviews archival footage audio recordings death row,2019,TV-MA,59,"['documentation', 'crime', 'history']",['US'],1.0,tt8463172,7.8,27439.0,14.137,7.6,-0.8481,-0.6486
ts250912,Fear City : New York vs The Mafia,SHOW,new york city 1970s ruled bloody fist five mafia families group federal agents tried unthinkable taking,2020,TV-MA,52,"['crime', 'documentation']",['US'],1.0,tt12588372,7.1,7354.0,10.282,6.9,-0.4404,-0.4939
ts219162,Inside Bill 's Brain : Decoding Bill Gates,SHOW,threepart documentary tells bill gates life story indepth unfiltered pursues unique solutions worlds complex problems,2019,TV-14,53,['documentation'],['US'],1.0,tt10837476,7.9,10892.0,6.426,7.5,-0.25,0.0
ts268560,The Uncanny Counter,SHOW,group supernatural demon hunters known counters unique abilities disguise employees noodle restaurant tracking evil spirits terrorize mortal world,2020,TV-14,64,"['drama', 'thriller', 'action', 'fantasy', 'horror']",['KR'],1.0,tt13273826,8.1,6033.0,28.255,8.8,-0.8658,0.0
ts306090,GREAT PRETENDER,SHOW,supposedly japans greatest swindler makoto edamura gets bargained tries con laurent thierry real worldclass crook,2020,TV-MA,23,"['drama', 'action', 'animation', 'comedy', 'crime']",['JP'],1.0,tt11680468,7.9,4902.0,13.641,7.6,0.6369,0.6249
ts105542,The Baker Beauty,SHOW,bluecollar baker strikes relationship international superstar us version israeli romantic comedy series baker beauty,2020,TV-14,32,"['comedy', 'drama', 'romance']",['US'],1.0,tt9164986,7.3,4270.0,8.545,8.1,0.7579,0.5859
ts83107,V Wars,SHOW,mysterious disease begins transforming people vampires dr luther swann pitted best friend powerful vampire leader,2019,TV-MA,42,"['scifi', 'drama', 'horror']",['US'],1.0,tt7403736,6.0,13745.0,19.7,7.7,0.8807,-0.5574
ts251782,High Score,SHOW,docuseries traces history classic video games featuring insights innovators brought worlds characters life,2020,TV-14,42,"['documentation', 'history']",['US'],1.0,tt12759400,7.4,7912.0,13.282,7.6,0.0,0.0
ts88721,Special,SHOW,gay man mild cerebral palsy decides rewrite identity accident victim finally go life wants,2019,TV-MA,22,"['comedy', 'drama']",['US'],2.0,tt9381622,7.6,9434.0,6.88,6.7,-0.6369,0.4019
ts89347,Street Food,SHOW,embark global cultural journey street food discover stories people create flavorful dishes,2019,TV-G,31,['documentation'],['US'],2.0,tt10050778,7.9,2760.0,4.101,7.9,0.2732,0.0
ts236091,Oh My Baby,SHOW,39yearold single woman wants child without getting married three men radar trouble choosing walk life shes already hopeless love marriage,2020,TV-14,68,"['comedy', 'family', 'drama', 'romance']",['KR'],1.0,tt12324660,7.2,213.0,4.131,7.0,-0.128,0.0
ts89747,High Seas,SHOW,two sisters discover disturbing family secrets string mysterious deaths occur luxury ship traveling spain brazil 1940s,2019,TV-MA,42,"['crime', 'drama', 'comedy']",['ES'],4.0,tt8961508,6.8,7359.0,20.911,7.0,-0.5106,0.0
ts81646,Chambers,SHOW,consumed mystery surrounding donor heart saved life young patient starts taking sinister characteristics deceased,2019,TV-MA,44,"['drama', 'thriller', 'fantasy', 'horror']",['US'],1.0,tt7949204,6.4,8455.0,13.586,6.8,-0.2732,0.0
ts108392,The Letter King,SHOW,tiuri teenage squire answers call help sends perilous mission across three kingdoms deliver secret letter king,2020,TV-PG,47,"['action', 'family', 'fantasy', 'scifi']",['GB'],1.0,tt8741648,5.9,7468.0,8.039,7.1,0.4019,0.0
ts222455,The Devil Next Door,SHOW,cleveland grandfather brought trial israel accused infamous nazi death camp guard known ivan terrible,2019,TV-MA,46,"['crime', 'documentation', 'history']","['US', 'IL']",1.0,tt11165002,7.6,13370.0,6.571,7.2,-0.8481,-0.6597
ts106536,White Lines,SHOW,woman tries solve mysterious death brother famous dj disappeared ibiza many years ago,2020,TV-MA,55,"['drama', 'thriller', 'crime']",['GB'],1.0,tt9073958,6.6,16768.0,14.393,6.8,-0.6124,0.0
ts84586,Spinning Out,SHOW,kat baker upandcoming highlevel single skater turn skates disastrous fall kat seizes opportunity continue career pair skater talented badboy partner risks exposing fiercely kept secret could unravel entire life,2020,TV-MA,49,"['drama', 'sport']",['US'],1.0,tt9117054,7.6,14066.0,14.067,8.1,-0.25,0.0
ts89251,Tales City,SHOW,mary ann returns presentday san francisco reunited daughter exhusband twenty years leaving behind pursue career fleeing midlife crisis pictureperfect connecticut life created mary ann quickly drawn back orbit anna madrigal chosen family new generation queer young residents living 28 barbary lane,2019,TV-MA,56,['drama'],['US'],1.0,tt7087260,7.4,7930.0,10.445,7.5,-0.4767,0.0
ts90937,Stateless,SHOW,four strangers flight attendant escaping suburban cult afghan refugee fleeing persecution young australian father escaping deadend job bureaucrat caught national scandal stuck immigration detention center australian desert inspired true events,2020,TV-14,53,['drama'],['AU'],1.0,tt4878488,7.5,9327.0,8.085,6.8,0.0,0.0
ts86978,Power Rangers Beast Morphers,SHOW,set future secret agency combines newly discovered substance called morphx animal dna create power rangers beast morphers team rangers must fight evil sentient computer virus bent taking source ranger power morphin grid,2019,TV-Y7,22,"['action', 'animation', 'scifi', 'thriller', 'comedy', 'drama', 'fantasy']",['ES'],2.0,tt8022978,6.5,602.0,1.802,9.7,-0.7096,0.0
ts87471,Darwin 's Game,SHOW,sudou kaname ordinary high school student receives invitation email try mysterious app called darwins game kaname upon launching app drawn game players fight one another using superpowers called sigils without knowing reason kaname survive furious battles powerful players attack,2020,TV-14,25,"['action', 'scifi', 'animation', 'thriller', 'drama']",['JP'],1.0,tt11405390,7.2,2440.0,14.208,7.86,-0.8481,0.0
ts86946,Osmosis,SHOW,paris near future dating app matches singles soul mates mining brain data decoding true love comes price,2019,TV-MA,42,"['drama', 'scifi', 'romance']",['FR'],1.0,tt7043380,5.7,3041.0,8.783,5.9,0.7906,0.0
ts86726,Tidying Up Marie Kondo,SHOW,series inspiring home makeovers worldrenowned tidying expert marie kondo helps clients clear clutter choose joy,2019,TV-PG,40,['reality'],['US'],1.0,tt8115560,6.6,3568.0,4.47,6.8,0.8957,0.0
ts243036,Selena : The Series,SHOW,mexicanamerican tejano singer selena comes age realizes dreams family make tough choices hold love music,2020,TV-PG,38,"['drama', 'music']",['US'],2.0,tt9421868,6.9,4505.0,45.91,7.5,0.7506,0.0
ts271247,LEGO City Adventures,SHOW,welcome lego city modern metropolis filled fiercest firefighters cream crop cops many blockheads every citizen assemble together awesomely awesome adventures,2019,TV-Y7,13,"['animation', 'action', 'comedy', 'family']",['US'],4.0,tt10332322,6.7,194.0,7.24,7.4,0.8591,0.34
ts255926,Dash & Lily,SHOW,whirlwind holiday romance builds cynical dash optimistic lily trade dares dreams desires notebook pass back forth locations across new york city,2020,TV-14,25,"['drama', 'comedy', 'romance']",['US'],1.0,tt1758589,7.5,16978.0,16.738,8.2,0.8271,0.0
ts76382,Carmen Sandiego,SHOW,master thief uses skills good carmen sandiego travels world foiling viles evil plans help savvy sidekicks,2019,TV-Y7,25,"['animation', 'action', 'thriller', 'family']",['US'],4.0,tt7042146,7.9,5744.0,16.916,8.1,-0.4939,0.0
ts89282,Toy Boy,SHOW,seven years mlaga prison male stripper released pending retrial sets prove lover framed husbands murder,2019,TV-MA,61,"['drama', 'thriller', 'crime', 'action']",['ES'],2.0,tt8693266,6.5,7526.0,23.996,7.7,-0.6369,0.0
ts321758,Vagabond,SHOW,stuntman cha dalgeon gets involved tragic airplane crash ends discovering national corruption scandal process go haeri oldest daughter deceased marine decides work national intelligence service secret ops agent order support mom younger siblings although wanted become civil servant,2019,TV-MA,63,"['drama', 'thriller', 'romance', 'action']",['KR'],1.0,tt8523042,8.2,7982.0,29.264,8.475,-0.4215,0.0
ts256309,Aunty Donna 's Big Ol House Fun,SHOW,comedy trio aunty donna showcase uniquely absurd offbeat style array sketches songs eclectic characters,2020,TV-MA,20,['comedy'],['AU'],1.0,tt13316746,7.9,6318.0,4.316,7.5,0.3612,0.5106
ts219080,Caliphate,SHOW,national security agent fatima receives tip terrorist attack sweden planning stage meanwhile sulle teenage girl stockholm gets interested student assistent opens doors new fascinating world true path kalifat thriller intermingled fates five young women get caught seducing destroying force religious fundamentalism,2020,TV-MA,48,"['drama', 'war', 'thriller', 'crime']",['SE'],1.0,tt11398870,8.2,18134.0,12.662,7.3,-0.1531,0.0
ts256764,Heaven Official 's Blessing,SHOW,xie lian crown prince xian le kingdom successfully ascends heaven third trial spite successive demotions however accidentally breaks gold palace heavenly officials human worshiping xie lian descend secular world exorcise ghosts may help sustain divinity,2020,TV-14,24,"['scifi', 'drama', 'action', 'animation']","['CN', 'US']",1.0,tt13375866,8.2,1475.0,7.437,8.6,0.9349,0.7579
ts223308,Astronomy Club : The Sketch Show,SHOW,unique individual perspectives converge unified voice sketch comedy group astronomy club delivers smart absurd brand humor,2019,TV-MA,20,['comedy'],['US'],1.0,tt10675488,6.9,598.0,1.4,7.2,0.836,0.0
ts215178,Grand Army,SHOW,drama series tells story five high school students struggle sexual racial economic politics fight succeed become somebody,2020,TV-MA,52,['drama'],['US'],1.0,tt10473150,7.4,6723.0,9.697,8.0,-0.1779,0.4588
ts213820,Next Fashion,SHOW,18 budding fashion designers compete 250000 prize opportunity launch clothing line netaporter,2020,TV-14,50,['reality'],['US'],1.0,tt10394770,7.3,3646.0,4.72,8.0,0.7269,0.0
ts89326,Persona,SHOW,exploration different personas eclectic collection four works critically acclaimed korean directors,2019,TV-MA,22,['drama'],['KR'],2.0,tt10027990,6.6,1196.0,5.056,6.5,0.2263,0.0
ts223759,Killer Inside : The Mind Aaron Hernandez,SHOW,via interviews friends players insiders docuseries examines aaron hernandez went nfl star convicted killer,2020,TV-MA,67,"['documentation', 'crime', 'sport']",['US'],1.0,tt11475228,7.4,16934.0,7.173,7.4,-0.296,-0.6486
ts192440,Garth Brooks : The Road I 'm On,SHOW,look life career garth brooks wife trisha yearwood,2019,TV-PG,86,"['documentation', 'reality']",['US'],1.0,tt10095402,7.4,287.0,0.699,10.0,0.0,0.0
ts225912,Biohackers,SHOW,mia goes medical school get close professor suspects hand past family tragedy gets tangled world biohacking,2020,TV-MA,42,"['drama', 'scifi', 'action', 'thriller']",['DE'],2.0,tt9849210,6.8,9577.0,11.461,7.5,-0.7003,0.0
ts93066,The I-Land,SHOW,ten people wake treacherous island memory got set trek try get back home discover world seems,2019,TV-MA,40,"['drama', 'scifi', 'reality']",['US'],1.0,tt9067020,4.6,16918.0,16.064,5.66,0.0,0.0
ts219561,"The Mind , Explained",SHOW,ever wonder whats happening inside head dreaming anxiety disorders discover brain works illuminating series,2019,TV-14,22,['documentation'],['US'],2.0,tt10810430,8.0,5312.0,9.751,7.8,-0.1779,0.0
ts85480,Carole & Tuesday,SHOW,fifty years passed since mankind began migrating new frontier mars age culture produced ai people content passive consumers theres girl scrapping living metropolis alba city shes working part time trying become musician shes always felt like something missing name caroletheres girl born wealthy family provincial town herschel city dreams becoming musician nobody around understands feels like loneliest person world name tuesday chance meeting brings together want sing want make music together feel like might chance two may create tiny wave wave eventually grow something larger,2019,TV-PG,24,"['scifi', 'drama', 'animation', 'music']",['JP'],1.0,tt8107988,7.8,2038.0,9.913,7.4,0.9118,0.0
ts88485,Green Eggs Ham,SHOW,guyami inventor friend samiam go crosscountry trip would test limits friendship learn try new things find adventure brings,2019,TV-Y7,28,"['animation', 'comedy', 'action', 'family', 'drama', 'fantasy', 'romance']",['US'],2.0,tt4651448,8.1,2631.0,13.878,8.6,0.8126,0.0
ts252856,Challenger : The Final Flight,SHOW,engineers officials crew members families provide perspective 1986 space shuttle challenger disaster aftermath,2020,TV-14,45,"['documentation', 'history']",['US'],1.0,tt12930534,7.8,6927.0,14.707,7.1,-0.5574,0.128
ts225787,Unabomber : In His Own Words,SHOW,anchored rare interview docuseries details ted kaczynskis path young intellectual one feared people us history,2020,TV-MA,44,"['crime', 'documentation']",['US'],1.0,tt11833494,7.2,3446.0,4.465,7.4,0.0258,0.0
ts254592,Song Exploder,SHOW,get inspired musicians dig deep creative process songwriting reveal intimate thoughts series based hit podcast,2020,TV-MA,25,"['documentation', 'music']",['US'],2.0,tt13110256,7.4,776.0,1.366,8.0,0.7269,0.0
ts218500,Dragons : Rescue Riders,SHOW,twins dak leyla share unique ability communicate dragons brother sister lead team five young dragons spend days rescuing dragons helping people adopted town huttsgalor,2019,TV-Y,24,"['action', 'comedy', 'family', 'fantasy', 'animation', 'scifi']",['US'],2.0,tt10687134,5.9,314.0,10.237,7.0,0.6908,0.5106
ts224796,The Ghost Bride,SHOW,1890s malacca li lan finds afterlife becomes mired mystery linked sinister deceased son wealthy family,2020,TV-14,51,['drama'],"['TW', 'MY']",1.0,tt9690302,6.2,739.0,7.036,7.0,-0.34,-0.3182
ts87473,7SEEDS,SHOW,shy natsu awakens part group chosen ensure survival humanity together survive changed earth,2019,TV-MA,25,"['scifi', 'drama', 'animation', 'romance', 'action', 'horror']",['JP'],2.0,tt9348718,6.3,1420.0,32.402,8.0,0.1531,0.0
ts89881,Mr. Iglesias,SHOW,hilarious high school teacher gabriel iglesias tries make difference lives smart underperforming students alma mater,2019,TV-14,29,['comedy'],['US'],3.0,tt8403536,7.1,6857.0,7.974,7.7,0.6597,0.0
ts237751,Gameboys,SHOW,teenage streamer cairo caught guard receives video call new online rival called gavreel even surprised handsome stranger asks two gamers make romance work covid19 pandemic lockdown game love story,2020,TV-14,27,"['drama', 'romance']",['PH'],2.0,tt12508898,8.4,1118.0,8.164,8.5,0.9169,0.0
ts104449,The Liberator,SHOW,true story one bloodiest battles world war ii,2020,TV-MA,49,"['action', 'drama', 'war', 'animation']",['US'],1.0,tt9308682,7.5,6128.0,19.173,7.1,-0.5719,0.0
ts251067,The Baby-Sitters Club,SHOW,contemporary take beloved book series five best friends launch babysitting business thats big fun adventure,2020,TV-G,27,"['comedy', 'drama', 'family']",['US'],2.0,tt8690518,7.3,3966.0,29.598,8.0,0.9451,0.0
ts223344,The Gift,SHOW,painter istanbul embarks personal journey unearths universal secrets anatolian archaeological site link past,2019,TV-MA,43,"['thriller', 'drama', 'scifi', 'fantasy']",['TR'],3.0,tt10075318,7.0,21802.0,16.327,7.7,0.0,0.4404
ts214861,Prank Encounters,SHOW,takes two complete strangers think theyre starting first day new job business usual paths collide parttime jobs turn fulltime nightmares,2019,TV-MA,23,"['reality', 'comedy', 'horror', 'scifi']",['US'],2.0,tt10487072,5.2,2728.0,15.251,7.3,-0.0772,0.0
ts93054,Trinkets,SHOW,unexpected friendship forms three teenage girls meet shoplifters anonymous,2019,TV-MA,26,"['drama', 'comedy', 'crime']",['US'],2.0,tt9134194,7.0,10725.0,17.648,8.089,0.4404,0.0
ts237513,Ju-On : Origins,SHOW,paranormal researcher searches obsessively cursed home something terrible happened mother child long ago,2020,TV-MA,29,"['drama', 'horror']",['JP'],1.0,tt12313914,6.1,4546.0,20.607,6.8,-0.5423,0.0
ts87986,Dolly Parton 's Heartstrings,SHOW,eight stories celebrating family faith love forgiveness come life series inspired dolly partons iconic country music catalog,2019,TV-14,66,"['drama', 'music', 'comedy']",['US'],1.0,tt8509922,7.6,2107.0,4.747,7.3,0.9432,0.0
ts93611,October Faction,SHOW,semiretired couple work clandestine monster hunting agency discover dark family secrets truth employer magically inclined nigh adult kids reawaken witch bent revenge,2020,TV-MA,41,"['horror', 'scifi', 'drama', 'fantasy']",['US'],1.0,tt8826128,6.1,10961.0,8.382,6.8,-0.5574,0.0
ts85619,Hache,SHOW,helena gains trust love dangerous heroin cartel leader barcelona develops skills needs eventually seize empire,2019,TV-MA,45,"['crime', 'drama', 'thriller']",['ES'],2.0,tt8575476,6.5,1638.0,14.23,6.6,0.5574,0.0
ts100359,Medical Police,SHOW,two american physicians paulo brazil discover civilizationthreatening virus recruited government agents race time around world find cure uncover dark conspiracy,2020,TV-MA,24,['comedy'],['US'],1.0,tt9850952,5.9,4203.0,9.85,6.7,-0.5267,0.0
ts235862,My Unfamiliar Family,SHOW,family must deal unresolved emotions misunderstandings deeply affect relationships mother wants graduate marriage daughter discovers husbands wellhidden secret family must learn rely communicate,2020,TV-14,73,['drama'],['KR'],1.0,tt12458252,7.8,109.0,15.464,8.0,0.0,0.0
ts105608,Puerta 7,SHOW,unflinching exploration argentinas infamous soccer barra bravas bare torsoed soccer fans feared public even police responsible fatalities soccer matches,2020,TV-MA,41,"['crime', 'drama', 'thriller']",['AR'],1.0,tt9170386,5.6,560.0,6.19,7.1,-0.5994,0.0
ts103360,The Barrier,SHOW,2045 spain like rest western world driven dictatorial regime lack natural resources life countryside impossible city fence divides peoples powerful rest,2020,TV-MA,53,"['scifi', 'fantasy', 'thriller', 'action', 'drama', 'war']",['ES'],1.0,tt9460858,6.8,3506.0,21.052,7.1,0.6705,-0.128
ts236501,Valeria,SHOW,writer creative marital crisis finds refuge support three best friends based novels elisabet benavent,2020,TV-MA,41,"['comedy', 'drama', 'romance']",['ES'],2.0,tt9731288,6.5,5701.0,24.53,7.5,0.8316,0.0
ts106126,The Bonfire Destiny,SHOW,devastating fire 1897 paris three women find lives upended betrayal deception romantic turmoil inspired real events,2019,TV-MA,50,"['drama', 'history']",['FR'],1.0,tt9050352,7.6,4560.0,10.26,7.4,-0.875,0.0
ts190462,Gentefied,SHOW,morales cousins scramble save grandfathers taco shopand pursue dreamsas gentrification shakes la neighborhood,2020,TV-MA,30,"['comedy', 'drama']",['US'],2.0,tt10037034,7.3,2697.0,3.205,7.8,0.4939,0.0
ts218888,BNA,SHOW,morphed raccoon beastman michiru seeks refuge answers aid wolf beastman shirou inside special zone animacity,2020,TV-14,24,"['scifi', 'action', 'animation', 'fantasy']",['JP'],1.0,tt12013558,7.2,2605.0,18.263,8.4,0.4019,0.0
ts237096,Trial Media,SHOW,true crime docuseries dramatic trials time examined emphasis media may impacted verdicts,2020,TV-MA,62,"['crime', 'documentation']",['US'],1.0,tt11963042,7.1,3172.0,2.792,7.3,-0.1027,0.0
ts83810,Cannon Busters,SHOW,maintenance robot deadly fugitive tagging along friendship droid sam searches best friend heir kingdom siege,2019,TV-MA,24,"['scifi', 'action', 'animation', 'fantasy']","['US', 'FR', 'JP']",1.0,tt5066664,6.6,1200.0,4.263,6.4,0.8834,0.0
ts254537,"Good Morning , Verônica",SHOW,hunting datingsite predator underused cop discovers husband wife horrific secret web conspiracy hiding,2020,TV-MA,45,"['crime', 'drama', 'thriller']",['BR'],2.0,tt12987918,7.5,3673.0,13.922,7.4,-0.875,0.4404
ts86413,AJ Queen,SHOW,traveling across country rundown rv drag queen ruby red discovers unlikely sidekick aj toughtalking 10yearold stowaway,2020,TV-14,51,"['comedy', 'drama']",['US'],1.0,tt8404094,7.4,8129.0,10.486,7.7,-0.2263,0.0
ts252341,Chef 's Table : BBQ,SHOW,emmynominated series delves juicy smoky world barbecue visiting acclaimed chefs pitmasters us australia mexico,2020,TV-14,44,['documentation'],['US'],1.0,tt12917170,7.8,1006.0,3.433,7.9,0.0,0.0
ts90413,Gigantosaurus,SHOW,four curious young dinosaur friends explore mystery gigantosaurus largest fiercest dinosaur facing individual fears working together solve problems many adventures,2019,TV-G,13,['animation'],"['FR', 'US']",3.0,tt9636800,6.4,173.0,10.686,7.0,0.4767,0.0
ts275111,Rainbow High,SHOW,7 girls rainbow high must face challenges learn flaunt true colors,2020,TV-Y,6,"['comedy', 'family', 'animation']",['US'],3.0,tt13488080,5.8,141.0,2.632,9.8,0.4767,0.0
ts87008,Turn Up Charlie,SHOW,downandout dj plots rebuild music career working nanny famous best friends wild 11yearold daughter,2019,TV-MA,27,"['comedy', 'drama', 'music']",['GB'],1.0,tt8304498,7.0,7431.0,5.235,7.2,0.8074,0.0
ts225716,Family Business,SHOW,learning france legalize pot downonhisluck entrepreneur family race turn butcher shop marijuana caf,2019,TV-MA,33,"['comedy', 'family']",['FR'],3.0,tt10423460,7.4,4051.0,12.624,7.3,0.0,0.0
ts88312,The Eddy,SHOW,owner paris jazz club gets tangled dangerous criminals fights protect business band teenage daughter,2020,TV-MA,58,"['drama', 'music']","['FR', 'US']",1.0,tt7322210,7.1,2926.0,8.046,6.6,-0.7845,0.0
ts222917,Kevin Hart : Do n't F * * k This Up,SHOW,amid turmoil career marriage comedian film star kevin hart opens personal breakthroughs navigates crises fame,2019,TV-MA,32,['documentation'],['US'],1.0,tt11313054,6.4,2020.0,1.443,6.2,0.4588,0.0
ts101408,The Mess You Leave Behind,SHOW,based novel name winner primavera award 2016 raquel young literature teacher gives marriage second chance moves husbands birth town hides dark secret try unravel,2020,TV-MA,45,"['crime', 'drama', 'thriller']",['ES'],1.0,tt9731242,6.7,9053.0,27.981,6.916,0.872,-0.4019
ts215378,Love 101,SHOW,1990s turkey group teenage outcasts band together make beloved teacher fall love shell reason stay town,2020,TV-14,46,"['drama', 'romance', 'comedy']",['TR'],2.0,tt10516352,7.5,14206.0,14.642,8.1,0.8176,0.6369
ts223126,The Confession Killer,SHOW,henry lee lucas rose infamy confessed hundreds unsolved murders docuseries examines truth horrifying consequences,2019,TV-14,48,"['crime', 'documentation']",['US'],1.0,tt11307176,7.4,8984.0,4.44,7.3,-0.7506,-0.6486
ts90621,Kota Factory,SHOW,dedicated shrimati sl loney ji shri irodov ji maanniya hc verma ji kota factory tvfs latest original indias first black white show highlights problems present day iitjee aspirants face daytoday lives,2019,TV-MA,39,"['drama', 'comedy']",['IN'],2.0,tt9432978,9.1,69316.0,9.584,8.3,0.3818,0.0
ts236725,Lenox Hill,SHOW,birth brain surgery docuseries provides intimate look lifesaving work four doctors lenox hill hospital nyc,2020,TV-MA,48,['documentation'],['US'],1.0,tt12190580,8.6,2311.0,6.268,6.8,0.0,0.0
ts255880,Dream Home Makeover,SHOW,dreams come true real families looking perfect home tailored unique style thanks shea syd mcgee studio mcgee,2020,TV-G,27,['reality'],['US'],3.0,tt13161310,5.6,1101.0,8.584,7.6,0.9022,0.25
ts113637,The Alcàsser Murders,SHOW,true crime documentary examining one controversial crimes spanish history,2019,TV-MA,61,"['documentation', 'crime']",['ES'],1.0,tt8035424,7.1,2127.0,7.573,7.4,-0.3612,-0.6124
ts89119,The Disappearance Madeleine McCann,SHOW,documentary takes detailed look disappearance 3yearold madeleine mccann vanished holiday family,2019,TV-14,55,"['crime', 'documentation']",['GB'],1.0,tt9879074,6.6,10691.0,6.571,6.8,0.4019,0.0
ts251617,Connected,SHOW,science journalist latif nasser investigates surprising intricate ways connected world universe,2020,TV-14,44,"['documentation', 'comedy']",['US'],1.0,tt12753692,7.5,1724.0,4.812,8.2,0.4019,0.0
ts277126,Black Space,SHOW,ordinary morning smalltown high school turns nightmare anonymous figures masks committed massacre leaving four dead students,2020,TV-MA,46,"['crime', 'drama', 'thriller']",['IL'],2.0,tt13660638,6.7,1834.0,4.268,7.3,-0.4939,0.0
ts84129,No Good Nick,SHOW,family finds lives turned upside young streetsmart grifter shows doorstep claiming distant relative,2019,TV-PG,29,"['comedy', 'family', 'drama']",['US'],2.0,tt9039142,5.9,2920.0,11.386,7.1,0.0,0.1779
ts237104,History 101,SHOW,infographics archival footage deliver bitesize history lessons scientific breakthroughs social movements worldchanging discoveries,2020,TV-PG,22,"['documentation', 'history']",['GB'],2.0,tt11958648,6.8,4100.0,7.172,7.0,0.0,0.0
ts89583,Trailer Park Boys : The Animated Series,SHOW,nova scotias favorite miscreants always super sketchy carrying season 12 finale boys become complete cartoons,2019,TV-MA,25,"['animation', 'comedy']",['CA'],2.0,tt9814900,7.5,2983.0,12.449,7.3,0.7845,0.0
ts238242,The Great Heist,SHOW,based 1994 robbery us33 million colombias central bank turned country upside,2020,TV-MA,42,"['crime', 'drama', 'thriller']",['CO'],1.0,tt12624844,7.3,2561.0,22.871,7.3,0.0,0.6249
ts236051,The Least Expected Day : Inside Movistar Team 2019,SHOW,pro cyclings movistar team sets sights victory road face challenges controversy internal conflict,2020,TV-MA,30,"['documentation', 'sport']",['ES'],3.0,tt12048124,7.4,765.0,3.051,7.1,-0.25,0.0
ts223238,My Holo Love,SHOW,go nan owner creator research company must hide existence world involvement hacker major case ten years ago presumed dead people knew existence stepsister companies ceo han yeon assistant manager glasses company keeps distance people due inability recognize peoples faces,2020,TV-14,53,"['drama', 'scifi', 'romance']",['KR'],1.0,tt11058644,7.6,2511.0,24.845,8.6,-0.8271,0.6369
ts88296,Ares,SHOW,friend suffers bizarre accident rosa realizes secret student society theyve joined built demonic secrets dutch history,2020,TV-MA,29,"['thriller', 'horror', 'drama']",['NL'],1.0,tt8404520,5.7,4389.0,7.928,6.9,-0.6486,0.0
ts106141,The Chosen One,SHOW,determined bring zika vaccine remote pantanal three doctors clash faith healer pulled deeper mysteries cult,2019,TV-MA,44,"['thriller', 'drama']",['BR'],2.0,tt9048368,5.7,701.0,7.873,8.2,0.6369,0.0
ts189422,Home Christmas,SHOW,constant comments single status societys expectations perfect family christmas finally get 30yearold johanne starts 24day hunt partner bring home christmas,2019,TV-MA,29,"['comedy', 'drama', 'romance']",['NO'],2.0,tt10069398,7.7,13794.0,8.298,7.3,0.5719,0.0
ts89028,Delhi Crime,SHOW,delhi reels aftermath gang rape dcp vartika chaturvedi leads painstaking search culprits based 2012 nirbhaya case,2019,TV-MA,35,"['drama', 'crime']",['IN'],2.0,tt9398466,8.5,19158.0,11.392,8.2,-0.6908,-0.5423
ts187070,Pup Academy,SHOW,welcome secret world pups learn humans best friend pup academy follow three unlikely puppies human friends work together discover power friendship create everlasting bonds dogs humans,2019,TV-Y,27,"['family', 'comedy']",['US'],2.0,tt10302548,6.5,512.0,13.06,7.0,0.9552,0.0
ts252122,The Possessed,SHOW,night falls city shadows spirits come alive horror anthology series centered urban legends,2020,TV-MA,9,"['thriller', 'horror']",['KR'],1.0,tt12929796,5.7,931.0,0.6,10.0,-0.2732,0.0
ts111206,Fast & Furious Spy Racers,SHOW,government agency recruits teen driver tony toretto thrillseeking friends infiltrate criminal street racing circuit undercover spies,2019,TV-Y7,24,"['family', 'animation', 'action', 'drama', 'comedy', 'crime']",['US'],6.0,tt8322592,5.7,1467.0,57.899,6.946,-0.0772,-0.5719
ts90995,1994,SHOW,archival video new interviews examine mexican politics 1994 year marked rise ezln assassination luis donaldo colosio,2019,TV-MA,178,"['documentation', 'history']",['MX'],1.0,tt10243640,7.6,524.0,2.626,8.7,-0.5994,0.0
ts223192,Hospital Playlist,SHOW,hospital playlist tells story five doctors friends since entered medical school 1999,2020,TV-14,93,"['drama', 'comedy']",['KR'],2.0,tt11769304,8.8,5099.0,27.612,8.983,0.4767,0.0
ts254600,The Playbook,SHOW,coaches championship rsums share personal rules success sports life reflective inspiring documentary series,2020,TV-MA,34,"['documentation', 'sport']",['US'],1.0,tt12930602,7.4,1395.0,8.281,6.8,0.891,0.0
ts226588,100 Humans : Life 's Questions . Answered .,SHOW,one hundred hardy souls diverse backgrounds participate playful experiments exploring age sex happiness aspects human,2020,TV-14,37,"['documentation', 'reality']",['US'],1.0,tt11823088,5.7,4055.0,3.447,6.4,0.8481,0.0
ts242244,Japan Sinks : 2020,SHOW,based sakyo komatsus 1973 bestseller scifi novel japan sinks story set right 2020 tokyo summer olympics follows fate four members muto family including protagonist girl ayumu younger brother gou,2020,TV-MA,26,"['action', 'scifi', 'animation', 'drama']",['JP'],1.0,tt12031040,6.4,2992.0,11.82,7.3,0.3182,0.0
ts268608,The Ripper,SHOW,five years 1975 1980 yorkshire ripper murders cast dark shadow lives women north england 13 women dead police seemed incapable catching killer one felt safe every man suspect,2020,TV-MA,49,"['documentation', 'crime']",['GB'],1.0,tt13492374,7.1,9461.0,4.87,6.9,-0.9382,0.0
ts189405,Killer Ratings,SHOW,truelife story brazilian tv host wallace souza accused literally killing ratings using crime tv show cover grizzly truth,2019,TV-MA,50,"['documentation', 'crime']",['BR'],1.0,tt10243692,7.6,1711.0,3.109,7.6,-0.8316,-0.6486
ts254916,The Cabin Bert Kreischer,SHOW,fastliving comic bert kreischer heads cabin selfcare invites funny friends join quest cleanse mind body soul,2020,TV-MA,27,"['comedy', 'reality']",[],1.0,tt13148876,6.6,1637.0,4.845,8.8,0.802,0.0
ts251028,Detention,SHOW,period martial law 1960s taiwan teachers students cui hua high school arrested possessing banned books female student fell death rumors spread ghost haunting campus thirty years later draconian culture school remains unchanged new transfer student uncovers dark secrets behind schools haunting,2020,TV-MA,49,"['drama', 'horror', 'thriller']",['TW'],1.0,tt13175760,6.3,512.0,4.759,7.9,-0.9382,-0.3612
ts103213,Queen Sono,SHOW,drama secret agent fights crime dealing crises personal life,2020,TV-MA,43,"['thriller', 'action', 'crime', 'drama']",['ZA'],2.0,tt9426290,5.9,1240.0,2.243,7.5,-0.7351,0.0
ts268508,Alien Worlds,SHOW,applying laws life earth rest galaxy series blends science fact fiction imagine alien life planets,2020,TV-PG,44,"['documentation', 'scifi', 'animation']",['GB'],1.0,tt13464340,6.5,3596.0,12.757,6.8,0.0,0.0
ts88744,Losers,SHOW,winning everything society handle failure series profiles athletes turned agony defeat human triumph,2019,TV-MA,8,"['documentation', 'sport', 'comedy', 'european']",['GB'],1.0,tt2499764,7.6,1766.0,1.065,7.4,-0.3818,-0.5267
ts217719,Basketball Nothing,SHOW,lives chinle high school boys basketball team based navajo nation reservation arizona,2019,TV-PG,34,"['documentation', 'sport']",['US'],1.0,tt10698408,7.4,623.0,3.315,8.3,0.0,0.0
ts226602,How Fix Drug Scandal,SHOW,fourpart docuseries revolves around amherst massachusetts drug lab chemist sonja farak became addicted narcotics supposed testing covering tracks farak falsified thousands results opened door overturning hundreds wrongful convictions,2020,TV-MA,53,"['documentation', 'crime']",['US'],1.0,tt11958942,7.0,3298.0,4.32,7.4,-0.3818,-0.4404
ts255104,Deaf U,SHOW,reality series tightknit group deaf hard hearing students share stories explore life gallaudet university,2020,TV-MA,19,"['reality', 'documentation', 'drama']",['US'],1.0,tt13070478,6.4,466.0,7.534,5.8,0.2023,0.0
ts101060,Merry Happy Whatever,SHOW,strongwilled patriarch must balance demands complicated family stress christmas season youngest daughter comes home holidays new boyfriend,2019,TV-PG,26,['comedy'],['US'],1.0,tt9770286,6.4,4542.0,4.855,6.6,-0.0516,0.802
ts86365,Rilakkuma Kaoru,SHOW,kaorus unexpected new roommate rilakkuma bear zipper back spends day lazing around impossible hate,2019,TV-PG,12,"['animation', 'comedy', 'drama', 'family']",['JP'],1.0,tt9348716,8.2,1616.0,8.237,7.4,-0.5719,0.0
ts91124,Love Alarm,SHOW,love alarm app tells someone within 10meter radius crush quickly becomes social phenomenon everyone talks uses test love popularity jojo one people yet download app however soon faces love triangle situation sunoh starts feelings hyeyoung huge crush,2019,TV-MA,52,"['scifi', 'drama', 'romance', 'comedy']",['KR'],2.0,tt9145880,6.8,5534.0,106.624,8.5,0.9371,0.4215
ts222634,Nobody 's Looking,SHOW,new guardian angelus uncovers secret behind angelus systems bureaucracy leads break official rules protecting humans,2019,TV-MA,26,"['comedy', 'drama', 'fantasy']",['BR'],1.0,tt11131980,7.7,2024.0,3.534,7.6,0.0,0.0
ts223589,"Sex , Explained",SHOW,biology attraction history birth control explore ins outs sex entertaining enlightening series,2020,TV-MA,22,['documentation'],['US'],1.0,tt11390530,6.9,3215.0,63.817,6.6,0.8481,0.0
ts317497,The Neighbor,SHOW,javier going bad patch hardly make end month business tshirts demotivational slogans quite getting attention relationship lola shacking least thing needed alien fall transfer powers dying,2019,TV-MA,29,"['comedy', 'action']",['ES'],2.0,tt9731222,6.5,2152.0,11.332,6.5,-0.5423,0.0
ts256783,We Are Champions,SHOW,explore quirkiest charming oddly inspirational competitions never knew existed determined passionate incredibly skilled competitors put line become heroes extraordinary worlds,2020,TV-MA,32,['documentation'],['US'],1.0,tt12409154,7.1,1415.0,8.238,6.3,0.9147,0.5267
ts89876,Lunatics,SHOW,mockumentary series follows peculiar lives six eccentric sometimes obscene misfits march beat,2019,TV-MA,36,['comedy'],['US'],1.0,tt8164794,6.5,3179.0,3.871,6.2,-0.4939,-0.3818
ts218277,Apache : The Life Carlos Tevez,SHOW,gritty dramatization life carlos tevez shows rise soccer stardom amid harrowing conditions argentinas fuerte apache,2019,TV-MA,47,"['crime', 'drama', 'sport', 'thriller']",['AR'],1.0,tt10715172,7.2,1616.0,15.604,7.6,0.0,0.0
ts315066,Vampires,SHOW,paris teen whos half human half vampire grapples emerging powers family turmoil shes pursued secret vampire community,2020,TV-MA,40,"['scifi', 'fantasy', 'horror', 'drama']",['FR'],1.0,tt11829316,5.7,1289.0,14.702,7.5,-0.3612,0.0
ts225102,Record Youth,SHOW,cutthroat world life youre born decides success three aspiring youths determined change perception fight dreams,2020,TV-14,73,"['drama', 'romance']",['KR'],1.0,tt12850322,7.2,2381.0,16.785,8.3,0.7351,0.0
ts102933,Les de l'hoquei,SHOW,seven young roller hockey players new coach fight save female section club pati minerva trying find place inside outside team,2019,TV-MA,51,"['drama', 'sport']",['ES'],2.0,tt9486226,6.8,437.0,7.492,7.7,0.1531,0.0
ts224072,Self Made : Inspired Life Madam C.J . Walker,SHOW,limited series chronicles incredible true story madam cj walker first african american selfmade millionaire,2020,TV-MA,47,"['drama', 'history']",['US'],1.0,tt8771910,7.3,11711.0,10.598,7.5,0.2263,0.4939
ts254568,The Last Word,SHOW,story funeral eulogy speaker loses faith work tries sabotage husbands funeral,2020,TV-MA,41,"['drama', 'comedy']",['DE'],1.0,tt10506510,7.0,961.0,4.113,6.7,-0.7845,0.0
ts219895,Tiny Pretty Things,SHOW,follows world elite ballet academy charts rise fall young adults live far homes standing verge greatness ruin,2020,TV-MA,56,"['thriller', 'drama']",['US'],1.0,tt10767748,5.9,9252.0,23.608,7.692,-0.5859,0.4939
ts226468,Summertime,SHOW,modern love story set summer italys adriatic coast undeniable attraction brings together ale summer come different worlds holidays unforgettable journey take far met,2020,TV-MA,43,"['drama', 'comedy', 'romance']",['IT'],3.0,tt11269886,6.0,2732.0,54.788,6.9,0.8689,0.0
ts110635,Luna Nera,SHOW,group women suspected witchcraft 17th century italy,2020,TV-MA,45,"['drama', 'fantasy', 'thriller', 'scifi']",['IT'],1.0,tt8403622,5.9,2996.0,17.252,7.7,-0.2263,0.0
ts87224,Always Witch,SHOW,young 17thcentury witch time travels future save man loves first must adjust presentday cartagena defeat dark rival,2019,TV-14,38,"['scifi', 'drama', 'fantasy']",['CO'],2.0,tt8001250,6.2,2474.0,18.361,7.1,0.34,-0.3612
ts192297,Morphle,SHOW,milas dad runs magic pet store city fantastical place find sorts cute quirky pets unique magic powers gifted mila magic pet morphle,2019,TV-Y,10,"['animation', 'family']","['NL', 'GB']",5.0,tt10087694,5.2,83.0,0.832,10.0,0.7184,0.0
ts87372,Ultramarine Magmell,SHOW,one day middle pacific ocean miracle occurred new continent appeared nowhere new continent home new mysterious plants creatures minerals humanity excited age exploration returned,2019,TV-14,24,"['animation', 'action', 'fantasy']",['JP'],1.0,tt9826314,6.0,627.0,10.92,7.0,0.7964,0.0
ts93981,Monarca,SHOW,20 years ana mara returns mexico vies control familys tequila empire threatens crumble corruption secrets,2019,TV-MA,44,['drama'],['MX'],2.0,tt8655736,7.8,3264.0,31.761,7.6,-0.3818,0.0
ts103209,Exhibit A,SHOW,centers disgraced former prosecutor andrew cho whose career sabotaged corrupt power brokers hes working take losing everything andrew discovers something new life purpose,2019,TV-14,36,"['documentation', 'thriller', 'crime', 'family']",['US'],1.0,tt10376904,6.3,1055.0,7.419,7.4,-0.6808,0.0
ts218564,"Breakfast , Lunch & Dinner",SHOW,chang accompanied different celebrity guest exploring single city culture cuisine pair travels city also uncover new surprising things,2019,TV-MA,44,['documentation'],['US'],1.0,tt10681670,6.7,1066.0,1.067,8.0,0.2732,0.0
ts108593,The Unsettling,SHOW,becca 16yearold girl arrives new foster home located remote area foster siblings less welcoming none 11yearold biological son foster parents becca tries keep adjust new home strange things start happen around becca uncertain responsible,2019,TV-14,23,"['crime', 'fantasy', 'horror', 'scifi', 'thriller']",['US'],1.0,tt8680902,5.2,717.0,7.614,6.7,0.228,0.0
ts223948,The Goop Lab,SHOW,leading curiosity keeping real gwyneth paltrow goop team look psychedelics energy work challenging wellness topics,2020,TV-MA,33,"['documentation', 'reality']",[],1.0,tt11561206,2.5,3333.0,2.106,3.2,0.6808,0.0
ts223456,Pandemic : How Prevent Outbreak,SHOW,docuseries meet heroes front lines battle influenza learn efforts stop next global outbreak,2020,TV-14,48,['documentation'],['US'],1.0,tt11497904,6.3,2762.0,6.633,6.9,-0.128,0.0258
ts226617,The Innocence Files,SHOW,personal stories behind eight cases wrongful conviction innocence project organizations within innocence network worked highlight overturn,2020,TV-MA,64,"['documentation', 'crime', 'drama']",['US'],1.0,tt11958922,8.0,2622.0,3.368,7.4,0.765,0.3818
ts270439,Best Leftovers Ever !,SHOW,home cooks compete transform leftovers delicious creations finding ways give old leftovers new life hopes winning 10000 prize,2020,TV-G,36,['reality'],['US'],1.0,tt13563634,5.6,526.0,1.467,6.8,0.9413,0.6696
ts90645,Drug Squad : Costa del Sol,SHOW,four intrepid impulsive police officers form special narcotics unit combat birth drug trafficking spains costa del sol 1970s,2019,TV-MA,64,"['drama', 'crime', 'action', 'thriller', 'romance']",['ES'],1.0,tt8478108,6.7,571.0,5.835,7.0,0.0772,0.0
ts104483,Typewriter,SHOW,three young friends goa plan search old villa ghosts new family moves homes buried past resurfaces chilling ways,2019,TV-MA,50,"['thriller', 'horror', 'drama']",['IN'],1.0,tt9310372,6.5,3887.0,7.08,6.6,0.4588,0.0
ts106015,Kengan Ashura,SHOW,timid old man summoned chairman become manager tokita ohma highly skilled gladiator cares fighting winning kengan matches,2019,TV-MA,25,"['animation', 'action', 'sport']",['JP'],2.0,tt9058134,8.0,4869.0,85.14,8.3,0.4877,0.0
ts89231,You vs. Wild,SHOW,interactive series youll make key decisions help bear grylls survive thrive complete missions harshest environments earth,2019,TV-PG,19,"['reality', 'action']",['US'],2.0,tt10044952,6.6,2606.0,3.864,6.7,-0.296,0.0
ts105645,Historical Roasts,SHOW,roastmaster general jeff ross slew guest stars poke fun major historical figures also honoring enduring impact world,2019,TV-MA,29,['comedy'],['US'],1.0,tt9169602,5.3,1716.0,1.408,5.6,0.765,0.0
ts110637,Mortel,SHOW,group french teenagers bound together supernatural force,2019,TV-MA,52,"['horror', 'scifi', 'crime', 'drama', 'fantasy']",['FR'],2.0,tt8403570,6.4,1452.0,8.205,7.5,0.0,0.0
ts90063,Put Your Head My Shoulder,SHOW,si tu mos graduation nearing confused future plans ordinary days suddenly shaken genius physics student gu wei yi appears life two accidentally end living together chaos begins,2019,TV-Y7,41,"['drama', 'comedy', 'romance']",['CN'],1.0,tt10265158,8.0,2191.0,29.769,8.4,-0.8271,0.0
ts225718,La Révolution,SHOW,1787 france investigating series mysterious murders joseph guillotin future inventor world famous guillotine uncovers unknown virus blue blood disease quickly spreads amongst french aristocracy driving murder ordinary people soon leads rebellion,2020,TV-MA,46,"['drama', 'thriller', 'action', 'fantasy']",['FR'],1.0,tt13044528,6.6,5598.0,8.472,6.9,-0.8807,0.0
ts216474,The Trial,SHOW,group characters implicated murder angelica walk razors edge searching truth waiting verdict establish way another new course lives,2019,TV-MA,50,"['crime', 'thriller', 'drama']",['IT'],1.0,tt10549212,7.2,3151.0,7.175,7.5,-0.4215,0.0
ts86927,Touch Your Heart,SHOW,hoping make comeback bad scandal actress agrees research new role taking job secretary prickly attorney,2019,TV-MA,63,"['drama', 'comedy', 'romance']",['KR'],1.0,tt9466990,7.6,3252.0,22.161,8.419,-0.5719,0.0
ts187443,The Minions Midas,SHOW,los favoritos de midas based 1901 short story jack london sixpart series follows victor rich businessman blackmailed strange way mysterious organization,2020,TV-MA,53,"['crime', 'drama', 'thriller']",['ES'],1.0,tt10147520,6.6,4134.0,17.311,7.0,0.4215,0.0
ts217356,Betaal,SHOW,remote village becomes arena breathless battle undead east india company officer battalion zombie redcoats attack squad modernday soldiers,2020,TV-MA,47,"['thriller', 'action', 'horror']",['IN'],1.0,tt10651790,5.4,8998.0,7.04,6.6,-0.6908,0.0
ts251061,Legend Exorcism,SHOW,twelve years tianbao kong hongjun handsome young man familiar world left yaojin palace taihang mountain three important tasks came changan full prosperity kong hongjun first entered datang exorcism division head supervisor actually long wujun general li jinglong dealt long ago accidentally broke chens heart lamp heart lamp entered li jinglongs body light shadow lamp bright red lights pingkangli exorcism sycamore summer sunshine vast sky sand flying snow peaceful singing artai mo rigen lu xu picked early morning leaves qiu yongsis flying strokes adaptation fei tian ye xiangs web novel name,2020,TV-14,20,"['scifi', 'action', 'fantasy', 'animation']",['CN'],2.0,tt14994658,7.7,93.0,16.041,9.5,0.886,0.0
ts221174,Ricky Zoom,SHOW,hasbros entertainment one comes ricky zoom cgi preschool series red motorbike named ricky along bike buddies ricky races around sports track tries new stunts park zooms adventures,2019,TV-Y,12,"['animation', 'family']",['CN'],2.0,tt10932166,6.3,95.0,1.375,7.2,0.6369,0.0
ts269501,BREAK IT ALL : The History Rock Latin America,SHOW,soda stereo caf tacvba aterciopelados others figure 50year history latin american rock dictatorships disasters dissent,2020,TV-MA,50,"['documentation', 'music']",['AR'],1.0,tt13570366,7.6,1230.0,7.752,7.6,-0.5574,0.0
ts269442,The Surgeon 's Cut,SHOW,theyre philosophers storytellers pioneers fields four surgeons reflect lives professions inspiring docuseries,2020,TV-14,54,['documentation'],[],1.0,tt13487106,8.5,1027.0,3.714,7.7,0.4215,-0.2732
ts89048,My First First Love,SHOW,due various personal reasons group yun taeos friends move house experience love friendship everything,2019,TV-PG,48,['drama'],['KR'],2.0,tt8995604,7.5,2246.0,25.264,8.3,0.8807,0.6369
ts88937,Shadow,SHOW,haunted tragic loss excop rare inability feel pain strikes catch offenders whove eluded johannesburg police,2019,TV-MA,43,"['crime', 'action', 'drama', 'thriller']",['ZA'],1.0,tt9817236,6.5,969.0,1.143,6.5,-0.9545,0.0
ts82739,Women Night,SHOW,haunted shadowy past wife rising star amsterdams mayoral office finds drawn citys underworld sex drugs,2019,TV-MA,47,"['drama', 'crime']","['NL', 'BE']",2.0,tt7785420,6.3,879.0,7.418,6.8,-0.4767,0.0
ts251615,( Un ) Well,SHOW,docuseries takes deep dive lucrative wellness industry touts health healing products live promises,2020,TV-MA,52,"['documentation', 'reality']",['US'],1.0,tt12759384,6.4,1068.0,3.075,6.7,0.6597,0.2732
ts89832,Abyss,SHOW,meeting untimely demise separate incidents cha min go seyeon discover theyve come back life new bodies dont recognize,2019,TV-14,63,"['scifi', 'crime', 'fantasy', 'romance', 'comedy']",['KR'],1.0,tt10055734,7.1,2324.0,15.15,8.3,0.0,0.0
ts216493,The Naked Director,SHOW,follows story toru muranishis unusual dramatic life filled big ambitions well spectacular setbacks attempt turn japans porn industry head,2019,TV-MA,50,"['drama', 'comedy']",['JP'],2.0,tt10477528,7.7,6147.0,252.688,7.5,0.2732,0.0
ts217891,SAINT SEIYA : Knights Zodiac,SHOW,seiya knights zodiac rise protect reincarnation goddess athena dark prophecy hangs,2019,TV-14,24,"['animation', 'action', 'scifi', 'fantasy']",['US'],2.0,tt6908976,4.5,1846.0,82.799,7.337,0.3818,0.0
ts88841,The School Nurse Files,SHOW,wielding lightup sword dark corners high school nurse unusual gift protects students monsters see,2020,TV-14,51,"['scifi', 'fantasy', 'comedy', 'drama']",['KR'],1.0,tt12879522,6.4,1195.0,10.551,7.8,0.6369,0.0
ts104840,Skylines,SHOW,frankfurt young talented hiphop producer germany signs record label finds worlds music organized crime collide,2019,TV-MA,57,"['crime', 'drama', 'music', 'documentation', 'reality']",['DE'],1.0,tt9184970,7.5,2658.0,3.678,7.1,-0.128,0.0
ts223242,Was It Love ?,SHOW,14 years devoid romance struggling movie producer single mom faces unexpected arrival 4 men lifean author actor ceo younger manwho might revive dormant desire love,2020,TV-MA,69,"['drama', 'comedy', 'romance']",['KR'],1.0,tt12525622,7.1,907.0,4.721,8.1,0.8779,0.6369
ts268099,LEGO Marvel Avengers : Climate Conundrum,SHOW,environmental cleanup conference anything smooth start tony stark realizes fellow competitor rival justin hammer,2020,TV-Y7,39,"['animation', 'family', 'action']",['US'],1.0,tt13783758,6.5,80.0,4.271,4.3,0.0,0.4215
ts253722,Sing On !,SHOW,fun fastpaced music contest hosted tituss burgess players sing hearts try hit right notes win 60000,2020,TV-G,36,"['reality', 'music']",['US'],1.0,tt12923734,6.4,399.0,2.441,8.5,0.7964,0.0
ts268890,Lovestruck City,SHOW,heart stolen freespirited woman beachside romance passionate architect sets reunite streets seoul,2020,TV-14,30,"['drama', 'romance']",['KR'],1.0,tt13394544,7.6,2372.0,18.949,7.763,0.5859,0.0
ts251512,Immigration Nation,SHOW,unprecedented access ice operations well moving portraits immigrants docuseries takes deep look us immigration today,2020,TV-MA,63,['documentation'],['US'],1.0,tt12754910,7.4,1112.0,9.729,7.0,0.2732,0.0
ts89291,Mythomaniac,SHOW,burned taken granted working mom suspects partner cheating win back attentions feigns medical diagnosis,2019,TV-MA,46,"['comedy', 'drama']",['FR'],2.0,tt10677432,6.8,1303.0,3.965,6.3,-0.0516,0.0
ts225544,The Trials Gabriel Fernandez,SHOW,boys brutal murder public trials guardians social workers prompt questions systems protection vulnerable children,2020,TV-MA,55,"['crime', 'documentation']",['US'],1.0,tt11822998,8.1,11276.0,9.821,7.5,-0.8934,0.0
ts251618,Tiny Creatures,SHOW,little animals embark big adventures across us dramatic nature series explores hidden worlds epic survival stories,2020,TV-PG,25,"['documentation', 'drama', 'family']",['GB'],1.0,tt12759334,5.0,1241.0,6.667,6.9,0.34,0.0
ts85451,45 RPM,SHOW,birth music label three characters fighting dreams inside complex inside music industry,2019,TV-MA,57,"['drama', 'music']",['ES'],1.0,tt8987918,7.1,513.0,3.804,6.9,0.0516,0.0
ts226403,The Circle Brazil,SHOW,fun reality competition online players try best flirt bond catfish way r300000 prize,2020,TV-MA,50,['reality'],['BR'],1.0,tt9581782,6.8,785.0,2.586,7.3,0.8957,0.0
ts218176,The Big Show Show,SHOW,big shows teenage daughter comes live wife two daughters quickly becomes outnumbered outsmarted despite 7 feet tall weighing 400 pounds longer center attention,2020,TV-PG,26,"['comedy', 'family']",['US'],1.0,tt10726356,6.3,2426.0,8.046,7.5,0.0,0.0
ts222380,Brotherhood,SHOW,honest lawyer reaches moral crossroads cops force inform incarcerated brother leader rising criminal faction,2019,TV-MA,51,"['drama', 'action', 'crime', 'thriller']",['BR'],2.0,tt8905964,7.5,1356.0,7.195,8.6,0.0258,0.0
ts236653,Cooked With Cannabis,SHOW,cooking competition aim get shows hosts high infusing cannabis meals,2020,TV-MA,35,['reality'],['US'],1.0,tt12176398,6.6,351.0,1.517,10.0,0.0,0.0
ts255809,Carmel : Who Killed Maria Marta ?,SHOW,documentary series circumstances surrounding death mara marta garca belsunce one controversial criminal cases argentina,2020,TV-14,58,"['documentation', 'crime']",['AR'],1.0,tt13244092,7.0,2463.0,33.319,7.5,-0.8442,-0.6705
ts256853,The King 's Avatar,SHOW,ye xiu star player esports team dominates chinese leagues hit multiplayer titled glory gaming days appear come abrupt halt however forced team keen accept lucrative sponsorship deal vehemently opposed dejected ye xiu takes job latenight internet cafe eventually strikes friendship chen guo cafes owner eventually chen guo reveals plan launch new glory team led ye xui ye xiu resume glory days recruit train enough fellow members return top national rankingsand take revenge disloyal former teammates,2019,TV-MA,36,"['action', 'fantasy']",['CN'],1.0,tt10732794,8.2,1135.0,17.297,9.0,0.8126,0.0
ts87320,Can You Hear Me ?,SHOW,three friends lowincome neighborhood find humor hope lives grapple bad boyfriends dysfunctional families,2019,TV-MA,23,"['comedy', 'drama']",['CA'],3.0,tt9747016,7.6,697.0,6.936,9.0,0.5574,0.0
ts251272,Skin Decision : Before After,SHOW,skin beauty expert nurse jamie plastic surgeon dr sheila nazarian use latest procedures bring clients best selves,2020,TV-MA,40,['reality'],['US'],1.0,tt12588326,5.8,413.0,1.408,8.0,0.8402,0.0
ts90980,It 's Bruno !,SHOW,oldschool brooklyn native devotes days caring adorable dog bruno making sure neighbors show pooch proper respect,2019,TV-MA,3,"['comedy', 'animation']",['US'],1.0,tt10186846,7.4,2922.0,3.208,6.9,0.9246,0.0
ts185885,Oktoberfest : Beer & Blood,SHOW,1900 rich newcomer shady past arrives munich determined crash local oktoberfest brewery daughter falls love heir rival brewery violent chain events unleashed threaten families futures,2020,TV-MA,48,"['drama', 'history', 'thriller']",['DE'],1.0,tt10244612,6.8,2177.0,6.856,7.0,0.25,0.0
ts227412,Shaun Sheep : Adventures Mossy Bottom,SHOW,clever sheep shaun loyal dog bitzer rest mossy bottom gang cook oodles fun mischief farm,2020,TV-Y7,12,"['animation', 'comedy', 'family']",['GB'],1.0,tt11983342,8.1,572.0,3.911,8.8,0.7845,0.34
ts254293,The American Barbecue Showdown,SHOW,eight countrys best backyard smokers pitmasters vie title american barbecue champion fierce friendly faceoff,2020,TV-G,43,['reality'],['US'],1.0,tt12938472,7.1,1207.0,9.677,6.2,0.9062,0.0
ts251119,Hook,SHOW,despite fathers rivalry two university students form friendship boxing gym tackle family drama romance personal crises,2020,TV-MA,43,"['drama', 'romance', 'sport']",['TH'],1.0,tt12656690,6.5,25.0,2.137,6.3,0.7579,0.0
ts237111,Almost Happy,SHOW,locally famous radio host deal exwife still loves two children,2020,TV-MA,27,['comedy'],['AR'],2.0,tt12146940,6.8,934.0,4.813,7.2,0.5719,0.5279
ts351349,Street Food : Latin America,SHOW,vibrant docuseries latin american chefs tell stories bring taste tradition innovation delicious offerings,2020,TV-PG,35,['documentation'],['US'],1.0,tt12742136,7.8,1313.0,8.231,7.2,0.8658,0.0
ts105601,Archibald 's Next Big Thing,SHOW,adventures carefree chicken named archibald,2019,TV-Y7,23,"['family', 'fantasy', 'scifi', 'animation', 'comedy', 'action']",['US'],2.0,tt9165404,7.5,289.0,6.453,8.0,0.6249,0.0
ts89656,The Legend White Snake,SHOW,provoked actions seemingly sly human ancient snake spirit takes human form order prove fraud convinced shes world favor bai su zhen challenges xu xuan contest skill starts heated rivalry soon turns burning passion faced opposition every side bai su zhen xu xuans love put test time time,2019,TV-14,46,"['drama', 'scifi', 'fantasy']",['CN'],1.0,tt10628250,7.3,237.0,8.369,8.2,0.8271,0.0
ts217389,Masaba Masaba,SHOW,real life momdaughter duo neena masaba gupta play versions playful fictional peek lives fashion film,2020,TV-MA,28,"['comedy', 'drama']",['IN'],2.0,tt10655506,6.7,1760.0,8.408,9.0,0.6486,0.0
ts236332,Absurd Planet,SHOW,cast quirky critters mother nature narrate funny science series peeks lives earths incredible animals,2020,TV-PG,20,['documentation'],['US'],1.0,tt12027008,3.9,1483.0,10.16,5.9,0.4404,0.0
ts85510,Rhythm + Flow,SHOW,music competition show judges tip ti harris cardi b chance rapper hit streets find next rap superstar,2019,TV-MA,56,"['reality', 'music']",['US'],2.0,tt9278032,7.6,1600.0,4.572,8.2,0.25,0.0
ts187386,My Perfect Landing,SHOW,perfect landing follows family gymnasts struggles dealing lifechanging move miami toronto canada,2020,TV-G,25,['family'],['CA'],1.0,tt10268080,6.4,175.0,5.31,9.2,0.296,0.5719
ts254767,"Whose Vote Counts , Explained",SHOW,right vote foundation americas democracy every vote created equal system work fixed,2020,TV-PG,25,['documentation'],[],1.0,tt13005714,7.3,1158.0,4.924,7.6,0.25,0.0
ts104168,El Dragón : Return Warrior,SHOW,murder parents little kid mexican miguel garza sent away japan 20 years later go back home country new heir familys cartel,2019,TV-MA,45,"['action', 'drama']",['US'],2.0,tt9281190,6.8,1872.0,36.514,7.4,-0.6908,0.0
ts221363,Criminal : Germany,SHOW,interview room detectives go headtohead suspects try get trutheven means breaking rules risking,2019,TV-MA,44,"['drama', 'crime']",['DE'],1.0,tt10986056,7.6,5209.0,6.928,7.1,-0.5719,-0.5267
ts222049,Who Killed Malcolm X ?,SHOW,activist abdurrahman muhammad begins investigation perplexing details surrounding assassination civil rights leader malcolm x,2019,TV-MA,43,"['crime', 'history', 'documentation']",['US'],1.0,tt10948316,7.6,2152.0,2.1,7.5,-0.5994,-0.6705
ts237071,The Forest Love : Deep Cut,SHOW,nothings seems charismatic conman aspiring film crew delve lives two emotionally scarred women,2020,TV-MA,40,"['drama', 'crime', 'horror', 'thriller']",['JP'],1.0,tt12079236,6.8,453.0,6.072,7.0,0.0,0.4767
ts191121,Reality Z,SHOW,zombie apocalypse imprisons participants producers reality show called olimpo house gods studio becomes shelter seek salvation rio de janeiro chaos hopelessness begin rule,2020,TV-MA,31,"['comedy', 'horror', 'scifi']",['BR'],1.0,tt10241238,5.6,2487.0,11.161,6.8,-0.8316,0.0
ts213232,Awake : The Million Dollar Game,SHOW,sleepless 24 hours contestants comedy game show stumble challenges eccentric everyday chance 1 million prize,2019,TV-PG,38,['reality'],['US'],1.0,tt10370956,5.9,783.0,0.706,6.2,0.7964,0.0
ts251378,Mystery Lab,SHOW,host felipe castanhari explores science history mysteries marvels uncovering mindblowing facts help lab buddies,2020,TV-PG,26,"['comedy', 'family', 'documentation', 'animation']",['BR'],1.0,tt12723962,7.4,782.0,1.858,7.4,0.6908,0.0
ts218890,Drifting Dragons,SHOW,dragons rulers sky many people surface dire threat time valuable source medicine oil food hunt dragons travel skies dragonhunting airships story one ships quin zaza crew,2020,TV-14,24,"['animation', 'action', 'scifi', 'fantasy']",['JP'],1.0,tt11418344,6.0,591.0,6.905,7.7,-0.5106,0.0
ts88552,Go ! Live Your Way,SHOW,charismatic gets scholarship elite performing arts school makes close friends clashes owners popular daughter,2019,TV-Y7,40,"['drama', 'romance', 'comedy', 'family']",['AR'],2.0,tt9654086,6.7,641.0,26.206,9.1,0.7096,0.0
ts296153,Ashley Garcia : Genius Love,SHOW,15yearold scientist ashley garcia explores great unknown modern teendom moving across country pursue career robotics,2020,TV-PG,29,['comedy'],['US'],3.0,tt10380934,6.7,1211.0,11.279,7.8,0.6249,0.6369
ts214192,El Final del Paraíso,SHOW,catalina santanas new mission force face demons threaten destroy family,2019,TV-MA,50,"['drama', 'action']",['MX'],1.0,tt10367818,5.1,221.0,105.774,4.0,-0.7269,0.0
ts250871,The Business Drugs,SHOW,detail drugs push people risky even deadly behaviors former cia analyst investigates economics six illicit substances,2020,TV-MA,43,"['documentation', 'crime']",['US'],1.0,tt12588416,7.2,1671.0,5.588,7.0,-0.2023,0.0
ts252141,Alien TV,SHOW,alien reporters ixbee pixbee squee travel lovely odd planet called earth attempt make sense humans hobbies,2020,TV-Y7,24,"['family', 'animation', 'comedy']",['AU'],2.0,tt12765530,6.1,299.0,9.927,6.6,0.3612,0.0
ts87488,Malibu Rescue : The Series,SHOW,heels junior rescue training team flounder returns brave beach series thrilling saves lighthearted laughs,2019,TV-G,24,"['comedy', 'family', 'action']",['US'],1.0,tt9098432,5.4,993.0,12.306,7.7,0.9413,0.5106
ts222606,Black Dog,SHOW,ko haneul dreamed becoming teacher due teacher helped young ko haneul begins work temporary teacher private high school working interacts many people including teachers park sungsoon yeonwoo dedicated teaching jobs meanwhile ko haneul faces different problems school works problems ko haneul grows person teacher,2019,TV-14,80,"['drama', 'action']",['KR'],1.0,tt11377920,7.6,176.0,5.171,9.1,-0.34,0.0
ts228502,The Iliza Shlesinger Sketch Show,SHOW,mind iliza shlesinger comes secret world filled absurd characters insight female experience irreverent yet poignant social commentary,2020,TV-MA,19,['comedy'],['US'],1.0,tt11092086,4.9,923.0,1.96,8.0,0.0,0.0
ts214462,The Queen Conqueror,SHOW,story catalina indigenous woman gave away soul heart life conqueror queen conqueror rebuilds one first love stories took place america indigenous woman spaniard establishing city cartagena pedro de heredia motivated need save brother betrays catalina heartbroken escapes come back 18 years later grown woman soul mission revenge end pedro de heredias life way making fall ended,2020,TV-14,46,"['drama', 'history']",['CO'],1.0,tt10348700,6.5,178.0,3.778,10.0,-0.0772,0.0
ts104485,The Stranded,SHOW,tsunami strands dozens teens island private school soon realize rescuers coming must save,2019,TV-MA,49,"['drama', 'action']",['TH'],1.0,tt9310400,6.2,1279.0,14.772,7.2,0.4939,0.0
ts214280,You Can Hide,SHOW,nurse daughter flee husbands drugtrafficking past mexico assume new identities spain still face danger madrid,2019,TV-MA,45,"['action', 'crime']",['MX'],1.0,tt10367990,6.4,1121.0,33.416,7.1,-0.5267,-0.1779
ts88133,Well-Intended Love,SHOW,order receive bone marrow transplant quicker able continue career actress xia lin enters secret marriage ling yi zhou ceo company despite conspiracies misunderstandings encounter two find true love,2019,TV-14,45,"['drama', 'romance']",['CN'],2.0,tt9886950,7.2,1466.0,14.059,7.8,0.7906,0.6369
ts89361,The Idhun Chronicles,SHOW,necromancer takes magical world idhun two adolescent earthlings help fight assassin sent kill idhunese refugees earth,2020,TV-14,27,"['action', 'scifi', 'animation', 'fantasy']",['ES'],2.0,tt9731266,5.3,568.0,9.044,7.5,-0.6808,0.0
ts268758,Mismatched,SHOW,disastrous setup families two teens strike tentative friendship summer program deeper feelings arent far behind,2020,TV-MA,33,"['comedy', 'drama', 'romance']",['IN'],1.0,tt12719250,5.5,3712.0,3.402,6.8,-0.3612,0.0
ts236769,"Coronavirus , Explained",SHOW,2020 world changed topical series examines coronavirus pandemic efforts combat ways manage mental health toll,2020,TV-PG,23,['documentation'],['US'],1.0,tt12189310,7.6,2254.0,5.929,7.4,-0.34,0.0
ts306187,Family Reunion,SHOW,mckellan family moves seattle georgia closer extended family transition like catfish water,2019,TV-PG,29,"['comedy', 'family']",['US'],5.0,tt9153270,6.4,2632.0,18.784,8.6,0.3612,0.0
ts236182,Brews Brothers,SHOW,two rival brothers must work together keep brewery business shenanigans keep foaming company chaos,2020,TV-MA,28,"['comedy', 'drama']",['US'],1.0,tt10930958,5.1,1966.0,2.033,5.2,-0.5719,0.0
ts188840,Seis Manos,SHOW,orphans raised martial arts master plunged mystery involving demonic powers drug cartels ancient rituals blood sacrifice,2019,TV-MA,27,"['crime', 'drama', 'fantasy', 'animation', 'action']",['US'],1.0,tt10106108,7.1,1607.0,9.498,6.9,0.0,0.0
ts268648,Anitta : Made Honório,SHOW,intimate documentary brazilian pop queen anitta opens fame family fierce work ethic revealing woman behind hits,2020,TV-MA,30,"['documentation', 'music']",['BR'],1.0,tt13486136,6.9,409.0,2.634,5.5,0.4404,0.0
ts103935,Bolívar : Una lucha admirable,SHOW,depicts life loves venezuelan gen simn bolvar helped liberate several latin american countries spain,2019,TV-MA,52,"['action', 'drama', 'romance']",['CO'],1.0,tt9327242,7.3,760.0,28.05,7.6,0.5719,0.5574
ts89696,Tijuana,SHOW,prominent politician murdered intrepid journalists frente tijuana risk lives uncover truth,2019,TV-14,41,"['drama', 'crime']",['MX'],1.0,tt8027624,6.9,333.0,3.965,7.7,-0.4404,0.0
ts190452,Stolen Away,SHOW,man gets caught colombian customs drugs goal end prison contact kidnapped daughter years ago,2020,TV-14,48,"['thriller', 'action', 'crime', 'drama']",['ES'],1.0,tt10064124,7.1,2344.0,14.787,7.1,-0.5106,-0.4939
ts90280,Yankee,SHOW,run police arizona man crosses mexico gets deeply involved drug trafficking help modern technology,2019,TV-MA,38,"['drama', 'crime']",['MX'],1.0,tt9046782,5.8,701.0,8.38,6.6,0.4019,0.0
ts100354,Monzón : A Knockout Blow,SHOW,story argentinian boxer carlos monzn career life prison,2019,TV-MA,45,"['sport', 'crime', 'drama', 'history']",['AR'],1.0,tt9852660,7.9,744.0,3.878,8.3,-0.5106,0.0
ts88471,Girls Ipanema,SHOW,1950s housewife goes rio de janeiro meet husband learn hes deserted decides stay open bossa nova club,2019,TV-MA,46,"['drama', 'romance']",['BR'],2.0,tt8001788,7.8,3483.0,10.758,7.2,0.0,0.0
ts86928,The Crowned Clown,SHOW,story takes place time joseon history upheaval power struggles surrounding throne reached extreme levels order escape plan assassinate king puts clown looks exactly like throne,2019,TV-14,75,"['drama', 'action', 'history', 'romance']",['KR'],1.0,tt9266592,8.0,938.0,6.289,8.7,0.2732,0.0
ts90640,The Writer,SHOW,accused murder eerily parallel plot novel bestselling crime writer must navigate web hidden enemies,2019,TV-14,37,"['drama', 'crime']",['LB'],1.0,tt10312958,8.2,32.0,1.771,10.0,-0.9062,0.0
ts84639,revisions,SHOW,isolated city unknown enemy uncertain past prophecy future children fight future bring back present matter theyre going home,2019,TV-MA,23,"['animation', 'action', 'scifi']",['JP'],1.0,tt9522354,5.9,612.0,4.35,7.0,-0.8591,0.0
ts251094,Indian Matchmaking,SHOW,matchmaker sima taparia guides clients us india arranged marriage process offering inside look custom modern era,2020,TV-14,36,"['reality', 'documentation', 'romance']","['US', 'IN']",2.0,tt12580168,6.2,3085.0,3.863,8.8,0.0,0.0
ts86940,COMEDIANS world,SHOW,global standup comedy series features diverse set comics 13 regions bringing perspectives whats funny around world,2019,TV-MA,30,['comedy'],[],1.0,tt8685446,6.5,450.0,3.703,6.7,0.6597,0.4466
ts89315,Huge France,SHOW,famous comedian gad elmaleh moves la reconnect son must learn live without celebrity perks hes accustomed france,2019,TV-MA,31,['comedy'],['FR'],1.0,tt8009602,6.7,2832.0,1.672,5.4,0.3818,0.3182
ts87698,Examination Conscience,SHOW,allegations child sexual abuse spains catholic institutions examined interviews survivors clergy journalists experts,2019,TV-MA,52,"['documentation', 'crime', 'history']",['ES'],1.0,tt9584024,7.8,427.0,2.183,8.8,-0.6369,0.0
ts91034,Leila,SHOW,forgotten margins segregated communities dystopian future woman searches daughter lost upon arrest years ago,2019,TV-MA,46,"['scifi', 'war', 'drama']",['IN'],1.0,tt9337588,4.9,8906.0,2.799,7.0,-0.6808,0.0
ts87489,Trigger Warning Killer Mike,SHOW,funny provocative series rapper activists killer mike puts revolutionary ideas achieving social change action,2019,TV-MA,26,"['documentation', 'comedy']",['US'],1.0,tt9426194,6.9,1254.0,1.353,7.1,-0.34,-0.7717
ts235979,The Victims ' Game,SHOW,discovering estranged daughters link mysterious murders forensic detective aspergers syndrome risks everything solve case,2020,TV-MA,59,"['drama', 'crime', 'thriller']",['TW'],1.0,tt12079212,7.3,1408.0,3.275,7.5,-0.6486,-0.3182
ts252661,La Línea : Shadow Narco,SHOW,go inside la lnea spanish beach town turned europes drug trafficking hub meet law enforcement officials determined change,2020,TV-MA,30,"['documentation', 'crime']",['ES'],1.0,tt12875794,6.4,394.0,11.722,6.7,0.34,0.0
ts256606,Trial 4,SHOW,charged teen 1993 killing boston cop sean k ellis fights prove innocence exposing police corruption systemic racism,2020,TV-MA,55,"['documentation', 'crime']",['US'],1.0,tt13363298,7.4,2083.0,6.71,7.1,-0.91,0.0
ts251621,World 's Most Wanted,SHOW,heinous criminals avoided capture despite massive rewards global investigations docuseries profiles worlds wanted,2020,TV-14,47,"['documentation', 'crime']",['US'],1.0,tt12753698,7.1,2532.0,3.723,8.0,-0.825,0.0
ts216513,The Healing Powers Dude,SHOW,noah 11yearold boy social anxiety disorder start middle school turns mutt named dude sarcastic emotional support dog might need noah much noah needs,2020,TV-G,25,"['family', 'fantasy', 'action', 'comedy', 'drama']",[],1.0,tt10540562,6.4,902.0,10.053,7.2,-0.2732,0.0
ts188991,Someone Has Die,SHOW,story begins young boy asked parents return spain meet fiance returns accompanied lazaro mysterious ballet dancer,2020,TV-MA,50,"['drama', 'thriller', 'crime']","['ES', 'MX']",1.0,tt10311932,6.3,4841.0,9.426,7.3,0.0,-0.5994
ts90511,Crime Diaries : Night Out,SHOW,going halloween party college student luis andrs colmenares found dead accident murder inspired true events,2019,TV-MA,44,['crime'],['MX'],1.0,tt10242266,7.3,865.0,11.376,7.3,-0.6597,-0.5423
ts191285,The Prince Tennis,SHOW,tennis whiz beats odds excel court juggling school inspiring teammates based hit manga series takeshi konomi,2019,TV-PG,45,"['drama', 'sport']",['CN'],1.0,tt10097916,7.6,216.0,3.97,9.2,0.7003,0.0
ts90466,Hong Kong West Side Stories,SHOW,intimate lives young men women hong kong linked loosely connected stories love lust separation deceit,2019,TV-MA,23,"['drama', 'comedy']",['HK'],2.0,tt10282734,5.7,6.0,1.541,8.3,0.296,0.0
ts78324,Pinky Malinky,SHOW,pinky malinky sees bright side everything including born hot dog bffs tow little wiener takes bite life,2019,TV-Y7,13,"['comedy', 'family', 'animation']",['US'],3.0,tt5621544,5.5,1015.0,7.955,4.5,0.4404,0.0
ts113748,Twelve Forever,SHOW,reggies dream kid forever dream powerful creates fantasy world perpetual youth,2019,TV-PG,14,"['family', 'fantasy', 'animation', 'action', 'comedy']",['US'],1.0,tt8009622,6.6,682.0,3.485,6.6,0.7845,0.0
ts90508,Flinch,SHOW,harrowing hilarious tests await brave foolhardy well judges comedy game show flinch feel pain,2019,TV-PG,24,['reality'],['GB'],1.0,tt9196244,4.3,717.0,3.863,5.6,0.6597,0.0
ts221041,My Dear Warrior,SHOW,sky beautiful single female astronomer planetarium received gift thick woodencovered book magic pen vanda aunt taking care sky since childhood crazy writer suffering amnesia,2019,TV-14,44,"['drama', 'romance', 'fantasy']",['TH'],1.0,tt11281912,4.9,21.0,2.737,9.3,0.6705,0.3818
ts223084,Nowhere Man,SHOW,two nefarious schemes taking place 10 years apart entangle dauntless triad member must break prison rescue loved one,2019,TV-MA,47,"['crime', 'action', 'drama', 'thriller']",['TW'],1.0,tt10895588,5.5,371.0,3.301,6.6,0.802,0.0
ts269157,Room 2806 : The Accusation,SHOW,docuseries follows 2011 sexual assault case involving french politician dominique strausskahn,2020,TV-MA,49,"['documentation', 'crime']",['FR'],1.0,tt13540900,7.0,2327.0,2.939,7.3,-0.5859,-0.25
ts101503,Team Kaylie,SHOW,wealthy teenager tries prove shes forced outside comfort zone,2019,TV-PG,29,"['comedy', 'family']",['US'],3.0,tt9717424,4.1,347.0,9.46,8.2,0.25,0.0
ts269740,How To Ruin Christmas,SHOW,prodigal daughter tumi tries make things right completely ruining sisters pictureperfect christmas wedding,2020,TV-MA,50,"['drama', 'comedy']",['ZA'],2.0,tt13492362,6.0,503.0,2.344,10.0,-0.3167,-0.5859
ts90789,Jailbirds,SHOW,sacramento county jail incarcerated women fight power one another try make best life love inside,2019,TV-MA,41,"['reality', 'thriller', 'crime']",['US'],1.0,tt10243628,7.0,1176.0,1.976,7.6,0.7783,0.0
ts105589,Rhyme Time Town,SHOW,two best friends find fun adventure living rhyme time town fantastical place filled beloved nursery rhyme characters,2020,TV-Y,21,"['animation', 'comedy', 'family']",['US'],2.0,tt9165434,7.6,78.0,3.171,8.2,0.9595,0.0
ts222802,Once Upon Time Lingjian Mountain,SHOW,story follows wang lu young genius enters spirit blade sect embarks unconventional journey towards immortal cultivation spirit blade sect established year 4233 years producing martial arts prodigies hailed one five great sects nine continents face crisis genius name wang lu joins spirit blade sect comes tutelage wang wu despite wang wus beauty hundreds years age famous sharp tongue erratic temper disciple wang lu engage endless squabbles trudging path becoming strongest sage lands adapted manga spirit blade mountain written xian man dong man,2019,TV-14,44,"['action', 'scifi', 'comedy', 'drama', 'fantasy', 'romance']",['CN'],2.0,tt11261994,7.4,280.0,6.064,7.4,0.7293,0.0
ts243256,Social Distance,SHOW,shot isolation tragicomic anthology series features dark funny takes people strive stay connected staying apart,2020,TV-MA,20,"['drama', 'comedy']",['US'],1.0,tt12313074,5.7,664.0,12.324,6.8,0.0,0.0
ts250803,Say I Do,SHOW,reality show couples overcome obstacles celebrate love surprise dream weddings designed three experts less week,2020,TV-14,54,['reality'],"['GB', 'US']",1.0,tt12540060,7.7,531.0,1.323,7.7,0.8555,0.0
ts112733,Bard Blood,SHOW,political espionage thriller based bard blood bilal siddiqi,2019,TV-MA,44,"['action', 'drama', 'thriller']",['IN'],2.0,tt8069036,6.8,13005.0,4.509,7.4,0.1027,0.0
ts90095,Jinn,SHOW,lives group teenagers disrupted spiritual figure appears front ancient city petra must try stop jinn destroying world,2019,TV-14,32,"['drama', 'scifi', 'horror', 'fantasy', 'thriller']",['JO'],1.0,tt10751504,3.4,10097.0,4.756,6.5,-0.7003,0.0
ts250920,Home Game,SHOW,docuseries profiles unique dangerous traditional sports around world well communities cultures thrive,2020,TV-MA,29,"['documentation', 'sport']",['US'],1.0,tt12429046,7.0,855.0,2.907,6.4,-0.25,0.0
ts112667,Go ! Go ! Cory Carson,SHOW,based go go toy line vtech childrens series follows adventures cory carson,2020,TV-Y,9,"['comedy', 'family', 'animation']",['US'],6.0,tt8115702,7.9,242.0,7.048,8.7,0.34,0.0
ts222803,Maradona Mexico,SHOW,dorados culiacans local team bottom rankings maradona arrives looking fresh start experts predict disaster,2019,TV-MA,33,"['documentation', 'sport', 'comedy', 'drama']","['AR', 'PE']",1.0,tt11168104,7.3,1124.0,3.572,7.1,-0.4215,0.0
ts88821,I Hear You,SHOW,bei er duo girl ordinary family dreams studying japan professional voice actor however mother wants marry rich whilst young leading continuous blind dates irritate bei er duo desperation raise funds studying overseas well helping best friend tang li crisis bei er duo joins couple reality program encountering top violin maker ye shu wei,2019,TV-14,44,"['drama', 'comedy', 'romance']",['CN'],1.0,tt10327440,7.2,601.0,10.936,7.9,0.7351,0.0
ts89336,Charlie 's Colorforms City,SHOW,charlie creates fun stories using different shapes needs help take adventures outer space wild west right home,2019,TV-Y,23,"['animation', 'family']",['US'],4.0,tt8115672,6.7,154.0,3.312,8.5,0.8591,0.0
ts87680,Playing Fire,SHOW,three prosperous women including mother daughter fall seductive man colombias coffee triangle,2019,TV-14,43,['drama'],['MX'],1.0,tt9587732,5.9,965.0,20.807,6.2,0.4767,-0.1531
ts89331,My Husband Wo n't Fit,SHOW,kumiko kenichi meet college build happy marriage together time unusual problem threatens destroy relationship,2019,TV-MA,35,"['drama', 'romance']",['JP'],1.0,tt10027946,6.7,818.0,8.368,6.3,-0.6249,-0.2755
ts87599,Somewhere Only We Know,SHOW,phd candidate physics mu cheng catches thirdyear student english xue tong cheating exam even becomes substitute teacher elective course russian makes study classes hatred grows time however xue tong discovers teacher mus true character comes secretly love,2019,TV-MA,58,"['drama', 'romance']",['CN'],1.0,tt10472296,7.2,167.0,6.808,9.0,-0.2023,0.0
ts252318,Million Dollar Beach House,SHOW,competition fierce drama undeniable group young hungry agents try seal deal luxury listings hamptons,2020,TV-MA,28,['reality'],['US'],1.0,tt12882136,4.2,816.0,1.672,5.7,0.0,0.0
ts89330,Stay Tuned !,SHOW,shes unlikely candidate ever stumble role reporter shes keeping everyone toes eccentric ways,2019,TV-14,44,['comedy'],['JP'],1.0,tt10088086,7.5,357.0,1.89,9.0,0.0,0.0
ts268997,Futmalls.com,SHOW,strange occurrences afflict group people purchase items shopping website future,2020,TV-14,40,"['scifi', 'thriller']",['TW'],1.0,tt13652552,6.5,186.0,1.965,8.5,-0.2023,0.0
ts222599,Queer Eye : We 're Japan !,SHOW,team queer eye take gorgeous uplifting makeover skills land rising sun,2019,TV-14,50,['reality'],['US'],1.0,tt10971532,8.2,2608.0,1.716,7.2,0.6124,0.0
ts241246,The Smart Money Woman,SHOW,meet zuri shes living fabulous life great car gorgeous apartment well paid job meet zuri broken car apartment cant afford job shes lose whats broke girl best friends tami flighty fashion designer lara tough oil gas executive adesuwa conservative lawyer ladun fabulous housewife zuri grows little learns lot navigates way making better financial decisions building wealth show tackles debt spending consumerist culture african middle class fear misconceptions surrounding money lack love friendships cultural societal pressures roles play success episode comes smart money lesson help work way financial ladder,2020,TV-MA,48,['drama'],[],1.0,tt12428002,6.2,112.0,1.4,2.0,0.9839,0.4019
ts189314,Tiffany Haddish Presents : They Ready,SHOW,tiffany haddish introduces favorite comedians series standup performances,2019,TV-14,23,"['comedy', 'reality']",['US'],2.0,tt10085386,6.5,563.0,0.961,6.2,0.6369,0.3612
ts233367,Sing On ! Spain,SHOW,six people compete 30000 euro reward singing popular songs,2020,TV-G,39,"['music', 'reality']",['ES'],1.0,tt11698668,6.1,133.0,1.795,8.5,0.7579,0.0
ts88146,Larry Charles ' Dangerous World Comedy,SHOW,legendary comedy writer director larry charles travels world search humor unusual unexpected dangerous places,2019,TV-MA,59,"['documentation', 'comedy']",['US'],1.0,tt9654082,7.3,576.0,1.513,6.0,0.128,-0.1531
ts89363,YooHoo Rescue,SHOW,series magical missions quickwitted yoohoo cando crew travel globe help animals need,2019,TV-Y,13,"['animation', 'family']",['KR'],3.0,tt9817288,6.8,54.0,2.196,8.0,0.4019,0.5106
ts222942,Narcoworld : Dope Stories,SHOW,documentary series follows police officers hunt drug smugglers around world,2019,TV-MA,40,"['documentation', 'crime']",['US'],1.0,tt11215112,6.6,323.0,4.774,9.1,-0.34,0.0
ts213071,Sleepless Society NYCTOPHOBIA,SHOW,thai horro drama,2019,TV-MA,46,"['thriller', 'drama']",['TH'],1.0,tt10805822,5.6,46.0,2.664,9.3,0.0,0.0
ts235689,J-Style Trip,SHOW,megastar jay chou joins alist friends globetrotting variety show packed music magic tricks,2020,TV-14,64,['reality'],"['TW', 'CN']",1.0,tt11942052,5.0,114.0,1.879,7.5,0.3818,0.0
ts251072,The Underclass,SHOW,getting dropped elite program student gets tangled affairs high school gang trying find identity,2020,TV-MA,55,['drama'],['TH'],1.0,tt12665438,6.5,64.0,2.426,6.7,0.0,0.0
ts252015,GAME ON : A Comedy Crossover Event,SHOW,worlds collide special event featuring familiar faces surprise cameos stories spirited competition four different comedy series,2020,TV-G,30,"['comedy', 'family']",['US'],2.0,tt12800428,5.5,219.0,3.255,7.7,0.8074,0.3612
ts89340,Crime Diaries : The Candidate,SHOW,1994 mexican presidential candidate luis donaldo colosios assassination sends dying widow racing uncover,2019,TV-MA,42,"['thriller', 'war', 'drama', 'crime']",['MX'],1.0,tt9327348,7.5,813.0,9.173,7.4,-0.5994,-0.5423
ts103574,Sakho & Mangane,SHOW,two cops different methods solving mysterious murder cases surrounded black magic,2019,TV-MA,51,"['action', 'comedy', 'crime']",['SN'],1.0,tt9391692,6.3,135.0,3.577,7.0,-0.5106,0.0
ts218367,Secreto bien guardado,SHOW,summer 1940 amalia young highclass jew discovers love marthin muller nazi officer,2019,TV-MA,30,"['drama', 'romance']",['AR'],1.0,tt10702412,5.0,195.0,2.832,10.0,0.6369,0.0
ts221891,Legend Quest : Masters Myth,SHOW,mythical creatures come life leo teodora andrs alebrije supersecret monster hunters save day,2019,TV-Y7,25,"['animation', 'action']",['MX'],1.0,tt10228032,7.5,128.0,5.398,10.0,0.4939,0.0
ts218504,Hello Ninja,SHOW,wesley puts hands together bows reflection says words hello ninja surroundings instantly transform enchanting ninja world,2019,TV-Y,13,"['family', 'fantasy', 'animation', 'action', 'comedy']",['CA'],4.0,tt10687170,6.8,119.0,7.582,7.0,0.0,0.0
ts221151,Living Undocumented,SHOW,eight undocumented families fates rollercoast united states immigration policies transformed,2019,TV-MA,43,['documentation'],['US'],1.0,tt10977486,6.6,580.0,1.19,6.0,0.4215,0.0
ts269073,The Fabulous Lives Bollywood Wives,SHOW,cameras follow banter bonding four funloving women bollywoods inner circle juggle professions family friendship,2020,TV-MA,37,"['reality', 'documentation', 'romance']",['IN'],1.0,tt13452100,4.7,9695.0,1.363,5.5,0.4404,0.5267
ts258169,Holiday Home Makeover Mr. Christmas,SHOW,mr christmas veteran interior design industry healthy obsession holiday season takes behind scenes puts design expertise vast christmas collection good use,2020,TV-G,44,['reality'],['US'],1.0,tt13255112,5.8,293.0,5.464,6.7,0.7096,0.4019
ts92405,Hasmukh,SHOW,timid smalltown comedians longawaited big break takes dark turn realizes committing murder way keep onstage mojo,2020,TV-MA,32,"['comedy', 'crime', 'drama']",['IN'],1.0,tt9359294,5.3,2680.0,2.372,7.0,-0.6369,0.0
ts223110,Sugar Rush Christmas,SHOW,everything love sugar rush holly jolly holiday twist christmasthemed spin competitive baking,2019,TV-PG,51,['reality'],['US'],2.0,tt11168116,6.8,590.0,2.274,7.7,0.8979,0.0
ts88608,Cricket Fever : Mumbai Indians,SHOW,follow indian premier league champions mumbai indians 2018 season series featuring insider insights intense cricket action,2019,TV-MA,38,"['documentation', 'sport']",['IN'],1.0,tt8531592,7.2,710.0,1.4,9.0,0.5719,0.0
ts234501,Buddi,SHOW,buddis bounce spin glide giggle magical world learning new things sharing joy friendship,2020,TV-Y,10,"['family', 'fantasy', 'animation', 'comedy']",['US'],2.0,tt11829340,7.2,58.0,1.032,10.0,0.9062,0.0
ts253288,Felipe Esparza : Bad Decisions,SHOW,two live performances one english one spanish matter language felipe esparza muy muy,2020,TV-MA,63,['comedy'],['US'],1.0,tt12875768,5.3,176.0,1.061,10.0,0.0258,-0.5423
ts89895,Mighty Little Bheem,SHOW,innocent toddlers boundless curiosity extraordinary might lead mischief adventure small indian town,2019,TV-Y,6,"['animation', 'comedy', 'family', 'fantasy']",['US'],3.0,tt10050752,6.4,252.0,8.586,8.4,0.296,0.0
ts224906,Find Yourself,SHOW,determined entrepreneur navigates love triangle young charmer older executive leading unconventional path love,2020,TV-14,45,"['drama', 'romance']",['CN'],1.0,tt11569628,7.7,212.0,14.895,7.7,0.9287,0.0
ts225708,Six Windows Desert,SHOW,theatre play aftermath plane crash collection shorts saudi filmmakers depicts nuances saudi arabian culture,2020,TV-14,21,"['drama', 'scifi', 'comedy', 'history']",['SA'],1.0,tt11874042,4.3,3104.0,1.176,10.0,-0.0772,0.0
ts234505,Fary : Hexagone,SHOW,french comedy phenom fary puts playful spin questions identity culture first half epic twopart standup special,2020,TV-MA,51,['comedy'],['FR'],1.0,tt11823028,6.2,129.0,1.41,7.0,0.7964,0.0
ts224261,Nailed It ! Germany,SHOW,home cooks try inevitably fail recreate spectacular confections comical competition show sweet 5000 euros,2020,TV-14,0,['reality'],['DE'],1.0,tt11460744,5.7,102.0,2.157,10.0,-0.128,0.0
ts88166,Nailed It ! Mexico,SHOW,fun fondant hilarious cake fails head mexico amateur bakers compete recreate elaborate sweet treats cash prize,2019,TV-PG,33,['reality'],['MX'],3.0,tt9708588,6.2,308.0,4.224,7.1,0.8591,0.0
ts221472,Valentino,SHOW,nour abdel mejid aka valentino owns number international schools valentino schools run domineering wife hes agreement disagreements however get several adventures reveals many surprises along way,2020,TV-14,37,['comedy'],['EG'],1.0,tt11508212,5.2,225.0,6.16,6.5,0.6124,0.0
ts251607,Word Party Songs,SHOW,sing along dance bailey franny kip lulu tilly collection music videos get mood move groove,2020,TV-Y,4,"['animation', 'family']",[],1.0,tt12748268,3.6,18.0,2.346,10.0,0.0,0.4019
ts101042,The 43,SHOW,docuseries disputes mexican governments account 43 students ayotzinapa rural teachers college vanished iguala 2014,2019,TV-MA,66,"['documentation', 'war']",['MX'],1.0,tt9789272,7.1,143.0,2.828,6.9,-0.2732,0.0
ts269280,Kings Jo'Burg,SHOW,masire brothers rule johannesburgs criminal underworld supernatural family curse tangled web betrayal threaten destroy,2020,TV-MA,53,"['crime', 'thriller']",['ZA'],1.0,tt13453828,5.0,499.0,5.53,7.9,-0.9501,0.0
ts255418,Bad Boy Billionaires : India,SHOW,investigative docuseries explores greed fraud corruption built ultimately brought indias infamous tycoons,2020,TV-14,59,"['crime', 'documentation']",['XX'],1.0,tt12923630,7.9,3057.0,1.974,8.3,-0.7579,-0.5423
ts237556,The Unremarkable Juanquini,SHOW,inept magician pulls trick life accidentally disappearing wanted criminal police raid hes going pay,2020,TV-MA,29,['comedy'],['CO'],2.0,tt12189308,4.3,191.0,7.945,7.0,-0.7506,0.0
ts45322,"Wait , My Youth",SHOW,story naivety young love pureness beauty friendship warmth family surrounding group friends su loves learning literary works adolescence meets best friends,2019,TV-PG,36,"['drama', 'romance']",['CN'],1.0,tt12071466,8.0,122.0,4.459,9.0,0.9818,0.0
ts257243,Voices Fire,SHOW,pharrell williamss hometown community leaders attempt build one worlds inspiring gospel choirs,2020,TV-PG,37,"['music', 'reality']",['US'],1.0,tt13329282,6.8,388.0,1.137,8.0,0.4215,-0.34
ts89740,The Defected,SHOW,thrilling story revolving around policeman becomes embroiled conspiracy plaguing highranking officials due incident almost cost life,2019,TV-14,42,"['drama', 'crime']",['HK'],1.0,tt10141612,7.4,70.0,6.024,9.0,-0.0772,-0.4019
ts256134,Country Ever After,SHOW,country artist coffey anderson wife hiphop dancer criscilla juggle family life career goals tests faith reality series,2020,TV-PG,24,"['reality', 'music']",['US'],1.0,tt12987872,6.4,170.0,1.11,9.7,0.4215,0.0
ts252695,Bookmarks : Celebrating Black Voices,SHOW,celebrity readers share childrens books black authors spark kidfriendly conversations empathy equality selflove antiracism,2020,TV-G,7,['family'],['US'],1.0,tt12923664,5.0,163.0,3.313,8.0,0.4767,0.5719
ts283159,A Perfect Day Arsenide,SHOW,perfect day arsenide adapts ten stories sametitled novel hong kong writer pizza author lost red mini bus taipo spanning suspense horror comedy fantasy inventive series rolls whimsical bizarre stories absurdity life wild city hong kong,2020,TV-MA,23,"['drama', 'romance']",['HK'],1.0,tt14592684,5.0,18.0,1.4,2.0,0.128,0.5719
ts222901,糖糖Online,SHOW,wardrobe malfunction goes viral bubbly live streamer struggles navigate classmates cruel judgment small town lives,2019,TV-MA,24,"['drama', 'family']",['TW'],1.0,tt11330500,5.4,22.0,0.6,10.0,-0.743,0.0
ts218307,Styling Hollywood,SHOW,stylist interior designer jason bolden husband adair curtis jsn studio make magic happen red carpet home alisters,2019,TV-14,36,['reality'],['US'],1.0,tt10715202,6.6,361.0,1.289,10.0,0.0,0.0
ts223121,Bangkok Buddies,SHOW,living roof group unabashed friends wrestle everyday issues financial woes shared quarters romantic misfires,2019,TV-MA,40,"['drama', 'comedy']",['TH'],1.0,tt11513508,6.8,17.0,3.237,10.0,0.6486,0.0
ts251929,DeMarcus Family Rules,SHOW,rascal flatts bassist jay demarcus exbeauty queen allison demarcus write rules juggling family fun reality show,2020,TV-14,28,['reality'],['US'],1.0,tt12759420,6.4,112.0,1.532,5.5,0.5106,0.0
ts223115,The Charming Stepmom,SHOW,quirky fashion student becomes nanny handsome widowers three kids experiencing series silly antics schemes,2019,TV-14,46,"['family', 'romance', 'comedy']",['TH'],1.0,tt13846404,7.9,18.0,5.114,10.0,0.5106,0.5859
ts230973,Arashi 's Diary : Voyage,SHOW,twenty years debut join beloved members arashi new journey showcase lives talents gifts world,2019,TV-Y7,30,"['documentation', 'music']",['JP'],1.0,tt11434874,7.8,44.0,3.2,9.5,0.8176,0.0
ts236850,Children Adam,SHOW,scandals conflicts society figures different backgrounds revealing exciting events linking ghassan judge rima saad maya,2020,TV-14,40,"['drama', 'action']",['LB'],1.0,tt12434912,7.7,186.0,3.843,8.5,-0.3818,0.0
ts222512,Nailed It ! France,SHOW,fun funny competition show home bakers talented catastrophe struggle recreate dessert masterpieces win 5000 euro prize,2019,TV-14,34,['reality'],[],1.0,tt10990804,6.5,112.0,1.4,8.5,0.9246,0.0
ts215862,True Tunes,SHOW,true friends dropping sweet silly beats freshly modern music videos set sounds classic nursery rhyme songs,2019,TV-Y7,3,"['family', 'animation']",['US'],1.0,tt10522374,8.0,13.0,1.522,10.0,0.8402,0.4215
ts252861,Resident Evil,SHOW,nearly three decades discovery tvirus outbreak reveals umbrella corporations dark secrets based horror franchise,2022,TV-MA,51,"['scifi', 'thriller', 'action', 'horror']",['US'],1.0,tt9660182,3.7,24982.0,1387.392,5.956,-0.5719,-0.6597
ts271450,The Lincoln Lawyer,SHOW,sidelined accident hotshot los angeles lawyer mickey haller restarts career trademark lincoln takes murder case,2022,TV-MA,50,"['crime', 'drama', 'thriller']",['US'],1.0,tt13833978,7.7,30295.0,68.925,8.1,-0.8316,0.0
ts277084,Man vs. Bee,SHOW,man finds war bee housesitting luxurious mansion win irreparable damage done process,2022,TV-PG,11,"['comedy', 'family']",['GB'],1.0,tt13640670,6.8,22287.0,260.169,7.477,-0.5106,0.0
ts356995,How Change Your Mind,SHOW,author michael pollan leads way docuseries exploring history uses psychedelics including lsd psilocybin mdma mescaline,2022,TV-MA,54,['documentation'],['US'],1.0,tt21062540,8.2,627.0,19.552,7.0,0.0,0.0
ts269395,God 's Favorite Idiot,SHOW,clark thompson midlevel techsupport employee finds love coworker amily luck exactly time becomes unwitting messenger god also theres rollerskating lake fire impending apocalypse,2022,TV-MA,27,"['comedy', 'fantasy']",['US'],1.0,tt13861620,5.7,4196.0,7.322,7.0,0.7845,0.2023
ts353844,Keep Sweet : Pray Obey,SHOW,interviews rare home video footage exflds members share truth isolated community events pushed leave,2022,TV-MA,49,"['crime', 'documentation']",['US'],1.0,tt20560404,7.4,7174.0,10.307,7.4,0.25,0.6486
ts306335,"Boo , Bitch",SHOW,two senior bffs make lastditch attempt seen one becomes ghost shell need really live best life,2022,TV-14,25,"['scifi', 'comedy']",['US'],1.0,tt14097144,5.7,2203.0,481.983,6.5,0.4902,-0.5859
ts215951,Midnight Mass,SHOW,isolated island community experiences miraculous events frightening omens arrival charismatic mysterious young priest,2021,TV-MA,64,"['fantasy', 'horror', 'action', 'drama', 'scifi']",['US'],1.0,tt10574558,7.7,106385.0,73.108,7.613,-0.6705,0.0
ts108385,Inventing Anna,SHOW,journalist lot prove investigates case anna delvey instagramlegendary german heiress stole hearts new yorks social scene stole money well,2022,TV-MA,68,['drama'],['US'],1.0,tt8740976,6.8,61061.0,74.876,6.8,0.2732,0.0
ts308317,Snowflake Mountain,SHOW,bunch clueless kidults put paces wilderness survival retreat try kickstart standing two feet theres running water parents worst wifi,2022,TV-MA,38,['reality'],['GB'],1.0,tt15292870,4.9,691.0,3.681,6.7,-0.7003,0.0
ts264270,Anatomy Scandal,SHOW,sexual consent scandal amongst british privileged elite women caught wake,2022,TV-MA,46,"['drama', 'thriller']","['GB', 'US']",1.0,tt12748084,7.0,23981.0,11.678,7.5,0.2263,-0.4404
ts222333,Arcane,SHOW,amid stark discord twin cities piltover zaun two sisters fight rival sides war magic technologies clashing convictions,2021,TV-14,41,"['scifi', 'action', 'drama', 'animation', 'fantasy']",['US'],1.0,tt11126994,9.0,186899.0,106.45,9.081,-0.8481,0.0
ts220305,Squid Game,SHOW,hundreds cashstrapped players accept strange invitation compete childrens gameswith high stakes tempting prize awaits victor,2021,TV-MA,55,"['action', 'thriller', 'drama']",['KR'],2.0,tt10919420,8.0,426967.0,361.925,7.821,0.6597,0.0
ts271437,Money Heist ( Korean Remake ),SHOW,story genius strategists robbers different personalities abilities set korean peninsula confronting extraordinary variables carrying unprecedented hostage robbery,2022,TV-MA,70,"['action', 'drama', 'thriller', 'crime']",['KR'],1.0,tt13696452,5.2,5142.0,904.326,7.998,0.1027,0.0
ts217231,Heartstopper,SHOW,teens charlie nick discover unlikely friendship might something navigate school young love comingofage series,2022,TV-14,28,"['romance', 'drama']",['GB'],3.0,tt10638036,8.7,45476.0,165.66,9.027,0.7964,0.0
ts225061,Pieces Her,SHOW,act violence rocks sleepy georgia town well bond mother daughter,2022,TV-MA,51,"['drama', 'crime', 'thriller']",['US'],1.0,tt9170236,6.3,22435.0,18.516,6.6,-0.4588,0.0
ts223537,Maid,SHOW,inspired powerful new york times bestselling memoir maid hard work low pay mothers survive stephanie land maid chronicle single mother turns housekeeping barely make ends meet battles poverty homelessness bureaucracy,2021,TV-MA,54,"['drama', 'comedy']",['US'],1.0,tt11337908,8.4,77885.0,0.6,8.0,-0.4215,0.0
ts356887,How To Build Sex Room,SHOW,couples looking spice bedroom hire luxury interior designer melanie rose create stylish spaces carry fantasy wish,2022,TV-MA,42,['reality'],['US'],1.0,tt21030224,5.3,181.0,8.976,8.1,0.5859,0.0
ts328671,"BASTARD‼ -Heavy Metal , Dark Fantasy-",SHOW,evil forces threaten resurrect anthrasax god destruction kingdom metallicana calls volatile dark wizard help,2022,TV-MA,25,"['animation', 'action', 'scifi', 'comedy', 'fantasy']",['JP'],1.0,tt17736234,6.7,854.0,23.009,6.8,-0.7845,0.0
ts288808,The Longest Night,SHOW,centres psychiatric prison group armed men aim capture incarcerated serial killer met resistance prison director,2022,TV-MA,45,"['action', 'crime', 'drama', 'thriller']",['ES'],1.0,tt14463552,5.8,502.0,0.6,6.643,-0.8979,0.0
ts255888,First Kill,SHOW,falling love tricky teens juliette calliope ones vampire others vampire hunter ready make first kill,2022,TV-MA,49,"['thriller', 'drama', 'fantasy', 'horror']",['US'],1.0,tt13315156,6.4,23605.0,252.955,8.4,-0.0516,-0.6908
ts306526,Queen,SHOW,decadeslong absence renowned parisian tailor drag queen returns hometown poland make amends daughter,2022,TV-MA,49,['drama'],['PL'],1.0,tt15096884,7.1,815.0,8.782,7.3,-0.2263,0.0
ts311101,King Stonks,SHOW,series inspired real events financial world centers narcissism megalomania double standards,2022,TV-MA,47,"['comedy', 'drama', 'thriller']",['DE'],1.0,tt15407486,6.0,318.0,9.01,6.2,0.4939,0.0
ts241363,Alba,SHOW,chain events kickstarted young girl gangraped four boys,2021,TV-MA,50,['drama'],['ES'],1.0,tt12446242,6.2,511.0,87.031,7.1,0.0,0.0
ts312082,Alchemy Souls,SHOW,powerful sorceress blind womans body encounters man prestigious family wants help change destiny,2022,TV-14,80,"['drama', 'action', 'thriller', 'scifi', 'comedy', 'fantasy', 'romance']",['KR'],1.0,tt20859920,8.6,878.0,108.72,8.0,0.4215,0.0
ts90093,The Pentaverate,SHOW,influencing global events centuries secret society faces dangerous threat within canadian reporter save world,2022,TV-MA,26,['comedy'],['US'],1.0,tt10203880,6.1,8726.0,8.239,5.9,-0.5106,0.0
ts307973,Murderville,SHOW,welcome murderville new series starring arnett detective every episode solve murder new celebrity guest star partner catch guest star never given script improvise way case,2022,TV-MA,34,"['comedy', 'crime']",['US'],1.0,tt15264192,6.8,11466.0,5.846,6.2,-0.2263,0.0
ts270910,Vikings : Valhalla,SHOW,sequel vikings hundred years passed new generation legendary heroes arises forge destiny make history,2022,TV-MA,51,"['war', 'action', 'drama', 'history', 'romance']",['US'],1.0,tt11311302,7.1,34833.0,236.161,7.98,0.5106,0.0
ts87242,Shadow Bone,SHOW,world cleaved two massive barrier perpetual darkness young soldier uncovers power might finally unite country struggles hone power dangerous forces plot thugs thieves assassins saints war take magic survive,2021,TV-14,52,"['scifi', 'drama', 'fantasy', 'action']",['US'],1.0,tt2403776,7.6,80009.0,28.08,8.2,-0.936,0.0
ts302437,Kung Fu Panda : The Dragon Knight,SHOW,follow adventures po partners nononsense english knight named wandering blade find collection four powerful weapons mysterious pair weasels save world destruction,2022,TV-Y7,24,"['action', 'animation', 'family', 'fantasy', 'comedy']",['US'],1.0,tt18783984,5.9,742.0,656.832,7.5,-0.4215,-0.6908
ts353837,"Web Make Believe : Death , Lies Internet",SHOW,conspiracy fraud violence murder starts virtual get real quickly web worldwide consequences,2022,TV-MA,57,"['crime', 'documentation']",['US'],1.0,tt20602042,6.1,1145.0,5.959,6.6,-0.9517,-0.7717
ts256072,The Woman House Across Street Girl Window,SHOW,anna every day sits wine staring window watching life go without handsome neighbor moves across street anna starts see light end tunnel witnesses gruesome murder,2022,TV-MA,26,"['thriller', 'crime', 'drama', 'comedy']",['US'],1.0,tt13315324,6.3,41822.0,14.902,7.0,-0.8089,0.0
ts354073,The Future Of,SHOW,help industry experts innovative docuseries examines new emerging technological trends imagine revolutionary possibilities,2022,TV-14,20,['documentation'],['US'],1.0,tt19895946,4.7,165.0,6.998,6.6,0.6808,0.0
ts256710,Archive 81,SHOW,archivist takes job restoring damaged videotapes gets pulled vortex mystery involving missing director demonic cult,2022,TV-MA,54,"['drama', 'scifi', 'horror', 'thriller']",['US'],1.0,tt13365348,7.3,45954.0,61.695,7.4,-0.4404,0.0
ts281927,Stay Close,SHOW,lives photojournalist soccer mom homicide detective disturbed terrible event past,2021,TV-MA,47,"['crime', 'drama', 'thriller']",['GB'],1.0,tt2201227,6.9,30197.0,11.449,7.2,-0.6908,0.0
ts298766,Pirate Gold Adak Island,SHOW,expert team unearth legendary pirate treasure follow hunt buried gold amid harsh alaskan wilderness documentary series,2022,TV-14,29,['reality'],['US'],1.0,tt14849626,4.6,563.0,20.51,5.7,-0.1779,0.0
ts225855,All Us Are Dead,SHOW,high school becomes ground zero zombie virus outbreak trapped students must fight way turn one rabid infected,2022,TV-MA,61,"['action', 'drama', 'scifi', 'horror', 'thriller', 'fantasy']",['KR'],2.0,tt14169960,7.5,45027.0,491.672,8.452,-0.8481,-0.6486
ts342732,Our Great National Parks,SHOW,narrated former president barack obama stunning docuseries shines spotlight planets spectacular national parks,2022,TV-PG,52,['documentation'],['US'],1.0,tt18750552,7.9,1684.0,2.583,7.9,0.3818,0.6249
ts255037,Resident Evil : Infinite Darkness,SHOW,years horrors raccoon city leon claire find consumed dark conspiracy viral attack ravages white house,2021,TV-MA,27,"['scifi', 'animation', 'drama', 'action', 'horror']",['US'],1.0,tt13175788,5.8,9500.0,83.312,7.9,-0.8807,-0.7506
ts293103,Juanpis González - The Series,SHOW,spoiled man country overcome difficult test imposed grandfather inherit family fortune finds believes vocation politics always lawful way,2022,TV-MA,25,"['comedy', 'drama']",['CO'],1.0,tt14494894,6.8,348.0,39.001,7.6,-0.4215,0.0
ts345200,Borgen - Power & Glory,SHOW,birgitte nyborg staff media tasked covering time role minister foreign affairs,2022,TV-MA,57,"['drama', 'war']",['DK'],1.0,tt18751672,8.2,165.0,4.726,8.4,0.0,0.5423
ts222522,Spriggan,SHOW,ancient civilizations relics earth hold dangerous powers arcam corporations spriggan agents keep wrong hands,2022,TV-MA,46,"['animation', 'action', 'war', 'scifi', 'drama', 'thriller']",['JP'],1.0,tt10011306,7.0,664.0,16.71,6.9,-0.7351,0.0
ts237713,Sweet Tooth,SHOW,perilous adventure across postapocalyptic world lovable boy whos halfhuman halfdeer searches new beginning gruff protector,2021,TV-14,45,"['drama', 'scifi', 'fantasy', 'action']",['US'],2.0,tt12809988,7.8,50215.0,63.287,8.0,0.743,0.4588
ts102086,Behind Her Eyes,SHOW,follows louise single mom son parttime job psychiatrists office begins affair boss strikes unlikely friendship wife,2021,TV-MA,50,"['thriller', 'drama']",['GB'],1.0,tt9698442,7.2,59293.0,29.851,7.6,0.1027,0.0
ts284297,All American : Homecoming,SHOW,follows young tennis hopeful beverly hills elite baseball player chicago contend high stakes college sports,2022,TV-14,39,"['drama', 'sport']",['US'],2.0,tt14088994,5.3,527.0,9.277,8.1,0.5423,0.0
ts296046,Lupin,SHOW,inspired adventures arsne lupin gentleman thief assane diop sets avenge father injustice inflicted wealthy family,2021,TV-MA,46,"['crime', 'drama', 'thriller', 'action', 'comedy']",['FR'],3.0,tt2531336,7.5,102888.0,66.66,7.9,0.0,0.0
ts346959,Meltdown : Three Mile Island,SHOW,insiders recount events controversies lingering effects accident three mile island nuclear power plant pennsylvania,2022,TV-14,44,"['documentation', 'history']",['US'],1.0,tt19758756,6.9,3115.0,2.873,6.4,-0.4767,0.0
ts287722,The Upshaws,SHOW,bennie upshaw head black working class family indianapolis charming wellintentioned mechanic lifelong mess trying best step care family tolerate sardonic sisterinlaw without blueprint success,2021,TV-14,27,"['family', 'comedy']",['US'],2.0,tt10945036,6.8,2589.0,5.205,8.7,0.7719,0.0
ts240453,Clark,SHOW,incredible story behind swedens notorious gangster clark olofsson whose infamous crimes gave rise term stockholm syndrome,2022,TV-MA,61,"['thriller', 'action', 'comedy', 'crime', 'drama']",['SE'],1.0,tt12304420,7.4,7958.0,14.127,6.9,-0.4404,0.0
ts294227,Farzar,SHOW,prince fichael crew venture domed human city fight evil aliens want kill begin journey fichael quickly discovers seems may living lie,2022,TV-MA,27,"['scifi', 'animation', 'action', 'comedy']",['US'],1.0,tt14589904,5.3,929.0,47.136,6.5,-0.9081,0.0
ts256310,Pacific Rim : The Black,SHOW,kaiju ravage australia two siblings pilot jaeger search parents encountering new creatures seedy characters chance allies,2021,TV-14,24,"['scifi', 'animation', 'action']",['US'],2.0,tt9288848,7.0,5175.0,50.254,8.333,0.25,0.0
ts311985,Inside Job,SHOW,employees deep state conspiracies arent theories theyre fact keeping secret fulltime job,2021,TV-MA,28,"['comedy', 'animation', 'fantasy', 'scifi']",['US'],2.0,tt10231312,7.6,16616.0,42.395,8.2,0.0,0.0
ts328051,Iron Chef : Quest Iron Legend,SHOW,five new trailblazing iron chefs welcome brave challenger chefs reimagined kitchen stadium theyll face pushed limits endurance creativity cook extraordinary culinary creations,2022,TV-G,48,['reality'],['US'],1.0,tt17216636,7.1,382.0,4.182,7.0,0.9022,0.0
ts310081,Two Summers,SHOW,group friends get together thirty years one group members died tragic accident holiday supposed relaxing vacation changes rapidly nightmare friends blackmailed footage terrible week three decades ago,2022,TV-PG,46,"['thriller', 'drama']",['BE'],1.0,tt13018574,6.8,2867.0,39.696,6.75,-0.1779,0.0
ts269096,She Would Never Know,SHOW,office romance female senior doesnt want catch feelings younger men male junior handsome sexy straightforward style,2021,TV-14,64,"['drama', 'romance']",['KR'],1.0,tt13446244,7.5,743.0,34.287,8.8,0.8744,0.0
ts311987,Bad Vegan : Fame . Fraud . Fugitives .,SHOW,marrying mysterious man claimed could make dog immortal celebrated vegan restaurateur finds life veering rails,2022,TV-MA,52,"['documentation', 'crime']",['US'],1.0,tt18260538,5.8,6134.0,3.403,5.3,0.6908,-0.6597
ts85985,Cowboy Bebop,SHOW,long style perpetually short cash bounty hunters spike jet faye trawl solar system looking jobs outrun spikes past,2021,TV-MA,45,"['scifi', 'action', 'drama', 'fantasy', 'comedy', 'crime']",['US'],1.0,tt1267295,6.6,35427.0,17.479,6.8,0.0,0.0
ts237722,The Cuphead Show !,SHOW,follow misadventures impulsive cuphead cautious persuadable brother mugman animated series based hit video game,2022,TV-Y7,15,"['animation', 'comedy', 'family', 'fantasy', 'action']",['US'],2.0,tt10611608,7.4,6513.0,96.8,8.0,-0.1027,0.0
ts251675,Hellbound,SHOW,unearthly beings deliver bloody condemnations sending individuals hell giving rise religious group founded idea divine justice,2021,TV-MA,52,"['scifi', 'horror', 'thriller', 'crime', 'drama', 'fantasy']",['KR'],1.0,tt12235718,6.6,23099.0,193.725,7.6,0.2263,0.0
ts252119,The Beauty Queen Jerusalem,SHOW,loves heartbreak jealousy pain three armoza sisters luna rachelika becky parents grandparents children set earlymid 20th century jerusalem,2021,TV-MA,30,['drama'],['IL'],3.0,tt12940732,7.1,337.0,11.854,8.0,-0.6808,0.5859
ts292696,Intimacy,SHOW,compromising sexual video featuring promising politician depicts lives four women forced walk line public private life,2022,TV-MA,48,"['crime', 'drama', 'thriller']",['ES'],1.0,tt14463542,6.8,1674.0,19.965,6.7,-0.0772,0.0
ts234817,In Cold,SHOW,exposed exrussian spy american single mom must juggle family life unique shapeshifting skills battle insidious enemy,2022,TV-MA,49,"['drama', 'scifi', 'thriller', 'action', 'crime']",['US'],1.0,tt11859542,6.2,7047.0,13.736,7.5,-0.7506,0.0
ts227473,Brand New Cherry Flavor,SHOW,lisa nova aspiring film director sundrenched seamy world 1990 los angeles embarks mindaltering journey supernatural revenge gets nightmarishly control,2021,TV-MA,43,"['thriller', 'drama', 'horror', 'scifi']",['US'],1.0,tt11343600,7.1,15028.0,57.609,6.9,-0.5267,0.0
ts269179,The G Word Adam Conover,SHOW,love hate government plays huge role lives adam conover explores triumphs failures might able change,2022,TV-MA,30,"['documentation', 'comedy']",['US'],1.0,tt13649532,6.7,682.0,4.603,5.5,0.5859,0.0
ts289334,Sex/Life,SHOW,suburban mother two takes fantasycharged trip memory lane sets married present collision course wildchild past,2021,TV-MA,47,"['comedy', 'drama', 'romance']",['US'],2.0,tt10839422,5.4,20549.0,165.068,7.1,-0.3612,0.0
ts310057,True Story,SHOW,worldfamous comedian desperately searches way night philadelphia brother threatens sabotage success,2021,TV-MA,39,"['drama', 'thriller', 'comedy', 'crime']",['US'],1.0,tt13655456,7.4,17567.0,42.104,7.2,-0.3182,0.4215
ts300391,Clickbait,SHOW,family man nick brewer abducted crime sinister online twist closest race uncover behind,2021,TV-MA,46,"['crime', 'drama', 'thriller']","['US', 'AU']",1.0,tt10888878,7.2,51476.0,40.623,7.644,-0.8934,0.0
ts273436,Murder Among Mormons,SHOW,highstakes exploits turn deadly shake global church core extraordinary true crime story,2021,TV-14,53,"['documentation', 'crime', 'history']",['US'],1.0,tt13987620,7.0,6309.0,6.871,7.3,-0.5859,-0.6908
ts281225,Wrong Side Tracks,SHOW,teenage granddaughter falls victim drug dealers overtaking neighborhood fedup war veteran takes matters hands,2021,TV-MA,71,"['action', 'crime', 'drama', 'thriller']",['ES'],2.0,tt13980362,6.7,1671.0,27.824,5.7,-0.7096,-0.4767
ts349630,Love Spectrum U.S .,SHOW,follows people autism spectrum navigate world dating relationships,2022,TV-14,41,"['reality', 'documentation', 'romance']",['US'],1.0,tt19037550,8.2,1097.0,2.852,6.7,0.0,0.6369
ts286731,Komi Ca n't Communicate,SHOW,high school full unique characters tadano helps shy unsociable classmate komi reach goal making friends 100 people,2021,TV-14,24,"['drama', 'animation', 'comedy', 'romance']",['JP'],2.0,tt14626352,7.8,5462.0,132.754,8.253,0.5859,0.0
ts232107,The Silent Sea,SHOW,perilous 24hour mission moon space explorers try retrieve samples abandoned research facility steeped classified secrets,2021,TV-MA,45,"['scifi', 'thriller', 'horror', 'drama']",['KR'],1.0,tt11570202,6.9,19592.0,94.568,8.0,-0.4588,0.0
ts296472,The Chestnut Man,SHOW,grisly murder scene sits figurine made chestnuts creepy clue two detectives hunt killer linked politicians missing child,2021,TV-MA,55,"['crime', 'drama', 'thriller']",['DK'],1.0,tt10834220,7.7,42817.0,49.565,7.7,-0.9042,0.0
ts88578,Firefly Lane,SHOW,decades childhood best friends kate tully weathered lifes storms together betrayal threatens break apart good,2021,TV-MA,50,"['drama', 'romance']",['US'],1.0,tt9012876,7.4,20748.0,9.959,7.7,0.5859,0.0
ts343430,The 7 Lives Lea,SHOW,finding young mans remains la wakes 90s body swaps seven times tries solve mystery death prevent,2022,TV-MA,45,"['drama', 'thriller', 'fantasy', 'crime']",['FR'],1.0,tt14140886,7.5,2684.0,12.437,7.1,-0.4588,0.0
ts225645,The Chair,SHOW,major university first woman color become chair tries meet dizzying demands high expectations failing english department,2021,TV-MA,30,"['drama', 'comedy']",['US'],1.0,tt11834150,7.2,16331.0,6.775,7.0,-0.5106,0.0
ts282131,Attenborough 's Life Colour,SHOW,exploring vital role colour plays daily lives many species,2021,TV-PG,51,['documentation'],['GB'],1.0,tt11053426,8.2,3238.0,6.232,7.7,0.4939,0.0
ts356951,Hurts Like Hell,SHOW,illegal gambling matchfixing discover seedy underworld behind oncerevered sport muay thai drama inspired real events,2022,TV-MA,50,"['drama', 'sport']",['TH'],1.0,tt21062288,8.4,83.0,8.413,9.071,-0.1027,-0.7351
ts95572,The Serpent,SHOW,twisting reallife story charles sobhraj murderer thief seductive master disguise hidden darkness mid70s asias hippie trail,2021,TV-MA,57,"['crime', 'drama', 'thriller']",['GB'],1.0,tt7985576,7.6,42371.0,12.904,7.6,-0.9001,0.0
ts311989,jeen-yuhs,SHOW,kanye west docuseries 20 years making,2022,TV-MA,93,"['documentation', 'music']",['US'],1.0,tt14599438,8.0,8319.0,3.852,7.1,0.0,0.0
ts307649,Turning Point : 9/11 War Terror,SHOW,modern history divided two time frames 911 911 fivepart docuseries cohesive chronicle september 11 2001 attacks us offering illuminating perspectives personal stories catastrophic events day changed course nation,2021,TV-14,62,"['war', 'history', 'documentation']",['US'],1.0,tt15260794,8.0,9132.0,7.209,7.3,-0.7269,-0.8074
ts305788,The Perfect Mother,SHOW,convinced daughters innocence homicide devoted mother soon uncovers unsettling truths line victim perpetrator blurs,2022,TV-MA,49,"['drama', 'thriller']","['FR', 'DE']",1.0,tt15341198,5.9,845.0,14.164,6.0,0.6705,0.5719
ts321918,Human Resources,SHOW,lovebugs hormone monsters parade creatures juggle romance workplace drama human clients needs big mouth spinoff,2022,TV-MA,27,"['animation', 'comedy', 'romance']",['US'],1.0,tt11092142,7.2,5579.0,21.344,6.5,0.5574,0.0
ts328194,My Name,SHOW,following fathers murder revengedriven woman puts trust powerful crime boss enters police force direction,2021,TV-MA,50,"['thriller', 'action', 'crime', 'drama']",['KR'],1.0,tt12940504,7.8,19737.0,86.286,8.3,-0.4767,0.0
ts296743,Welcome Eden,SHOW,happy question zoa four attractive young people active social networks invited exclusive party history secret island organized brand new drink begins exciting journey soon become journey lifetime paradise really seems welcome eden,2022,TV-MA,41,"['action', 'scifi', 'drama', 'thriller']","['ES', 'KN']",1.0,tt13457822,5.4,4145.0,198.535,7.3,0.9725,0.4588
ts108042,Maya Three,SHOW,mesoamerican warrior princess embarks quest recruit three legendary fighters help save world gods humankind,2021,TV-Y7,131,"['comedy', 'drama', 'family', 'fantasy', 'animation', 'action']",['MX'],1.0,tt8787772,8.1,3780.0,51.341,7.8,0.6908,0.0
ts329699,The Andy Warhol Diaries,SHOW,hes shot 1968 andy warhol begins documenting life feelings diaries series reveal secrets behind persona,2022,TV-MA,66,['documentation'],['US'],1.0,tt18082212,7.7,1844.0,1.844,7.6,0.0,0.0
ts283080,Who Killed Sara ?,SHOW,hellbent exacting revenge proving framed sisters murder lex sets unearth much crimes real culprit,2021,TV-MA,41,"['drama', 'crime', 'thriller']",['MX'],3.0,tt11937816,6.4,13960.0,119.334,7.7,-0.8442,-0.6705
ts287976,Young Royals,SHOW,prince wilhelm adjusts life prestigious new boarding school hillerska following heart proves challenging anticipated,2021,TV-MA,45,"['drama', 'romance']",['SE'],2.0,tt14664414,8.3,29025.0,43.342,8.8,0.1531,0.0
ts225657,Halston,SHOW,american fashion designer halston skyrockets fame life starts spin control,2021,TV-MA,47,['drama'],['US'],1.0,tt9569546,7.5,14681.0,18.504,7.3,0.4404,0.0
ts229335,Anxious People,SHOW,failed bank robber locks home along real estate agent two ikea addicts pregnant woman suicidal millionaire rabbit,2021,TV-MA,29,"['crime', 'drama', 'comedy']",['SE'],1.0,tt11168604,6.8,3913.0,3.126,6.4,-0.9081,-0.25
ts287559,Jupiter 's Legacy,SHOW,worlds first generation superheroes received powers 1930s become revered elder guard present superpowered children struggle live legendary feats parents,2021,TV-MA,45,"['scifi', 'action', 'drama', 'thriller', 'fantasy']",['US'],1.0,tt5774002,6.7,37848.0,59.076,7.3,0.25,0.0
ts301625,Hold Tight,SHOW,young man goes missing soon friend dies life tightknit affluent warsaw suburb slowly unravels exposing secrets lies,2022,TV-MA,47,"['crime', 'drama', 'thriller']",['PL'],1.0,tt15019128,6.1,2288.0,6.901,7.2,-0.4588,0.0
ts287438,The Innocent,SHOW,accidental killing leads man dark hole intrigue murder finds love freedom one phone call brings back nightmare,2021,TV-MA,58,"['thriller', 'drama', 'crime']",['ES'],1.0,tt10147644,7.8,29670.0,15.042,7.8,-0.25,0.34
ts343432,Yakamoz S-245,SHOW,disaster strikes earth marine biologist research mission submarine must fight advance process conspiracy,2022,TV-MA,48,"['scifi', 'drama', 'action', 'thriller']",['TR'],1.0,tt13317454,6.1,5789.0,13.009,7.2,-0.9118,0.0
ts287352,Hit & Run,SHOW,happily married mans life turned upside wife killed mysterious hitandrun accident tel aviv griefstricken confused searches wifes killers fled us help exlover uncovers disturbing truths beloved wife secrets kept,2021,TV-MA,44,"['drama', 'action', 'thriller', 'crime']",['IL'],1.0,tt9073940,7.0,8602.0,20.178,7.5,-0.7269,0.0
ts328605,Midnight Pera Palace,SHOW,historic istanbul hotel journalist unexpectedly thrust past must stop plot could change fate modern turkey,2022,TV-14,44,"['thriller', 'drama', 'history']",['TR'],1.0,tt13317508,7.0,7377.0,5.849,6.9,-0.296,0.0
ts328541,The Puppet Master : Hunting Ultimate Conman,SHOW,harrowing docuseries cruel conman masquerading british spy manipulates steals victims leaving ruined families wake,2022,TV-MA,42,"['documentation', 'crime']",['GB'],1.0,tt15479704,7.0,6370.0,6.409,6.564,-0.91,0.0
ts314135,VOIR,SHOW,film lovers examine cinematic moments thrilled perplexed challenged forever changed collection visual essays,2021,TV-MA,20,['documentation'],['US'],1.0,tt15677070,6.8,1323.0,1.35,7.2,0.5574,0.0
ts321298,Business Proposal,SHOW,ordinary office worker disguises goes blind date attractive boss place friend end unwanted marriage blind date request,2022,TV-14,61,"['drama', 'romance', 'comedy']",['KR'],1.0,tt14819828,8.1,7806.0,183.465,8.3,-0.296,0.0
ts309930,Remarriage & Desires,SHOW,exclusive matchmaking agency women strive marry desirable bachelor highest echelon society,2022,TV-14,62,['drama'],['KR'],1.0,tt15268768,7.2,459.0,56.948,7.667,0.4215,0.0
ts271888,Fate : The Winx Saga,SHOW,comingofage journey five fairies attending alfea magical boarding school otherworld must learn master powers navigating love rivalries monsters threaten existence,2021,TV-MA,50,"['scifi', 'drama', 'fantasy', 'action']",['US'],2.0,tt8179402,6.8,39519.0,97.114,8.373,0.3818,0.0
ts219423,Masters Universe : Revelation,SHOW,war eternia begins may final battle heman skeletor new animated series writerdirector kevin smith,2021,TV-PG,26,"['family', 'fantasy', 'scifi', 'action', 'drama', 'animation', 'comedy']",['US'],2.0,tt10826054,5.3,26422.0,26.04,6.8,-0.7579,0.0
ts255779,Gabby 's Dollhouse,SHOW,colorful series leads preschoolers room room fantastical dollhouse delightful miniworlds irresistible kitty characters,2021,TV-Y,24,"['animation', 'comedy', 'family', 'fantasy']",['US'],4.0,tt9165438,7.0,379.0,15.275,9.0,0.8481,0.0
ts314164,Tomorrow,SHOW,made halfhuman halfspirit accident young man employed company grim reapers underworld carry special missions,2022,TV-14,61,"['drama', 'fantasy', 'action', 'comedy']",['KR'],1.0,tt18926162,7.7,8564.0,30.75,8.582,-0.6249,0.0
ts299865,Heist,SHOW,millions stolen cash missing luxury bourbon watch ordinary people almost get away extraordinary heists true crime series,2021,TV-MA,43,"['crime', 'documentation']",['US'],1.0,tt14865290,6.8,1748.0,5.935,6.9,-0.7269,0.0
ts321513,My Liberation Notes,SHOW,three siblings exhausted monotony daytoday adulthood seek find fulfillment freedom unremarkable lives,2022,TV-MA,68,"['drama', 'family', 'romance']",['KR'],1.0,tt15146130,8.4,1400.0,16.528,8.1,0.4019,0.0
ts273229,Feria : The Darkest Light,SHOW,two sisters must face new reality supernatural elements revealed parents participated cult ritual ending death,2022,TV-MA,50,"['scifi', 'crime', 'drama', 'fantasy', 'horror', 'thriller']",['ES'],1.0,tt13323004,5.7,1532.0,12.612,6.8,-0.5994,-0.4939
ts300325,Surviving Summer,SHOW,rebellious brooklyn teen summer torres sent live family friends tiny town shorehaven great ocean road victoria aus despite best efforts summer falls love town people surf,2022,TV-PG,28,"['drama', 'family']","['DE', 'AU']",1.0,tt13925166,6.3,1433.0,10.719,7.8,0.7803,0.296
ts330425,The Principles Pleasure,SHOW,sex joy modern science converge eyeopening series celebrates complex world womens pleasure puts stubborn myths rest,2022,TV-MA,51,['documentation'],['US'],1.0,tt18299058,5.7,1121.0,4.446,6.0,0.8591,0.5719
ts271413,Night Stalker : The Hunt Serial Killer,SHOW,beneath sunlit glamour 1985 la lurks relentlessly evil serial killer truecrime story two detectives wont rest catch,2021,TV-MA,47,"['documentation', 'crime', 'thriller']",['US'],1.0,tt13651632,7.5,24892.0,15.428,7.4,-0.802,-0.6486
ts296214,How Become Tyrant,SHOW,documentary series explores different political figures throughout history,2021,TV-MA,27,"['documentation', 'war', 'history']",['US'],1.0,tt14832996,7.4,8484.0,11.324,7.5,0.0,0.0
ts330347,Cracow Monsters,SHOW,young woman haunted past joins mysterious professor group gifted students investigate paranormal activity fight demons,2022,TV-MA,52,"['scifi', 'drama', 'fantasy', 'horror', 'thriller']",['PL'],1.0,tt15096836,5.5,1694.0,119.993,6.9,-0.6908,0.0
ts94677,Worst Roommate Ever,SHOW,violent con artists stonecold killers terrifying true stories unveil worst cohabitation experiences one could ever imagine,2022,TV-MA,47,"['crime', 'documentation', 'drama', 'thriller']",['US'],1.0,tt8323702,8.1,8.0,4.457,6.9,-0.9349,-0.6249
ts225690,Vampire Garden,SHOW,vampires humans lived harmony young girl vampire queen search paradise divided world future two girls want forbidden human wants play violin vampire wants see wider world,2022,TV-14,26,"['drama', 'scifi', 'action', 'animation', 'fantasy', 'thriller']",['JP'],1.0,tt10011314,6.7,848.0,7.973,7.8,0.7783,0.0
ts279892,Ginny & Georgia,SHOW,angsty awkward fifteen year old ginny miller often feels mature thirty year old mother irresistible dynamic georgia miller years run georgia desperately wants put roots picturesque new england give family something theyve never normal life carpool kombucha georgias past threatens familys new way life georgia anything protect family,2021,TV-14,54,"['drama', 'comedy']",['US'],1.0,tt10813940,7.4,46343.0,71.27,8.1,0.7351,0.0
ts344184,Conversations Killer : The John Wayne Gacy Tapes,SHOW,dined powerful preyed vulnerable beneath smiling exterior horrifying darkness sadistic serial killer,2022,TV-MA,61,"['documentation', 'crime']",['US'],1.0,tt18970124,7.1,6665.0,94.08,7.4,-0.7269,-0.6486
ts314594,Catching Killers,SHOW,investigators behind infamous serial killer cases reveal harrowing chilling details extraordinary efforts true crime series,2021,TV-MA,41,"['crime', 'documentation']",['US'],2.0,tt15723914,7.1,3250.0,12.506,7.0,-0.7269,-0.6486
ts1475,Chosen,SHOW,17yearold girls world turned upside friends make disturbing discovery quiet danish town,2022,TV-MA,41,"['scifi', 'drama', 'thriller']",['DK'],1.0,tt16492950,4.3,1246.0,7.199,6.584,-0.0516,0.0
ts330402,Is It Cake ?,SHOW,skilled cake artists create mouthwatering replicas handbags sewing machines mindbending baking contest inspired popular meme,2022,TV-PG,39,['reality'],['US'],1.0,tt18314214,5.7,2411.0,3.846,7.6,0.7964,0.0
ts312071,The Way Househusband,SHOW,tatsu notorious feared yakuza leader nicknamed immortal dragon withdraws criminal syndicate becomes housekeeper help wife miku series features variety comedic settings typically showing tatsus domestic activities intimidating inequality looks well multiple encounters former colleagues rivals japanese criminal syndicate,2021,TV-MA,18,"['animation', 'comedy', 'action', 'crime', 'drama', 'romance']",['JP'],1.0,tt13357124,7.3,3724.0,20.159,8.591,-0.8074,0.0
ts302363,Twenty Five Twenty One,SHOW,dreams two young people crushed overwhelming financial crisis 1990s reunite ages 25 21 spirited pair finds friendship affection times adversity venture adulthood together,2022,TV-14,76,"['drama', 'romance']",['KR'],1.0,tt17513352,8.7,5746.0,57.97,8.6,0.1531,0.0
ts308845,The Billion Dollar Code,SHOW,1990s berlin artist hacker invented new way see world years later reunite sue google patent infringement,2021,TV-MA,67,"['drama', 'crime', 'thriller']",['DE'],1.0,tt15392100,8.0,8164.0,11.997,8.2,-0.4767,0.0
ts253813,Glória,SHOW,small town portugal becomes engulfed web political intrigue young engineer recruited kgb spy historical thriller,2021,TV-MA,44,"['drama', 'history', 'thriller']",['PT'],1.0,tt13064634,7.9,4126.0,5.98,7.0,0.1027,0.0
ts272980,The One,SHOW,love lies spiral dna researcher helps discover way find perfect partner creates bold new matchmaking service,2021,TV-MA,42,"['drama', 'scifi', 'thriller', 'crime', 'action']",['GB'],1.0,tt13879466,6.6,12552.0,13.554,6.9,0.9081,0.0
ts294338,Hard Cell,SHOW,documentary crew follows inmates staff hmp woldsley catherine tate portrays multiple characters capture penal system brutal humorous best,2022,TV-MA,26,"['comedy', 'documentation', 'sport']","['US', 'GB']",1.0,tt14959710,6.2,1568.0,2.936,5.8,0.4019,-0.1027
ts296825,Gone Good,SHOW,ten years ago lost two loved ones fiance disappears must uncover buried secrets lose everything based harlan cobens novel,2021,TV-MA,49,"['drama', 'thriller', 'crime']",['FR'],1.0,tt14252964,6.3,4083.0,4.375,6.0,-0.0516,0.4404
ts284702,This Is Robbery : The World 's Biggest Art Heist,SHOW,1990 two men dressed cops con way boston museum steal fortune art take deep dive daring notorious crime,2021,TV-MA,53,"['crime', 'documentation', 'history']",['US'],1.0,tt14223858,6.5,4328.0,5.515,6.9,-0.7964,0.0
ts271595,Crime Scene : The Vanishing Cecil Hotel,SHOW,notorious cecil hotel grows infamy guest elisa lam vanishes dive crimes darkest places,2021,TV-MA,55,"['documentation', 'crime', 'thriller']",['US'],1.0,tt13837672,5.9,16799.0,18.971,7.2,-0.7269,-0.5423
ts269881,Record Ragnarok,SHOW,eradicating humankind world gods give one last chance prove worthy survival let ragnarok battles begin,2021,TV-MA,24,"['animation', 'action', 'scifi', 'drama', 'fantasy', 'thriller']",['JP'],2.0,tt13676344,6.2,4923.0,168.41,8.629,0.3182,0.0
ts343599,Jimmy Savile : A British Horror Story,SHOW,jimmy savile one united kingdoms beloved tv personalities shortly death 2011 investigation prompted 450 horrific allegations sexual assault abuse victims young 5,2022,TV-MA,85,"['documentation', 'crime']",['GB'],1.0,tt18970454,6.7,6536.0,3.341,6.8,-0.926,-0.5719
ts299874,Cocaine Cowboys : The Kings Miami,SHOW,two childhood friends go high school dropouts powerful drug kingpins miami true story crime sage spanned decades,2021,TV-MA,57,"['documentation', 'crime', 'history']",[],1.0,tt15049206,7.1,2699.0,4.242,7.8,0.6369,0.0
ts340376,The Marked Heart,SHOW,new colombian telenovela man watch wife die heart extracted give another woman hes revenge world organ trafficking,2022,TV-MA,44,"['thriller', 'drama']",['CO'],2.0,tt18974572,6.4,1824.0,273.963,8.074,-0.8074,0.0
ts310938,New Heights,SHOW,business consultant michi wyss inherits late fathers troubled farm must confront rural past familys future,2021,TV-MA,48,['drama'],['CH'],1.0,tt15393644,6.7,525.0,8.664,7.9,-0.5719,0.0
ts329700,Life After Death Tyler Henry,SHOW,clairvoyant medium tyler henry offers clarity closure beyond searching familys past intimate reality series,2022,TV-MA,43,['reality'],['US'],1.0,tt18217272,5.9,913.0,2.222,5.5,0.4019,-0.5994
ts349921,That ’ My Time David Letterman,SHOW,david letterman invites hottest upandcoming standup stars perform set sit chat,2022,TV-MA,18,['comedy'],['US'],1.0,tt20560428,6.7,140.0,1.868,7.0,0.0,0.0
ts270405,Pretend It 's City,SHOW,wander new york city streets fascinating mind wry writer humorist raconteur fran lebowitz sits martin scorsese,2021,TV-14,29,"['comedy', 'documentation']",['US'],1.0,tt13660958,8.1,7296.0,3.576,7.6,0.6908,-0.1027
ts192196,Q-Force,SHOW,handsome secret agent team lgbtq superspies embark extraordinary adventures,2021,TV-MA,27,"['animation', 'action', 'comedy', 'crime', 'fantasy', 'scifi']",['US'],1.0,tt10140028,6.3,5294.0,10.637,7.2,0.6808,0.0
ts297247,That Girl Lay Lay,SHOW,girl lay lay follows lay lay perfect hype girl best friend anyone could ever want personal affirmation app struggling make mark school needing best friend talk sadie wishes upon star lay lay real could help teach stand wish comes true lay lay magically brought life two friends learn together accomplish anything navigate life teenagers discover truly,2021,TV-G,22,['comedy'],['US'],2.0,tt14442054,3.6,254.0,5.946,9.5,0.9868,0.0
ts271604,Blue Period,SHOW,bored life popular high schooler yatora yaguchi jumps beautiful yet unrelenting world art finding inspiration painting,2021,TV-14,25,"['animation', 'drama']",['JP'],1.0,tt14115912,7.7,1956.0,8.106,7.7,0.8402,0.0
ts341767,Kotaro Lives Alone,SHOW,lonely little boy moves ramshackle apartment building makes friends broke manga artist lives next door,2022,TV-14,27,"['animation', 'drama', 'comedy']",['JP'],1.0,tt15490038,8.4,2281.0,13.897,6.9,-0.296,-0.25
ts288744,The Sound Magic,SHOW,enigmatic magician living abandoned amusement park introduces magic life high schooler struggling harsh realities,2022,TV-14,69,"['scifi', 'drama', 'fantasy', 'music']",['KR'],1.0,tt14460684,7.7,2783.0,117.687,7.5,-0.7351,0.0
ts273485,Baki Hanma,SHOW,gain skills needs surpass powerful father baki enters arizona state prison take notorious inmate known mr unchained,2021,TV-MA,25,"['animation', 'action', 'drama', 'sport', 'thriller']",['JP'],2.0,tt13357140,6.6,1685.0,211.093,8.049,0.0,0.0
ts290643,Super Crooks,SHOW,johnny bolt recruits group ragtag supervillains one last heist target ruthless superpowered crime boss go wrong,2021,TV-MA,30,"['action', 'crime', 'fantasy', 'scifi', 'drama', 'animation']",['JP'],1.0,tt14272628,7.1,2254.0,6.317,7.2,-0.765,0.5994
ts313646,"Mom , Do n't Do That !",SHOW,husbands death 60yearold mom decides find love joy annoyance two daughters based true story,2022,TV-MA,53,"['comedy', 'drama', 'romance']",['TW'],1.0,tt21081098,6.5,87.0,116.074,9.0,0.6808,0.0
ts288087,Sophie : A Murder West Cork,SHOW,shocking murder rural ireland sets increasingly convoluted quest justice spans decades cuts across national borders,2021,TV-14,55,"['documentation', 'crime', 'thriller', 'history']",['GB'],1.0,tt14681732,6.8,5234.0,6.016,6.5,-0.7351,-0.6908
ts314742,He-Man Masters Universe,SHOW,eternias prince adam discovers power grayskull transforms heman master universe reimagining classic animated series,2021,TV-Y7,25,"['animation', 'action', 'comedy', 'drama', 'family', 'fantasy', 'scifi']",['US'],3.0,tt11465278,5.8,1679.0,22.627,7.078,0.0,0.0
ts333834,The Ultimatum : Marry Move On,SHOW,get hitched call quits couples put love test shacking potential matches provocative reality series,2022,TV-MA,49,['reality'],['US'],1.0,tt18396952,5.4,1759.0,2.696,6.2,0.6369,0.0
ts237972,Katla,SHOW,year subglacial volcano erupts mysterious elements prehistoric times emerge melting ice bringing unforeseen consequences,2021,TV-MA,46,"['drama', 'thriller', 'scifi']",['IS'],1.0,tt11102190,7.0,13472.0,52.807,7.2,0.0,0.0
ts262246,The Last Bus,SHOW,embarking lifechanging field trip group whipsmart students fight save humanity army ruthless drones,2022,TV-PG,35,"['scifi', 'comedy', 'drama', 'family', 'fantasy']",['GB'],1.0,tt12885670,5.0,590.0,3.658,8.2,0.1531,0.0
ts313668,Tear Along Dotted Line,SHOW,cartoonist rome armadilloforaconscience reflects path life wouldbe love friends travel outside city,2021,TV-14,19,"['drama', 'comedy', 'animation']",['IT'],1.0,tt15614372,8.7,8053.0,24.559,8.3,0.8074,0.0
ts104499,Trese,SHOW,set manila mythical creatures philippine folklore live hiding amongst humans alexandra trese finds going head head criminal underworld comprised malevolent supernatural beings,2021,TV-MA,29,"['horror', 'scifi', 'thriller', 'action', 'crime', 'fantasy', 'animation']",['PH'],1.0,tt9310336,7.0,3803.0,20.878,7.4,-0.6808,0.0
ts315611,Animal,SHOW,immersive series follows worlds magnificent creatures capturing neverbeforeseen moments heartwarming outrageous,2021,TV-PG,46,['documentation'],"['US', 'BR']",2.0,tt15674216,7.9,1181.0,4.822,8.5,0.6124,0.0
ts297483,Hometown Cha-Cha-Cha,SHOW,bigcity dentist opens practice closeknit seaside village home charming jackofalltrades polar opposite every way,2021,TV-14,78,"['comedy', 'romance', 'drama']",['KR'],1.0,tt14518756,8.4,11060.0,40.151,8.2,0.5859,0.0
ts269676,History Swear Words,SHOW,proudly profane series explores history impact notorious bad words english language,2021,TV-MA,21,"['documentation', 'comedy']",['US'],1.0,tt13617060,6.4,4877.0,5.6,7.0,-0.4215,-0.0516
ts304058,Ganglands,SHOW,mehdi qualified robber liana apprentice thief get involved turf war drug dealers collaborate order save loved ones,2021,TV-MA,46,"['action', 'crime', 'drama', 'thriller']",['FR'],1.0,tt13278100,7.0,2553.0,39.002,7.3,-0.5859,0.0
ts273100,DOTA : Dragon 's Blood,SHOW,encounters dragon princess mission dragon knight becomes embroiled events larger could ever imagined,2021,TV-MA,26,"['scifi', 'action', 'animation', 'fantasy', 'thriller']",['US'],3.0,tt14069590,7.8,17848.0,29.69,8.0,0.0,0.0
ts222864,Falling Into Your Smile,SHOW,student tong yao makes two vows never relationship someone field make chinese league legends tong yao earns spot first formal female player chinas professional league catches attention elite team captain facing doubts inconveniences meets challenge persistence teammates support much effort become vows stand world stage make six years regret avoid romantic entanglement within esports world adapted novel youre beautiful smile qing mei,2021,TV-14,44,"['drama', 'comedy', 'romance']",['CN'],1.0,tt11290960,8.4,2267.0,39.102,9.0,0.802,0.2263
ts265991,The Cook Castamar,SHOW,set early 18thcentury madrid plot follows love story agoraphobic cook widowed nobleman,2021,TV-MA,55,['drama'],['ES'],1.0,tt12626014,7.4,3807.0,11.161,7.1,0.2732,0.0
ts256311,High-Rise Invasion,SHOW,highschool girl yuri suddenly finds rooftop highrise building shes trapped bizarre world surrounded skyscrapers masked man cracked open mans head axe eyes finding way survive bizarre world find beloved brother escape becomes top priority beset danger mysterious masks possess inhuman strength cruelty survivors turned cruel desparate insanity highrise world,2021,TV-MA,26,"['thriller', 'action', 'animation', 'horror', 'scifi']",['JP'],1.0,tt13357164,6.6,2575.0,37.817,8.4,-0.9349,0.0
ts331680,Making Fun,SHOW,grumpy expert maker jimmy diresta fields kids ideas delightfully pointless inventions hes mood pals build em,2022,TV-PG,41,['reality'],['US'],1.0,tt17737382,7.1,602.0,5.137,7.0,0.5719,0.5106
ts244930,Angry Birds : Summer Madness,SHOW,sparks feathers fly teenage red chuck bomb stella spend wild summer together angry birds camp splinterwood,2022,TV-Y7,14,"['action', 'comedy', 'family', 'fantasy', 'animation']",['US'],2.0,tt12027896,5.8,620.0,17.106,7.3,-0.7579,-0.7351
ts305264,School Chocolate,SHOW,eight top pastry chocolate professionals elevate skills supervision worldrenowned chocolatier amaury guichon,2021,TV-PG,40,['reality'],['US'],1.0,tt15172154,7.6,1721.0,2.468,7.2,0.2023,0.0
ts312984,Our Blues,SHOW,romance sweet bitter life riddled ups downs multiple stories people live work bustling jeju island,2022,TV-MA,66,['drama'],['KR'],1.0,tt19115260,8.5,1150.0,23.177,8.8,0.5859,0.0
ts352579,As Crow Flies,SHOW,young fan maneuvers way seasoned anchors newsroom soon confronts dark side ambition envy desire seen,2022,TV-MA,46,"['drama', 'comedy']",['TR'],1.0,tt13323566,6.3,3039.0,7.481,7.9,0.25,0.0
ts311791,The Raincoat Killer : Chasing Predator Korea,SHOW,early 2000s yoo youngchul hammered victims death cast fear across seoul docuseries recounts hunt prolific killer,2021,TV-MA,48,"['documentation', 'crime', 'history']",['KR'],1.0,tt15484900,6.4,2172.0,18.734,6.5,-0.9287,-0.6486
ts304053,Countdown : Inspiration4 Mission Space,SHOW,training launch landing allaccess docuseries rides along inspiration4 crew first allcivilian orbital space mission,2021,TV-14,50,['documentation'],['US'],1.0,tt15166116,7.9,1857.0,6.054,6.7,0.0,0.0
ts271025,Bling Empire,SHOW,follow las wildly wealthy asian asian american fun seekers go fabulous parties glamour drama reality series,2021,TV-MA,37,['reality'],['US'],2.0,tt13660962,5.8,3052.0,7.476,8.2,0.936,0.0
ts329885,Standing Up,SHOW,odd jobs hunt viral fame making career standup comedy isnt easy four friends risk everything make world laugh,2022,TV-MA,47,"['comedy', 'drama']",['FR'],1.0,tt18260550,7.4,939.0,1.854,5.6,0.163,0.0
ts306203,Monsters Inside : The 24 Faces Billy Milligan,SHOW,late 1970s accused serial rapist claims multiple personalities control behavior setting legal odyssey captivates america,2021,TV-MA,61,"['documentation', 'crime']",[],1.0,tt15287836,6.2,3397.0,16.88,7.2,-0.765,0.0
ts291718,Pretty Smart,SHOW,selfproclaimed intellectual forced move carefree sister sisters lovably eccentric friends,2021,TV-14,24,"['comedy', 'drama', 'romance']",['US'],1.0,tt14369056,5.8,4451.0,8.866,6.9,0.7269,0.7096
ts271321,Beyond Evil,SHOW,serial murder case takes place small peaceful city case serial murder case took place 20 years ago changed lee dongsiks life two detectives work catch killer,2021,TV-MA,66,"['crime', 'thriller', 'drama']",['KR'],1.0,tt13634872,8.1,3010.0,16.207,8.4,-0.91,-0.6597
ts319412,Forecasting Love Weather,SHOW,inside national weather service love proves difficult predict rain shine diligent forecaster freespirited coworker,2022,TV-14,66,"['drama', 'romance']",['KR'],1.0,tt15140592,7.1,1617.0,13.284,8.7,0.4019,0.6369
ts287294,"Money , Explained",SHOW,spend borrow save lets talk money many minefields credit cards casino scammers student loans,2021,TV-14,23,['documentation'],['US'],1.0,tt14492910,6.9,2223.0,14.952,7.6,0.7003,0.0
ts311915,Rebelde,SHOW,head back elite way school new generation students hope win battle bands,2022,TV-MA,40,"['drama', 'romance', 'family', 'comedy', 'music']",['MX'],2.0,tt14153686,6.2,2492.0,138.589,7.455,0.6249,0.0
ts307925,On Verge,SHOW,four women chef single mom heiress job seeker dig love work generous side midlife crises prepandemic la,2021,TV-MA,32,"['comedy', 'drama']",['FR'],1.0,tt5540990,6.4,2961.0,8.188,5.2,0.8176,0.0
ts272463,Colin Black & White,SHOW,life athlete colin kaepernick adoptive parents navigate challenges raising black son white family community,2021,TV-14,32,"['drama', 'sport']",['US'],1.0,tt12624928,5.5,7282.0,29.999,6.682,0.0772,0.0
ts313781,The Club,SHOW,unexpected people become chosen family place never thought could home 1950s istanbul amid political unrest jewish mother seeks reconnect daughter released prison,2021,TV-14,47,"['drama', 'comedy']",['TR'],2.0,tt13317582,7.9,7810.0,8.116,7.2,-0.5106,0.0
ts246073,Tribes Europa,SHOW,2074 wake mysterious global disaster war rages tribes emerged wreckage europe three siblings peaceful origine tribe separated forced forge paths actionpacked fight future new europa,2021,TV-MA,47,"['scifi', 'drama', 'action', 'fantasy']",['DE'],1.0,tt9184982,6.7,12043.0,37.998,7.179,-0.926,0.0
ts321614,Blippi Wonders,SHOW,ever curious blippi sets comedic fun adventures blippimobile along faithful sidekicks tabbs fetch help find answers burning question day animated series allows us take blippi places couldnt normally go liveactions appeal audiences around world,2021,TV-Y,7,['animation'],['US'],1.0,tt19315934,5.1,21.0,1.557,7.0,0.936,0.0
ts250092,Shaman King,SHOW,shaman king follows adventures 13yearold shaman teammate samurai warrior spirit traverse world fighting evil spirits misguided shamans journey next shaman king,2021,TV-PG,25,"['comedy', 'fantasy', 'animation', 'action', 'scifi']",['JP'],1.0,tt12502782,6.9,1728.0,56.636,8.3,-0.5859,0.0
ts303513,42 Days Darkness,SHOW,town chile woman leads frantic search find missing sister amid media storm police investigation inspired true case,2022,TV-MA,46,"['drama', 'thriller', 'crime']",['CL'],1.0,tt15090462,6.5,1040.0,6.233,5.9,0.2263,-0.25
ts344043,Welcome Wedding Hell,SHOW,relatable romance drama couple 30s preparing marriage expecting happy ending like something fairy tale reality preparations proves somewhat different meeting families marriage preparations finding house soontobe married couple deal realistic topics,2022,TV-14,37,"['drama', 'romance']",['KR'],1.0,tt20192096,6.9,89.0,4.417,9.0,0.8689,-0.3818
ts317078,The Journalist,SHOW,journalist known maverick news media defiantly chases truth series adaptation hit movie name,2022,TV-14,51,"['crime', 'drama', 'thriller']",['JP'],1.0,tt15101670,7.0,608.0,6.078,8.1,0.3182,0.0
ts315041,Bulgasal : Immortal Souls,SHOW,cursed since birth exempt death revengedriven immortal sets quest reclaim soul end 600yearold vendetta,2021,TV-MA,71,"['scifi', 'action', 'drama', 'fantasy', 'thriller']",['KR'],1.0,tt14691616,7.3,2063.0,10.958,8.1,-0.3612,0.25
ts289620,House Secrets : The Burari Deaths,SHOW,suicide murder something else docuseries examines chilling truths theories around deaths 11 members delhi family,2021,TV-MA,45,"['history', 'documentation', 'crime']",['IN'],1.0,tt14167390,7.4,9944.0,7.749,7.6,-0.8176,0.0
ts343492,Thermae Romae Novae,SHOW,proud bath architect ancient rome starts randomly surfacing presentday japan hes inspired many bathing innovations finds,2022,TV-MA,29,"['comedy', 'animation', 'fantasy', 'history']",['JP'],1.0,tt13357234,7.0,749.0,1.915,7.6,0.743,0.0
ts297846,An astrological guide broken hearts,SHOW,midthirties still single certainly choice alice working small television network job limited upward mobility despite often competent person room add insult injury exboyfriend carlo getting married become father werent enough small television production company works new charming mysterious creative director davide arrives put everyone test alices life begins change meets tio actor networks flagship soap opera selfprofessed astrological guru soon become personal astrological guide broken hearts,2021,TV-14,34,"['romance', 'comedy']",['IT'],2.0,tt14759406,7.1,3034.0,8.058,7.0,-0.374,-0.4767
ts220196,Centaurworld,SHOW,centaurworld follows war horse transported embattled world strange land inhabited silly singing centaurs species shapes sizes desperate return home befriends group magical creatures embarks journey test battle shes ever faced,2021,TV-Y7,29,"['scifi', 'action', 'animation', 'comedy', 'family', 'fantasy']",['US'],2.0,tt10919290,7.6,2045.0,9.038,7.6,-0.8591,0.0
ts319333,Tiger King : The Doc Antle Story,SHOW,lifelong showman bhagavan doc antle built various careers theatrics attracting slew admirers along way beneath eccentric animalloving facade lies predator far dangerous beloved big cats man shadier tiger king counterparts,2021,TV-MA,42,"['crime', 'documentation']",['US'],1.0,tt16307970,6.2,1564.0,4.16,6.5,0.4939,0.0
ts272366,Amend : The Fight America,SHOW,united states america founded ideals freedom equality apply people stories brave americans fought right nations wrongs enshrine values hold dear constitution liberty justice,2021,TV-MA,58,"['war', 'documentation', 'history']",['US'],1.0,tt13972246,7.8,1281.0,14.953,7.0,0.9682,-0.3818
ts268102,Juvenile Justice,SHOW,tough judge balances aversion minor offenders firm beliefs justice punishment tackles complex cases inside juvenile court,2022,TV-MA,61,"['drama', 'crime']",['KR'],1.0,tt15553922,8.0,2633.0,63.286,8.2,-0.6908,0.5267
ts220553,The Irregulars,SHOW,set victorian london series follows gang troubled street teens manipulated solving crimes sinister doctor watson mysterious business partner elusive sherlock holmes,2021,TV-14,53,"['crime', 'drama', 'fantasy', 'thriller', 'scifi']",['GB'],1.0,tt10893694,5.9,14927.0,10.125,7.5,-0.7964,0.0
ts288195,Invisible City,SHOW,environmental police officer uncovers hidden world mythological entities brazilian folklore finds connection mysterious appearance dead river dolphin rio de janeiro beach death beloved wife,2021,TV-MA,37,"['thriller', 'drama', 'crime', 'fantasy']",['BR'],2.0,tt8878862,7.7,18.0,10.14,7.1,-0.7096,0.0
ts317297,The Orbital Children,SHOW,2045 two children born moon three kids earth try survive accident space station leaves stranded,2022,TV-14,32,"['scifi', 'animation', 'drama', 'fantasy']",['JP'],2.0,tt13351614,6.4,564.0,11.016,7.6,-0.4767,0.0
ts331439,My Little Pony : Make Your Mark,SHOW,series center adventures sunny starscout friends events depicted film,2022,TV-Y,45,"['comedy', 'scifi', 'music', 'animation', 'drama', 'family', 'fantasy']",['US'],1.0,tt14134334,6.0,136.0,400.035,8.1,0.8074,0.0
ts29800,Surviving Death,SHOW,happens die docuseries explores personal stories research neardeath experiences reincarnation paranormal phenomena,2021,TV-MA,54,"['documentation', 'reality']",['US'],1.0,tt13649692,6.1,2028.0,0.6,6.8,-0.5994,-0.4019
ts347762,Baby Fever,SHOW,fertility doctor drunkenly inseminates exboyfriends sperm scrambles explain pregnancy win back lost love,2022,TV-MA,32,"['drama', 'comedy', 'romance']",['DK'],1.0,tt19389564,6.2,532.0,7.276,6.3,0.7717,0.0
ts296563,Who Rules The World,SHOW,legendary wuxia romance focuses decadelong romance hei fengxi bai fengxi adventures embark together,2022,TV-PG,42,"['drama', 'fantasy', 'romance']",['CN'],1.0,tt14950036,8.3,530.0,16.75,5.9,0.8625,0.0
ts320502,Getting Curious Jonathan Van Ness,SHOW,jonathan van ness lets curiosity lead way roving snacks wigs podcast spinoff chockfull experts special guests,2022,TV-MA,26,"['comedy', 'reality']",['US'],1.0,tt16584084,6.8,741.0,2.01,7.7,0.4019,0.3182
ts286317,The Sons Sam : A Descent Into Darkness,SHOW,son sam case grew lifelong obsession journalist maury terry became convinced murders linked satanic cult,2021,TV-MA,60,"['crime', 'documentation', 'history']",['US'],1.0,tt13156316,7.0,8500.0,10.533,7.3,-0.5719,-0.25
ts301999,Open Your Eyes,SHOW,tragic accident amnesiac teen tries rebuild life memory disorders center becomes suspicious unconventional treatment,2021,TV-MA,47,"['thriller', 'drama', 'scifi']",['PL'],1.0,tt13495314,6.5,1464.0,14.064,7.2,-0.8225,0.0
ts271593,Spycraft,SHOW,spy game serious business throughout history tools technologies developed mattered much spies,2021,TV-MA,34,['documentation'],['US'],1.0,tt13789092,6.7,2044.0,7.337,6.9,-0.0772,0.0
ts327074,Bullsh * Game Show,SHOW,throughout game players work way money ladder either answering questions correctly confidently giving incorrect answers persuading others accurate,2022,TV-14,0,['reality'],['US'],1.0,tt16912298,6.1,750.0,1.125,7.2,0.6705,0.0
ts305263,Baking Impossible,SHOW,innovative bakers paired brightest engineers compete designing baking creations delicious made survive intense engineering stress tests,2021,TV-PG,49,['reality'],['US'],1.0,tt15171996,7.0,1114.0,4.722,6.3,0.8934,0.0
ts301914,Inspector Koo,SHOW,reclusive excop reenters game insurance investigator searching clues crime scenes perfectly staged serial killer midst,2021,TV-14,69,"['comedy', 'drama', 'thriller', 'crime', 'action']",['KR'],1.0,tt14731794,6.9,619.0,18.817,7.3,-0.5574,0.0
ts272939,The Lost Pirate Kingdom,SHOW,reallife pirates caribbean violently plunder worlds riches form surprisingly egalitarian republic documentary series,2021,TV-MA,43,"['documentation', 'drama', 'history']",['US'],1.0,tt14057360,6.6,2804.0,6.297,7.7,0.2023,-0.3182
ts308838,Bad Sport,SHOW,true crime sports come together docuseries global controversies scandals explored reports involved,2021,TV-MA,68,"['crime', 'documentation', 'sport']",[],1.0,tt15402912,7.3,2151.0,3.382,7.3,-0.5994,-0.5423
ts349845,Mr. Good : Cop Crook ?,SHOW,riveting docuseries norways top cop suspected drug trafficking investigators must ask good officer major criminal,2022,TV-14,51,"['documentation', 'crime']",['NO'],1.0,tt20113404,6.9,369.0,2.821,5.4,-0.1531,0.4404
ts349842,Rhythm + Flow France,SHOW,french rappers freestyle battle write way gamechanging 100000 euro prize music competition series judged niska shay sch,2022,TV-MA,42,"['reality', 'music']",['FR'],1.0,tt20192132,6.3,92.0,11.242,8.5,0.34,0.0
ts317422,Saturday Morning All Star Hits !,SHOW,follows skip treybor celebrate 80s 90s television,2021,TV-14,23,"['animation', 'comedy']",['US'],1.0,tt15977708,7.5,948.0,2.598,6.3,0.5719,0.0
ts287328,Yasuke,SHOW,wartorn feudal japan filled mechs magic greatest ronin never known yasuke struggles maintain peaceful existence past life violence local village becomes center social upheaval warring daimyo yasuke must take sword transport mysterious child target dark forces bloodthirsty warlords,2021,TV-MA,29,"['drama', 'action', 'scifi', 'animation', 'fantasy', 'thriller']",['US'],1.0,tt9310330,6.2,5150.0,8.838,7.81,0.1803,0.0
ts302489,Chicago Party Aunt,SHOW,chicago party aunt diane idolized troublemaker talent avoiding adulthood soft spot soulsearching nephew,2021,TV-MA,23,"['animation', 'comedy']",['US'],1.0,tt15125616,5.3,1488.0,4.25,6.5,0.0258,0.4019
ts304468,Thirty-Nine,SHOW,leaning thick thin trio best friends stand together experience life love loss brink turning 40,2022,TV-MA,73,"['drama', 'romance']",['KR'],1.0,tt15309342,7.9,150.0,6.647,9.4,0.8807,0.0
ts108621,Sky Rojo,SHOW,coral wendy gina go run search freedom chased romeo pimp las novias club henchmen moises christian,2021,TV-MA,27,"['drama', 'thriller', 'action', 'crime']",['ES'],3.0,tt8690776,6.5,8706.0,39.825,7.7,0.6369,0.0
ts307745,Money Heist : From Tokyo Berlin,SHOW,filmmakers actors behind money heist characters like tokyo professor talk emotional artistic process filming money heist,2021,TV-MA,53,"['documentation', 'crime', 'drama']",['ES'],2.0,tt15384346,7.7,890.0,712.899,7.391,0.4767,0.0
ts269493,Headspace Guide Meditation,SHOW,series shows meditation help daily life tackling stress embracing gratitude episode first teaches basics techniques practice concludes guided meditation push play close eyes explore many benefits meditation,2021,TV-G,22,"['documentation', 'animation']",['US'],1.0,tt13617024,8.4,1568.0,4.774,7.7,0.802,0.0
ts287703,Mine,SHOW,encaged goldclad life secrets lies two women conglomerate family seek topple stands way finding true joy,2021,TV-14,70,"['thriller', 'drama']",['KR'],1.0,tt14023192,7.7,1169.0,11.801,7.5,0.5859,0.0
ts310376,"Sex , Love & Goop",SHOW,courageous couples journey toward pleasurable sex deeper intimacy help gwyneth paltrow team experts reality series,2021,TV-MA,35,"['reality', 'comedy', 'romance']",['US'],1.0,tt15470160,4.7,768.0,5.597,5.9,0.8591,0.6369
ts317612,Love Blind : Japan,SHOW,reality dating series marriageminded singles japan meet date get engaged ever setting eyes,2022,TV-PG,57,"['reality', 'romance']",['JP'],2.0,tt15943826,7.1,535.0,2.581,7.5,0.4019,0.3612
ts282291,Generation 56K,SHOW,told two points view couple begins dating era 56k modem navigates relationship next two decades,2021,TV-14,30,"['drama', 'romance', 'comedy']",['IT'],1.0,tt13524842,7.4,2427.0,5.375,7.3,0.0,0.0
ts258415,Elves,SHOW,christmas vacation turns nightmare teenager family discover ancient menace stalks island getaway,2021,TV-14,24,"['thriller', 'family', 'drama', 'fantasy', 'horror', 'scifi']",['DK'],1.0,tt13231962,5.5,4165.0,45.71,7.0,-0.4939,0.0
ts297675,Sexy Beasts,SHOW,hoping say goodbye superficial dating reallife singles sport elaborate makeup prosthetics put true blinddate chemistry test,2021,TV-14,23,"['reality', 'romance']",[],2.0,tt14916746,4.6,1133.0,36.721,5.9,0.6808,0.5267
ts310335,Insiders,SHOW,twelve people think theyre final casting round reality show fact theyre already secretly filmed 100000 euros stake,2021,TV-MA,46,['reality'],['ES'],2.0,tt15436028,4.2,742.0,4.397,6.9,0.0,0.0
ts301196,Top Secret UFO Projects : Declassified,SHOW,though claims extraterrestrial encounters long dismissed many believe existence ufos likely certainty,2021,TV-PG,44,['documentation'],['GB'],1.0,tt14992232,5.5,1426.0,22.071,7.3,0.25,0.2023
ts250998,Dirty Lines,SHOW,story dirty lines starts 1987s amsterdam time dutch society changing rapidly psychology student marly salomon takes side job working brand new firm teledutch company started two brothers frank ramon stigter established europes first erotic telephone lines frank ramon become rich overnight marly finds immersed wild rapid transformation final years cold war sparked sense hope inspired new generation celebrate life fullest amsterdam became center cultural revolution radically new form music house new love drug xtc erotic phone lines offer opportunity experience anonymous sex new way changing morality consumers also much people creating,2022,TV-MA,46,"['drama', 'history']",['NL'],1.0,tt14859224,7.4,1840.0,5.758,8.3,0.9485,-0.4404
ts320426,Crime Scene : The Times Square Killer,SHOW,1970s nyc torso killer preys women fulfill grotesque fantasies eluding police docuseries dive crimes darkest places,2021,TV-MA,49,"['thriller', 'documentation', 'crime', 'history']",['US'],1.0,tt16027926,6.5,3974.0,5.848,7.125,-0.6808,-0.8316
ts343427,Samurai Rabbit : The Usagi Chronicles,SHOW,teenage rabbit aspiring become real samurai teams new warrior friends protect city yokai monsters ninjas evil aliens,2022,TV-Y7,25,"['animation', 'action', 'comedy', 'family', 'fantasy', 'scifi']",['US'],1.0,tt12717354,6.5,407.0,5.716,6.7,0.0772,0.0
ts243780,Sharkdog,SHOW,10 year old max best friend sharkdog half shark half dog appetite blissfully unaware strength stealth general sharkiness sharkdog often leaves trail chaos wake,2021,TV-Y,23,"['animation', 'comedy', 'family']","['SG', 'US']",2.0,tt12211696,5.8,168.0,36.732,9.3,0.7003,0.0
ts246178,Eden,SHOW,thousands years future city known eden 3 inhabited solely robots whose former masters vanished long time ago routine assignment two farming robots accidentally awaken human baby girl stasis questioning taught believe humans nothing forbidden ancient myth together two robots secretly raise child safe outside eden,2021,TV-PG,25,"['animation', 'drama', 'scifi', 'reality', 'family', 'fantasy', 'action']",['JP'],1.0,tt10545250,6.6,1159.0,11.578,7.0,0.3468,0.0
ts283676,Last Chance U : Basketball,SHOW,hit hardwood east los angeles coach strong convictions leads young men hope fulfill major college potential,2021,TV-MA,57,"['documentation', 'sport']",['US'],1.0,tt13087512,8.3,2531.0,9.485,7.7,0.8442,0.25
ts215989,Snabba Cash,SHOW,entrepreneurial jet set criminal world brutal chaotic ruthless ever two worlds collide loyalty friendships business partners tested neverending quest easy money,2021,TV-MA,43,"['crime', 'drama', 'thriller', 'action']",['SE'],2.0,tt10540276,7.6,8380.0,6.964,7.1,-0.4588,0.0
ts308511,Back 15,SHOW,unhappy work personal life anita discovers way travel back age 15 change past,2022,TV-14,0,"['drama', 'comedy']",['BR'],1.0,tt15301854,6.6,662.0,5.829,6.3,-0.4215,0.0
ts320075,Aranyak,SHOW,foreign teenage tourist goes missing misty village kasturi frazzled local cop forced team citybred successor angad highprofile case unearths skeletons resurrects longforgotten legend savage serial killer woods,2021,TV-MA,43,"['thriller', 'drama', 'crime']",['IN'],1.0,tt14167344,7.9,7629.0,4.389,7.7,-0.891,0.0
ts280892,"Devotion , Story Love Desire",SHOW,fidelity tells story marital fidelity particular one carlo margherita young couple needs face deflagrant consequences alleged betrayal relationship becomes symbol fidelity couple also personal choices made every day,2022,TV-MA,40,"['drama', 'romance']",['IT'],1.0,tt13956560,6.4,1500.0,13.644,6.8,-0.5859,0.872
ts223450,Move Heaven,SHOW,finding life thats left behind trauma cleaner aspergers excon uncle deliver untold stories departed loved ones,2021,TV-MA,52,['drama'],['KR'],1.0,tt11052470,8.6,5634.0,15.536,7.8,0.4215,0.5106
ts257504,Heirs Land,SHOW,resourceful young hugo llor works make name 14thcentury barcelona keeping vow made estanyol family,2022,TV-MA,54,"['drama', 'history', 'comedy', 'scifi']",['ES'],1.0,tt13308276,7.0,947.0,11.208,6.0,0.0,0.0
ts312200,I Am Georgina,SHOW,join georgina rodrguez mom influencer businesswoman cristiano ronaldos partner emotional indepth portrait daily life,2022,TV-14,41,['reality'],['ES'],1.0,tt15494864,3.9,2879.0,43.523,7.3,0.4215,0.0
ts346500,Wild Babies,SHOW,adventures lion cubs elephants penguins pangolins learn cope ups downs life wild try best reach adulthood unforgiving world,2022,TV-PG,30,['documentation'],['GB'],1.0,tt19398016,7.7,421.0,3.289,7.6,0.7717,0.0
ts302312,Jaguar,SHOW,1960s spain holocaust survivor joins group agents seeking justice hundreds nazis fled nation hide wwii,2021,TV-MA,45,"['drama', 'war', 'action', 'history']",['ES'],1.0,tt11698590,5.7,1766.0,30.462,7.1,0.6369,0.0
ts317720,Coming Out Colton,SHOW,former nfl player bachelor star colton underwood embarks journey embrace new life member lgbtq community,2021,TV-MA,33,['reality'],['US'],1.0,tt14527650,6.7,1142.0,2.167,7.6,0.3182,0.0
ts255486,Godzilla Singular Point,SHOW,brought together mysterious song grad student engineer lead fight unimaginable force may spell doom world,2021,TV-14,25,"['animation', 'action', 'scifi', 'thriller']",['JP'],1.0,tt13229964,6.5,1673.0,21.135,7.218,-0.6486,0.0
ts312094,JAPAN SINKS : People Hope,SHOW,2023 tokyo prime minister eiichi higashiyama pushes coms world environment conference coms method liquify pollutants store crack sea floor prime minister eiichi higashiyama gathers young talented bureaucrats launches japan future promotion conference benefit future japan keishi amami ministry environment kichi tokiwa ministry economy trade industry members conference,2021,TV-14,55,"['scifi', 'war', 'drama']",['JP'],1.0,tt15569106,6.0,5.0,7.557,6.5,0.743,0.4404
ts258358,The Life Movies Erşan Kuneri,SHOW,story erotic film producer director ersan kuneri 70s 80s,2022,TV-MA,48,['comedy'],['TR'],1.0,tt13238304,6.7,11145.0,4.766,7.7,0.0,0.0
ts283528,This Is Pop,SHOW,uncover real stories behind favorite pop songs docuseries charts impact festival scene autotune boy bands,2021,TV-MA,44,"['music', 'documentation']",['CA'],1.0,tt14155414,6.9,1131.0,3.364,7.6,0.7351,0.0
ts276067,Maldivas,SHOW,investigate mystery young woman moves posh condo community comes contact quirky suspicious residents,2022,TV-MA,36,"['comedy', 'drama']",['BR'],1.0,tt13561292,5.6,961.0,159.929,7.2,-0.3612,0.0
ts320335,Summer Heat,SHOW,group young adults working paradisiac resort live unforgettable summer discover love true friendships devastating secrets,2022,TV-MA,48,"['drama', 'romance']",['BR'],1.0,tt14655298,5.6,281.0,7.658,7.8,0.6486,0.0
ts320302,Neymar : The Perfect Chaos,SHOW,beloved worldwide also lightning rod criticism neymar shares highs lows personal life brilliant football career,2022,TV-MA,55,"['documentation', 'sport']","['BR', 'US']",1.0,tt16428640,6.6,3158.0,31.57,7.316,0.6808,0.0
ts257873,Dive Club,SHOW,dive club follows story feisty group teen divers search friend disappears cyclone hits cape mercy small coastal town,2021,TV-PG,27,"['drama', 'family']",['AU'],1.0,tt13275052,6.1,869.0,8.506,6.8,0.5106,0.0
ts296129,Elite Short Stories : Guzmán Caye Rebe,SHOW,rebe hosts intimate house warming party friends situation takes dramatic turn help drugs unexpected visitors,2021,TV-MA,12,"['drama', 'crime', 'thriller']",['ES'],1.0,tt14668192,7.4,2319.0,19.939,8.2,0.8442,0.0
ts331681,Trivia Quest,SHOW,history art science pop culture quiz across varying levels difficulty interactive trivia series,2022,TV-G,9,"['family', 'fantasy', 'animation']",['US'],1.0,tt18393972,5.7,202.0,3.207,5.7,-0.34,0.0
ts320872,Queer Eye Germany,SHOW,five experts lifestyle fashion beauty health design known fab five dazzle nation transform lives makeover series,2022,TV-14,50,['reality'],['DE'],1.0,tt16369694,7.2,1114.0,1.621,1.0,0.7783,0.0
ts328317,Alessandro Cattelan : One Simple Question,SHOW,alessandro cattelan searches happiness interviews unique experiences celebrity guests like paolo sorrentino roberto baggio,2022,TV-MA,30,"['comedy', 'reality']",['IT'],1.0,tt15326678,6.5,209.0,1.302,6.7,0.7269,0.0
ts296179,The War Next-door,SHOW,two antagonistic families end living next door posh neighborhood matriarchs ensue fullscale war unintended consequences,2021,TV-MA,33,['comedy'],['MX'],2.0,tt14821886,5.7,444.0,82.278,7.3,-0.765,-0.5994
ts269286,Once Upon Time ... Happily Never After,SHOW,tragically separated couple must find another life break spell town arrival two tourists threaten chance,2022,TV-MA,30,"['scifi', 'comedy', 'fantasy']",['ES'],1.0,tt13560186,5.4,496.0,73.753,7.5,-0.6486,0.5574
ts306322,The Unlikely Murderer,SHOW,assassination prime minister olof palme 1986 stig engstrm managed elude justice right death combination audacity luck perplexed police force,2021,TV-MA,46,"['drama', 'crime']",['SE'],1.0,tt13735930,7.0,4129.0,4.575,7.3,-0.5719,-0.6808
ts104362,Kid Cosmic,SHOW,young boy dreams becoming hero stumbles across cosmic stones power dreams appear come true,2021,TV-Y7,22,"['comedy', 'family', 'fantasy', 'scifi', 'animation', 'action']",['US'],3.0,tt9248538,7.9,1414.0,13.314,8.8,0.8957,0.0
ts345976,The Boss Baby : Back Crib,SHOW,framed corporate crime adult ted templeton turns back boss baby live undercover brother tim posing one kids,2022,TV-Y7,24,"['animation', 'comedy', 'family', 'fantasy']",['US'],1.0,tt19361940,6.2,159.0,116.587,7.563,-0.5423,0.0
ts313849,Blown Away : Christmas,SHOW,tis season five returning artists fill hot shop festive designs one win cash stocking merry christmas indeed,2021,TV-PG,29,['reality'],[],1.0,tt15665668,6.7,502.0,0.6,7.5,0.8834,0.0
ts283610,Feels Like Ishq,SHOW,short films follow young adults navigate gamut emotions come finding romantic connection unexpected places,2021,TV-MA,31,"['drama', 'romance', 'comedy']",['IN'],1.0,tt14163838,6.4,1550.0,2.428,6.0,0.4019,0.3612
ts309676,The World 's Most Amazing Vacation Rentals,SHOW,eye every budget three travelers visit vacation rentals around globe share expert tips tricks reality series,2021,TV-PG,34,"['documentation', 'reality']",['US'],2.0,tt14691382,6.7,1317.0,6.262,7.4,0.1779,0.624
ts280693,Thomas & Friends : All Engines Go !,SHOW,reboot classic tv series younger thomas tank engine goes adventures friends work island sodor,2021,TV-Y,11,"['animation', 'fantasy', 'drama', 'family', 'music', 'comedy']",['US'],1.0,tt13940396,2.0,555.0,1.287,8.0,0.6705,0.5255
ts285469,Headspace Guide Sleep,SHOW,learn sleep better headspace episode unpacks misconceptions offers friendly tips concludes guided winddown,2021,TV-G,19,"['documentation', 'animation']",['US'],1.0,tt14318406,6.8,466.0,3.01,8.3,0.7269,0.0
ts287802,Penguin Town,SHOW,picturesque south african town eclectic group endangered penguins flock together find mates raise families mix locals,2021,TV-G,30,"['documentation', 'comedy', 'drama', 'family']",['ZA'],1.0,tt14677850,7.8,848.0,2.461,7.8,0.3818,0.0
ts257315,Karma 's World,SHOW,lyrically gifted middle schooler karma juggles rap dreams rhyme schemes using talent ambition heart solve problem,2021,TV-Y,12,"['animation', 'comedy', 'family']",['US'],3.0,tt13321232,5.8,156.0,11.039,7.0,0.5574,0.0
ts299321,Dogs Space,SHOW,notsodistant future earths scientists send fleet genetically enhanced dogs explore galaxy search new planet call home,2021,TV-Y7,22,"['family', 'fantasy', 'scifi', 'animation', 'action', 'comedy']",['US'],1.0,tt14906826,7.1,609.0,7.154,7.4,0.0,0.0
ts317144,Adventure Beast,SHOW,brave zoologist spunky niece anxious assistant explore world saving wild beasts adult animated educationalcomedy series,2021,TV-MA,19,"['comedy', 'animation']",['US'],1.0,tt15478708,5.2,569.0,3.268,7.4,0.34,0.3182
ts325756,Midnight Asia : Eat · Dance · Dream,SHOW,night brings playful side asias metropolises docuseries captures food drink music night owls shine dark,2022,TV-MA,37,['documentation'],['SG'],1.0,tt16583602,6.6,518.0,1.766,6.0,0.4404,0.25
ts260502,Until Life Do Us Part,SHOW,family paixo runs farm wedding parties business going well love parents vanessa daniel appears ended grandparents luisa joaquim seem inseparable children rita marco completely distinct opinions love,2021,TV-MA,49,['drama'],['PT'],1.0,tt13053042,7.5,663.0,2.681,9.2,0.9217,0.0
ts320557,Elite Short Stories : Patrick,SHOW,away school winter holidays three new stories take place las encinas students celebrate christmas,2021,TV-MA,12,"['comedy', 'drama']",['ES'],1.0,tt16306836,6.1,737.0,51.19,7.3,0.743,0.0
ts296069,Elite Short Stories : Omar Ander Alexis,SHOW,remission ander set spending summer helping alexis chemo partner go treatment,2021,TV-MA,12,"['drama', 'crime', 'thriller']",['ES'],1.0,tt14676004,7.3,1952.0,21.175,7.6,0.296,0.0
ts287149,Hype House,SHOW,humble beginnings overnight fame stories popular personalities social media come fall love tackle new chapters lives,2022,TV-14,32,['reality'],['US'],1.0,tt15257704,2.1,2915.0,3.204,5.8,0.872,0.0
ts239188,Kitz,SHOW,year tragic death brother lisi enters decadent world munich clique ski resort soon kicks avalanche reveals truth behind facade full glamor money hedonism,2021,TV-MA,44,"['drama', 'thriller']","['AT', 'DE']",1.0,tt12104930,5.7,2392.0,5.661,7.4,-0.3612,0.0
ts297685,I Need Romance,SHOW,33yearold fashion marketing director home shopping channel company developed tough prickly outer shell order succeed workplace multiple failed relationships given idea ever finding love 26yearold songwriter carefree spirit returns home living abroad seventeen years raised mothers friend daughter 33yearold fashion marketing director remembers kid forced play mom busy two meet attempts heal jaded sense romance,2021,TV-14,45,"['drama', 'romance']",['TH'],1.0,tt16077338,7.8,30.0,1.39,6.0,0.8658,0.5574
ts308002,The Five Juanas,SHOW,five women birthmark set unravel truth pasts discover tragic web lies spun powerful politician,2021,TV-MA,39,['drama'],['MX'],1.0,tt15377930,6.9,1813.0,63.62,7.4,-0.1779,0.0
ts271517,The Crew,SHOW,owner fictional nascar bobby spencer racing team steps passes team daughter catherine crew chief protect crew attempts modernize,2021,TV-14,27,['comedy'],['US'],1.0,tt10971022,6.5,5528.0,9.56,7.1,0.3818,0.0
ts257271,The Time It Takes,SHOW,lina moves house looks new job tries new things attempt forget first love starring nadia de santiago lvaro cervantes,2021,TV-MA,13,"['drama', 'romance', 'comedy']",['ES'],1.0,tt13322938,7.1,1271.0,6.598,7.1,0.5106,0.0
ts296059,Elite Short Stories : Carla Samuel,SHOW,samuel attempts big romantic gesture airport order persuade carla board flight london,2021,TV-MA,14,"['drama', 'romance']",['ES'],1.0,tt14675560,6.9,2685.0,43.992,7.6,0.4019,0.0
ts306068,Luna Park,SHOW,1960s rome meeting freespirited young woman grew familys circus girl wealthy descent leads secrets intrigue unexpected loves,2021,TV-MA,50,"['drama', 'romance']",['IT'],1.0,tt15349110,6.4,721.0,4.545,8.1,0.7351,0.0
ts346007,Savage Beauty,SHOW,savage beauty rosemary zimu plays zinhle first young woman tragic past determined take revenge bhengus family destroyed lot lives infernal vision grace bhengu used street children test toxic beauty product many children children one survivors developed particular vengeance knows play smart play powerful family,2022,TV-MA,51,['drama'],['US'],1.0,tt19671142,5.0,339.0,4.011,6.7,0.91,0.2023
ts317526,Selling Tampa,SHOW,along florida coast allure realty stands among crowd owned military vet sharelle rosado black female real estate firm eyes set dominating suncoast ladies equally fun fiercely ambitious vying top lavish world luxury waterfront real estate sharelle big plans brokerage wont let anyone anything get way making dreams reality,2021,TV-MA,40,['reality'],['US'],1.0,tt16227948,4.5,797.0,1.82,10.0,0.8271,0.0
ts216407,Age Samurai : Battle Japan,SHOW,exploration warring kingdoms feudal japan several powerful warlords fought become absolute ruler,2021,TV-MA,43,"['documentation', 'action', 'drama', 'history', 'war']",['US'],1.0,tt10551256,7.4,4119.0,31.152,7.1,-0.3182,-0.3818
ts306510,Octonauts : Above & Beyond,SHOW,octonauts expand exploration beyond sea onto land new rides new friends theyll protect habitats animals risk,2021,TV-Y,25,"['animation', 'family']",['KR'],2.0,tt15211330,7.2,82.0,4.775,8.5,0.7783,0.0
ts270798,Love ( ft . Marriage Divorce ),SHOW,everything comes unraveling three successful women work radio show twists turns troubles plague seemingly happy marriages,2021,TV-PG,69,"['drama', 'romance']",['KR'],3.0,tt13814840,6.6,467.0,24.115,6.3,0.6705,0.6369
ts302056,Titletown High,SHOW,georgia town football rules winning paramount high school team tackles romance rivalries real life vying title,2021,TV-14,34,"['reality', 'sport']",['US'],1.0,tt15192032,5.5,332.0,2.146,5.6,0.7906,0.0
ts273318,Country Comfort,SHOW,upandcoming young country singer accepts job nanny musical family finds bond shes always missed,2021,TV-PG,24,"['drama', 'family', 'music', 'action', 'comedy']",['US'],1.0,tt11717394,6.8,3432.0,4.962,7.8,0.0258,0.3612
ts331449,Hei $ : The Great Robbery Brazil 's Central Bank,SHOW,august 2005 tunnel almost 80 meter long thiefs invaded bank vault brazils central bank fortaleza stole 160 milions reais ou nealy 35 tons cash documenty explores spectacular historic heist,2022,TV-14,61,"['documentation', 'crime']",['BR'],1.0,tt18274172,6.4,525.0,5.81,6.4,0.0,0.6249
ts283639,Decoupled,SHOW,follows writer wife announce divorce party ends exposing absurd relationships world,2021,TV-MA,31,"['comedy', 'drama']",['IN'],1.0,tt14167338,8.0,6379.0,3.252,8.2,0.1531,0.0
ts296091,Elite Short Stories : Nadia Guzmán,SHOW,nadia feels conflicted whether see long distance boyfriend guzmn returns spain sisters wedding,2021,TV-MA,11,"['drama', 'romance']",['ES'],1.0,tt14671790,6.2,1907.0,24.675,7.5,0.0,0.0
ts271720,Pui Pui Molcar,SHOW,setting world people drive sentient vehicles hybrids guinea pigs cars molcars molcars round eyes big soft butts short arms legs trot along run around silly look face even youre stuck traffic put ease gazing guinea pig butt front even cause bit trouble easy forgive theyre cute fluffy animation focusing various situations unique cars full satisfaction friendship adventure crazy action tons guinea pigs,2021,TV-Y7,2,"['animation', 'comedy', 'family']",['JP'],1.0,tt14202738,8.1,366.0,3.148,8.6,0.891,0.0
ts289364,Cat People,SHOW,cat people tells stories remarkable surprising cat people world defying negative stereotypes revealing truth means love fiercely independent creatures,2021,TV-14,32,['documentation'],['US'],1.0,tt14818454,6.3,282.0,3.255,6.3,0.8176,0.0
ts293814,Sparking Joy Marie Kondo,SHOW,reality series marie kondo brings joyful tidying tactics people struggling balance work home life shares world,2021,TV-PG,42,"['drama', 'history', 'reality']",[],1.0,tt14550060,6.3,360.0,2.602,7.3,0.5106,0.5859
ts288997,Human : The World Within,SHOW,diverse personal stories around world reveal lives passions goals facilitated human bodys various complex systems,2021,TV-PG,53,['documentation'],['US'],1.0,tt14574154,6.8,733.0,3.625,8.7,0.4939,0.0
ts282133,City Ghosts,SHOW,meet ghost club adventures take around los angeles interview ghosts solve problems learn citys history,2021,TV-Y7,19,"['animation', 'drama']",['FR'],1.0,tt15477516,6.1,10.0,2.639,7.3,-0.2023,0.0
ts289261,Transformers : BotBots,SHOW,lights go mall botbots come play meet funloving crew everyday objects morph robots closing time,2022,TV-Y,25,"['animation', 'action', 'comedy', 'family', 'fantasy', 'scifi']",['US'],1.0,tt14202476,6.9,73.0,7.226,6.0,0.34,0.0
ts287045,Fatma,SHOW,reeling tragedy nondescript house cleaner embarks murderous streak searches missing husband reckons old wounds,2021,TV-MA,42,"['drama', 'thriller', 'crime']",['TR'],1.0,tt11961378,7.4,8396.0,5.689,7.4,-0.8779,0.0
ts342479,Super PupZ,SHOW,four pups superpowers team help new friends furry alien comrade cuddly cosmic adventure,2022,TV-Y7,29,"['comedy', 'family', 'fantasy', 'scifi']",['CA'],1.0,tt18469966,6.6,104.0,2.232,10.0,0.7964,0.5994
ts300274,Cooking With Paris,SHOW,paris hilton cookkind shes turning traditional cooking show upside shes trained chef shes trying help celebrity friends navigates new ingredients new recipes exotic kitchen appliances,2021,TV-MA,23,['reality'],['US'],1.0,tt15036422,5.2,1078.0,4.578,6.5,0.7003,0.0
ts271726,Go Dog Go,SHOW,handy inventive pup tag chases adventure best pal scooch solving problems helping citizens pawston along way,2021,TV-Y,24,"['animation', 'family']",['US'],2.0,tt10687202,7.0,191.0,8.592,8.8,0.8126,0.0
ts310628,MaveriX,SHOW,six young motocross riders come together form team make national titles crash trying biggest win might friends make life,2022,TV-G,23,"['drama', 'family', 'sport', 'action']",['AU'],1.0,tt15373864,5.8,140.0,9.568,8.0,0.6369,0.0
ts300456,My Unorthodox Life,SHOW,personal professional life fashion mogul julia haart former member ultraorthodox jewish community turned ceo elite world group,2021,TV-MA,40,['reality'],['US'],1.0,tt14398500,5.5,1207.0,1.772,7.0,0.0,0.0
ts302714,The Kingdom,SHOW,running mates murder controversial televangelist becomes argentinas presidential candidate nothing holy seems,2021,TV-MA,45,"['crime', 'drama']",['AR'],1.0,tt15068148,6.5,1366.0,5.703,7.3,-0.7579,0.0
ts288545,We People,SHOW,learn basics rights citizenship upbeat songs popular artists like janelle mone adam lambert brandi carlile,2021,TV-Y7,5,"['animation', 'comedy', 'family', 'music']",['US'],1.0,tt14770480,3.6,738.0,1.43,4.5,0.6486,0.0
ts299485,A Tale Dark & Grimm,SHOW,follow hansel gretel walk story winding wickedly witty tale full strange scary surprises,2021,TV-Y7,30,"['animation', 'action', 'comedy', 'family', 'fantasy']","['ES', 'US']",1.0,tt2386826,7.3,1193.0,12.989,7.8,-0.7351,0.0
ts301609,Love Is Blind : Brazil,SHOW,dating experiment comes brazil local singles look true love get engaged without meeting person face face,2021,TV-MA,56,"['reality', 'romance']",['BR'],1.0,tt15018224,6.1,445.0,3.182,6.4,0.8658,0.3612
ts297065,Tattoo Redo,SHOW,bad tattoos walk great tattoos walk top artists transform tattoo disasters stunning coverups designs chosen clients loved ones,2021,TV-MA,28,['reality'],['US'],1.0,tt14956090,5.9,702.0,3.722,5.6,0.6486,0.0
ts285724,2020,SHOW,seeking revenge woman goes village brother killed ride becomes bumpy finds falling love,2021,TV-14,45,"['drama', 'crime', 'thriller']",['LB'],2.0,tt13377006,7.9,371.0,1.63,9.5,-0.6486,0.0
ts288065,Naomi Osaka,SHOW,feel like one best tennis players world intimate look inside life one gifted complex athletes generation offers insight tough decisions ecstatic triumphs shape naomi osaka elite global superstar young woman navigating pressurefilled world,2021,TV-14,37,"['documentation', 'sport']",['US'],1.0,tt11898920,6.2,1301.0,3.832,7.5,0.91,0.0
ts272515,Dealer,SHOW,tensions erupt two filmmakers infiltrate area ruled gangs shoot music video rapper gritty foundfootage series,2021,TV-MA,41,"['action', 'drama', 'thriller', 'crime']",['FR'],1.0,tt13702252,6.1,671.0,3.65,7.0,-0.6249,0.0
ts257345,Wild Abandon,SHOW,haze midlife crisis architect begins living double life punk members family lead crisisridden lives,2022,TV-MA,51,"['drama', 'comedy']",['TR'],1.0,tt13317478,7.1,4976.0,2.448,7.6,-0.6249,-0.4404
ts291150,Soil,SHOW,young entrepreneur turns belgiums moroccan community head trying change funeral tradition,2021,TV-MA,48,"['comedy', 'drama']",['BE'],1.0,tt14319674,7.1,710.0,2.744,8.0,-0.3612,0.0
ts320183,Single ’ Inferno,SHOW,deserted island flirtatious singles look love couple leave island romantic date paradise,2021,TV-PG,61,['reality'],['KR'],2.0,tt16283666,7.1,1608.0,4.016,8.3,0.9081,0.0
ts315144,The Creature Cases,SHOW,follows sam snow kit casey two brilliant agents solve mysteries mix real zoological facts wild detective action,2022,TV-Y,29,"['animation', 'comedy', 'family', 'action']",['US'],1.0,tt15527326,8.5,88.0,21.913,7.0,0.6808,0.0
ts309235,Christmas Flow,SHOW,unlikely christmas romance blossoms famous rapper tenacious journalist make work despite differences,2021,TV-MA,50,"['romance', 'comedy', 'music']",['FR'],1.0,tt15340790,5.7,728.0,7.289,6.9,0.5574,0.0
ts90023,AlRawabi School Girls,SHOW,bullied outcasts prestigious al rawabi school girls plot series risky takedowns get back tormentors,2021,TV-14,48,['drama'],['JO'],2.0,tt10183912,7.3,5863.0,12.219,7.4,-0.7096,0.0
ts346034,Blood Sisters,SHOW,connected dangerous secret best friends sarah kemi forced flee wealthy groom disappears engagement party,2022,TV-MA,57,"['drama', 'crime', 'thriller']","['US', 'NG']",1.0,tt19398068,5.0,867.0,6.182,8.7,0.7906,0.0
ts226392,Sexify,SHOW,build innovative sex app win tech competition sexually inexperienced student friends must explore daunting world intimacy,2021,TV-MA,44,"['comedy', 'drama']",['PL'],1.0,tt14315542,6.5,5052.0,11.407,7.6,0.8689,0.0
ts287941,Racket Boys,SHOW,story boys badminton team middle school haenam compete junior athletic competition 16 year old boys girls haenam grow people time,2021,TV-14,71,"['family', 'drama', 'comedy', 'sport']",['KR'],1.0,tt14482414,4.0,27566.0,6.51,8.7,0.0,0.0
ts320407,The Future Diary,SHOW,reality series complete strangers meet receive diary holding script love story true romance follow,2021,TV-PG,34,"['reality', 'romance']",['JP'],2.0,tt15567380,6.8,129.0,2.677,8.5,0.891,0.0
ts288540,Ray,SHOW,satire psychological thriller four short stories celebrated auteur writer satyajit ray adapted screen series,2021,TV-MA,59,"['drama', 'thriller', 'crime']",['IN'],1.0,tt14160660,7.1,8795.0,5.791,6.8,0.6249,0.0
ts356275,Johnny Test,SHOW,much trouble could one imaginative boy faithful dog two scienceloving sisters possibly get hmm sounds like challenge,2021,TV-Y,14,"['comedy', 'animation', 'family', 'scifi', 'action']",['US'],2.0,tt15061770,6.4,355.0,5.835,7.5,0.4588,0.0
ts235563,Daughter Another Mother,SHOW,finding babies switched birth two women develop plan adjust new lives creating single peculiar family,2021,TV-MA,38,"['romance', 'comedy', 'drama', 'fantasy']",['MX'],2.0,tt11937732,7.2,1812.0,63.194,7.5,0.4215,0.0
ts292662,Johnny Hallyday : Beyond Rock,SHOW,johnny hallyday words intimate docuseries explores life career frances rock icon archival film interviews,2022,TV-14,35,"['documentation', 'music']",['US'],1.0,tt14465966,7.1,120.0,0.736,7.0,0.0,0.0
ts330012,Eternally Confused Eager Love,SHOW,often misguided cheeky imaginary wizard awkward lonely 20something struggles get way quest girlfriend,2022,TV-MA,23,"['comedy', 'romance']",['IN'],1.0,tt18274188,6.7,1680.0,6.09,6.4,-0.6808,0.6597
ts282155,Zero,SHOW,teenager make invisible used idiot take control neighborhood meets mysterious art student,2021,TV-MA,24,"['scifi', 'action', 'comedy', 'drama', 'fantasy']",['IT'],1.0,tt10619486,5.6,1302.0,6.765,7.6,-0.5106,0.0
ts188861,Battle Kitty,SHOW,futuristicmedieval world warriors must find defeat monsters battle island collecting coveted keys order become champion cut kitty orc two best friends mission help kitty become champion way cuteness friendship two embark journey championhood facing many obstacles naysayers discover surprise waiting ancient ruins,2022,TV-Y7,33,"['animation', 'fantasy', 'scifi', 'action', 'comedy', 'family']",['US'],1.0,tt10050740,6.3,123.0,1.639,8.0,0.9313,-0.3818
ts316965,Ridley Jones,SHOW,curious kid ridley friends protect museum natural historys treasures keep magical secret safe everything comes alive night,2021,TV-Y,28,"['animation', 'comedy', 'family', 'fantasy']",['US'],3.0,tt13351440,4.6,232.0,9.494,8.0,0.9501,0.0
ts302058,Everything Will Be Fine,SHOW,separated couple live together childs sake satirical dramedy means good parent spouse todays world,2021,TV-MA,29,"['comedy', 'drama']",['MX'],1.0,tt15101964,6.2,342.0,3.012,7.3,0.4404,0.2023
ts321437,Fishbowl Wives,SHOW,due accident sakura hiraga gave dream married husband runs hair salon live luxurious penthouse apartment life seems glamorous envied everyone everyone know sakura hiraga abused physically verbally husband unable leave situation sakura hiraga considers goldfish fishbowl one day due goldfish meets man,2022,TV-MA,43,"['drama', 'romance']",['JP'],1.0,tt15410190,6.1,907.0,27.937,6.5,-0.5267,0.0
ts345779,Barbie : It Takes Two,SHOW,barbie malibu roberts barbie brooklyn roberts chase dreams musical stardom,2022,TV-G,21,"['comedy', 'family', 'animation']",['US'],1.0,tt19178656,6.3,33.0,10.972,8.3,0.4019,0.0
ts282214,Let 's Fight Ghost,SHOW,cohabitation comedy ghost high school girl dead 5 years exorcist college boy ability see hear ghosts hes discovered years touch fight hes need parttime job cant find one pays well enough starts putting ads online exorcist hire ad face ghosts chances winning virgin ghosts 80 bachelor ghosts 40 child ghosts 97 rest 50 one night goes job faces schoolgirl ghost fight accidentally kiss sparks fly,2021,TV-14,65,"['drama', 'thriller', 'action', 'fantasy', 'horror', 'romance']",['TH'],1.0,tt14168868,6.7,108.0,4.859,9.0,-0.3818,-0.5994
ts329711,"Love , Life & Everything Between",SHOW,black humor panarabic anthology series love general relationships particular,2022,TV-14,27,"['comedy', 'drama', 'romance']","['MA', 'SA', 'TN', 'EG', 'LB']",1.0,tt18253682,5.6,94.0,3.344,6.0,0.743,0.6369
ts14520,Action Pack,SHOW,heroic kids action academy take bad guys hearts wits superpowers bring best,2022,TV-Y,28,"['family', 'action', 'animation', 'fantasy', 'scifi', 'comedy']",['US'],2.0,tt15527308,6.3,86.0,5.8,8.2,0.6486,0.0
ts326029,Savage Rhythm,SHOW,opposite worlds two dancers colombia clash dance floor ambition succeed leads treacherous path,2022,TV-MA,38,"['drama', 'music']",['CO'],1.0,tt17076336,6.3,28.0,82.74,7.7,0.4939,-0.4588
ts330132,800 Meters,SHOW,aug 17 2017 spain suffers two terrorist attacks perpetrated young people integrated spanish society could something like happen,2022,TV-MA,53,"['documentation', 'crime']",['ES'],1.0,tt13323170,6.9,560.0,2.177,5.0,-0.8481,0.0
ts297763,Myth Mogul : John DeLorean,SHOW,automotive world john delorean rose engineer executive icon hood selfcreated legend lies darkness deceit,2021,TV-14,44,"['documentation', 'crime']",['US'],1.0,tt14968268,6.8,1056.0,3.793,6.9,-0.7783,0.0
ts61384,My Love : Six Stories True Love,SHOW,inspired acclaimed korean documentary love dont cross river poignant series love documents year lives six elderly couples around world globetrotting brazil india japan korea us spain sixpart docuseries gets heart longlasting love,2021,TV-PG,70,"['reality', 'romance', 'documentation']",['US'],1.0,tt14267526,7.5,291.0,1.265,5.0,0.9501,0.9042
ts321084,Framed ! A Sicilian Murder Mystery,SHOW,two hapless tv technicians stumble upon murder scene every step take avoid becoming suspects lands deeper trouble,2022,TV-MA,31,"['comedy', 'crime']",['IT'],1.0,tt16745502,6.8,964.0,2.556,7.1,-0.9246,-0.7177
ts272092,Canine Intervention,SHOW,canine intervention follows renowned oakland dog trainer jas leverette runs one top dog training facilities california cali k9 works breeds confident able correct type behavior issue,2021,TV-14,36,"['documentation', 'reality']",['US'],1.0,tt13932598,6.5,892.0,5.511,7.0,0.6124,0.0
ts287741,"Fresh , Fried & Crispy",SHOW,passionate food ready fun critic daym drops drops americas smokin hot spots best freshest takes fried food,2021,TV-PG,25,"['documentation', 'reality']",['US'],1.0,tt14644428,6.2,631.0,2.407,7.8,0.9062,0.3182
ts288832,I Heart Arlo,SHOW,arlo newfound crew set shop abandoned seaside neighborhood help bring back life,2021,TV-Y7,15,"['animation', 'comedy', 'family']",['US'],1.0,tt13573450,6.9,216.0,3.874,8.2,-0.0772,0.0
ts296201,Elize Matsunaga : Once Upon Crime,SHOW,crime shocked brazil elize matsunaga shot dismembered rich husband featuring first interview docuseries dives deep case,2021,TV-MA,49,"['crime', 'documentation']",['BR'],1.0,tt14856998,5.9,2152.0,5.124,6.4,-0.296,-0.5423
ts297058,The Snitch Cartel : Origins,SHOW,cali 60s 70s two brothers juggle family romance joint pursuit burning ambition rule colombias drug industry,2021,TV-MA,47,"['crime', 'drama']",['CO'],1.0,tt14417802,5.6,189.0,243.02,7.8,0.5574,0.0
ts282840,Worn Stories,SHOW,funny heartfelt moving docuseries real people unpack fascinating quirky stories around meaningful pieces clothing,2021,TV-MA,30,['documentation'],['US'],1.0,tt14177168,6.7,313.0,2.484,7.0,0.9042,-0.296
ts306135,"Vendetta : Truth , Lies The Mafia",SHOW,sicily boasts bold antimafia coalition happens trying bring organized crime accused criminals,2021,TV-MA,0,"['documentation', 'crime', 'thriller']",[],1.0,tt14216574,6.7,232.0,1.405,6.6,-0.7783,-0.128
ts328617,Too Hot Handle : Brazil,SHOW,sizzling hot young brazilians meet dreamy beach resort shot r500000 fun reality show theyll give sex,2021,TV-MA,56,"['reality', 'romance']",['BR'],1.0,tt14902484,5.4,457.0,8.147,7.1,0.5106,0.0
ts72196,Swap Shop,SHOW,swap shop radio show shares scoop sweet deals collectors cars comics creepy clown statues listen ears wide open,2021,TV-14,30,['reality'],['US'],2.0,tt15674202,6.6,355.0,1.554,6.7,0.7003,0.0
ts307981,Scaredy Cats,SHOW,willa wards twelfth birthday inherits beautiful charm necklace belonged mother witch soon learns 2 bad witches wilma wanda locket ultimate power alongside best friends scout lily turn cats escape,2021,TV-G,29,"['scifi', 'family', 'fantasy', 'comedy']",['US'],1.0,tt15387774,6.2,349.0,7.585,6.9,0.8625,0.0
ts188367,Bombay Begums,SHOW,boardrooms societys margins five ambitious women various walks life navigate dreams desires disappointments modern mumbai,2021,TV-MA,49,['drama'],['IN'],1.0,tt10238792,5.2,4884.0,2.475,8.3,0.4215,0.0
ts331654,Pedal Metal,SHOW,race drive ends fatally friends kike noche flee mexico city hide rebuild lives escape danger least try,2022,TV-MA,0,"['drama', 'action', 'thriller', 'crime']",['MX'],1.0,tt18568732,7.7,59.0,5.668,6.6,-0.6705,0.0
ts283614,Haunted : Latin America,SHOW,real peoples terrifying tales chilling unexplained paranormal come life dramatic reenactments reality series,2021,TV-14,34,"['horror', 'reality']",['MX'],1.0,tt14164238,5.3,579.0,71.946,7.3,-0.5859,-0.4767
ts288064,Somos .,SHOW,lives people allende mexican border town overtaken powerful cartels operations leading tragedy inspired true events,2021,TV-MA,52,"['drama', 'crime', 'history']",['MX'],1.0,tt14719590,7.1,1138.0,25.704,7.7,0.5267,0.0
ts305890,Too Hot Handle : Latino,SHOW,singles latin america spain challenged give sex abstinence comes silver lining us100000,2021,TV-14,36,"['reality', 'romance']",['MX'],1.0,tt15251764,5.4,284.0,12.408,7.3,-0.1027,0.0
ts304690,Remember You,SHOW,genius detective teams colleague investigate case hits close home duo becomes entangled catandmouse game,2021,TV-MA,67,"['action', 'drama', 'crime', 'romance']",['TH'],1.0,tt15344082,7.5,78.0,3.202,7.0,0.0,0.0
ts267062,Jiva !,SHOW,talented street dancer umlazi durban must confront fears deal family objections pursue dancing dreams,2021,TV-MA,41,['drama'],['ZA'],1.0,tt12564616,5.5,267.0,13.142,7.8,0.3612,0.0
ts305732,Metal Shop Masters,SHOW,group metal artists torch cut weld epic badass creations hardened steel one win 50000 prize,2021,TV-MA,33,['reality'],['US'],1.0,tt15216520,5.7,561.0,2.822,6.3,0.7906,0.0
ts313902,Your Life Joke,SHOW,comedian oliver polak gets know celebrities favorite spots roasting goodnatured standup sets,2021,TV-MA,37,"['comedy', 'documentation']",['DE'],1.0,tt15663868,5.4,87.0,0.76,3.0,0.6808,0.296
ts302653,Light Night,SHOW,taking hotel linsen north road taiwan background realistic drama describes love hatred japanesestyle hotel proprietress yang jin hua 1988 group amorous ladies,2021,TV-MA,59,"['drama', 'crime', 'thriller']",['TW'],3.0,tt15808044,7.4,1054.0,17.328,8.9,0.4215,0.0
ts308516,"Young , Famous & African",SHOW,reality series follows crew famed affluent stars work play flirt feud johannesburg south africa allafrican reality series includes actor khanyi mbau musician diamond platnumz rapper nadia nakai,2022,TV-MA,43,['reality'],['ZA'],1.0,tt15302054,4.4,417.0,5.222,9.3,0.34,0.0
ts329882,Secrets Summer,SHOW,remote argentine resort revives wakeboarding competition drawing mexican athlete steffi determined uncover family secret,2022,TV-Y,30,"['drama', 'family', 'music']",['ES'],1.0,tt12379170,5.9,131.0,5.03,8.4,0.6124,0.0
ts232506,50M2,SHOW,betrayed boss hitman hides vacant tailor shop hes mistaken late owners son identity decides embrace,2021,TV-MA,49,"['comedy', 'drama', 'thriller', 'crime']",['TR'],1.0,tt11617848,6.9,5645.0,7.607,7.5,-0.7096,0.0
ts330289,Smother-In-Law,SHOW,living family since pandemic struck meddling isadir best disrupt lives bumbling son rival daughterinlaw,2022,TV-MA,25,['comedy'],['BR'],1.0,tt15353358,4.2,130.0,2.507,9.4,0.4939,0.0
ts311958,The Hungry Hairy,SHOW,motorbike road trip dreams buddies rain ro hongchul relax unwind delight tasty eats scenic locales around korea,2021,TV-14,63,['reality'],['KR'],1.0,tt16088530,7.5,243.0,3.132,8.0,0.8591,0.0
ts302570,John God : The Crimes Spiritual Healer,SHOW,idolized medium joo teixeira de faria rises international fame horrifying abuse revealed survivors prosecutors press,2021,TV-MA,50,"['crime', 'documentation']",['BR'],1.0,tt15233856,6.5,826.0,1.812,7.8,-0.7184,0.2732
ts343426,Senzo : Murder Soccer Star,SHOW,soccer player senzo meyiwa national hero killing shocked south africa docuseries dives evidence,2022,TV-MA,42,"['crime', 'sport', 'documentation']","['ZA', 'US']",1.0,tt18954258,5.2,187.0,2.052,10.0,-0.4767,-0.6908
ts310331,Twenty Somethings : Austin,SHOW,set austin texas growingup reality show twentysomethings find love friendship embark new adventure life,2021,TV-MA,32,['reality'],['US'],1.0,tt15204216,5.9,462.0,2.018,1.5,0.8555,0.0
ts293346,Race : Bubba Wallace,SHOW,follows nascar driver bubba wallace competes 23xi racing team,2022,TV-MA,47,"['documentation', 'sport']",['US'],1.0,tt14513646,5.9,453.0,2.052,5.7,0.0,0.0
ts285422,Newton 's Cradle,SHOW,two lovers hazem hana decide baby america get nationality however come across many obstacles threaten marriage especially hana stays america come back,2021,TV-14,41,"['drama', 'thriller']",['EG'],1.0,tt11703922,8.0,1641.0,3.996,8.5,-0.2023,0.0
ts304709,Bake Squad,SHOW,expert bakers elevate desserts nextlevel ideas epic execution battle win clients need special sweets,2021,TV-PG,35,"['family', 'reality']",['US'],1.0,tt15078760,6.9,690.0,3.028,7.7,0.7964,0.0
ts272669,Waffles + Mochi,SHOW,curious puppet pals waffles mochi travel world exploring wonders food culture learning cook fresh ingredients,2021,TV-Y,28,['family'],['US'],1.0,tt14035218,7.3,479.0,2.959,6.9,0.5574,0.0
ts273275,Marriage Mortgage,SHOW,married single weve heard could buy house price wedding ever stopped think actually marriage mortgage wedding planner real estate agent compete win hearts budgets spousestobe pick fairytale nuptials dream home,2021,TV-G,40,['reality'],['US'],1.0,tt14037542,5.1,442.0,2.338,10.0,0.5994,0.0
ts289757,Crime Stories : India Detectives,SHOW,follows major criminal investigations time crime reported suspect gets captured,2021,TV-MA,47,"['documentation', 'crime']",['IN'],1.0,tt14178956,7.1,983.0,1.246,7.5,-0.8442,-0.5423
ts273245,Dad Stop Embarrassing Me !,SHOW,single dad cosmetics brand owner figures fatherhood fly strongminded teen daughter moves,2021,TV-14,26,"['comedy', 'family']",['US'],1.0,tt13018090,4.1,1882.0,7.369,7.5,0.0,-0.6239
ts314962,Stories Generation - Pope Francis,SHOW,stories generation narrates values life love pain work dreams 18 generational stories enriched participation pope francis martin scorsese,2021,TV-14,46,['documentation'],['IT'],1.0,tt13784364,7.4,216.0,1.71,7.5,0.743,0.0
ts297132,Brave Animated Series,SHOW,adaption taiwanese comic series brave animated series comic artist series uses black humor elaborate social issues storytelling taste younger generation program integrated multiple resources like tv music production world full discrimination hatred stereotype longer really braves believe evil defeated world comes peace yet braves realize standing side justice,2021,TV-MA,26,"['action', 'animation']",['TW'],1.0,tt17545256,7.0,6.0,4.271,5.0,0.7204,0.5267
ts330422,Team Zenko Go,SHOW,every good deed one team kids niah ari ellie jax go undercover help others secretly solve citys problems,2022,TV-Y,20,"['action', 'animation', 'family']",['US'],1.0,tt18274176,7.8,33.0,2.104,7.0,0.5719,0.0
ts272422,Buried Bernards,SHOW,reality series bickering bighearted bernards manage budgetfriendly memphis funeral home lots family dramedy laughter helping grieving families say farewell,2021,TV-14,25,['reality'],['US'],1.0,tt13848380,7.2,350.0,1.884,7.7,-0.1027,0.0
ts308053,Jailbirds New Orleans,SHOW,feuds flirtations toilet talk go among incarcerated women orleans justice center new orleans gritty reality series,2021,TV-MA,41,"['documentation', 'reality']",['US'],1.0,tt15320436,6.6,214.0,1.96,7.0,0.2263,0.0
ts316882,Reasonable Doubt : A Tale Two Kidnappings,SHOW,fender bender turned kidnapping case leads documentalist roberto hernndez expose truth behind mexicos flawed justice system,2021,TV-MA,47,"['crime', 'documentation']",['MX'],1.0,tt15796900,7.6,195.0,3.497,7.0,0.6249,-0.3612
ts286386,The Big Day,SHOW,six engaged couples happily ever begins spectacular note eyepopping look indias multibilliondollar wedding industry,2021,TV-MA,43,"['reality', 'romance']",['US'],2.0,tt13887518,4.7,332.0,1.92,6.0,0.743,0.0
ts319303,He 's Expecting,SHOW,successful ad executive whos got figured becomes pregnant hes forced confront social inequities hed never considered,2022,TV-PG,26,"['drama', 'comedy', 'romance', 'fantasy']",['JP'],1.0,tt14719276,2.0,3019.0,11.314,4.0,0.0258,0.0
ts314963,The Fastest,SHOW,unpredictable thrilling racing competition drivers middle east something prove battle track cash prize,2021,TV-PG,35,['reality'],[],1.0,tt15779034,5.6,83.0,1.6,6.0,0.5859,0.0
ts285470,Pet Stars,SHOW,follow talent management company pets q work biggest animal influencers social media reality series,2021,TV-PG,27,"['reality', 'family']",['US'],1.0,tt14318392,4.9,118.0,1.63,8.7,0.4215,0.0
ts282876,"Nevenka , Breaking The Silence",SHOW,story first sexual harassment case spain scandal nevenka fernndez protagonist discusses documentary,2021,TV-14,38,"['documentation', 'crime']",['ES'],1.0,tt14091172,6.9,674.0,1.159,8.0,-0.7506,0.0
ts285106,Under Suspicion : Uncovering Wesphael Case,SHOW,docuseries follows highprofile case belgian politician bernard wesphael accused murdering wife 2013,2021,TV-14,36,"['crime', 'documentation']",[],1.0,tt14078186,6.3,746.0,1.684,7.8,-0.7579,-0.3818
ts285874,Magic Humans Spain,SHOW,spanish adaptation magic humans folks ages streets barcelona amazed tricks inspire delight wonder,2021,TV-MA,23,"['reality', 'comedy']",['ES'],1.0,tt14136320,6.0,81.0,1.119,4.2,0.8834,0.0
ts307816,냉면 랩소디,SHOW,refreshing flavorful naengmyeon koreas coolest summertime staple journey history begins cooked loved,2021,TV-PG,49,['documentation'],['KR'],1.0,tt15772846,7.5,25.0,1.765,4.0,0.5994,0.0
ts289982,Bangkok Breaking,SHOW,newly arrived bangkok wanchai joins road rescue service unravels citywide conspiracy help journalist,2021,TV-MA,60,"['thriller', 'action', 'crime', 'drama']",['TH'],1.0,tt14202282,5.8,294.0,28.627,7.0,0.3818,0.0
ts317709,Kayko Kokosh,SHOW,two slavic warriors everything power defend village mirmiowo evil order knaveknights,2021,TV-PG,15,"['animation', 'comedy', 'fantasy', 'action']",['PL'],2.0,tt13979288,6.3,324.0,3.432,6.7,-0.6597,0.0
ts283284,Navarasa,SHOW,amusement awe nine human emotions indian aesthetic theory explored anthology series,2021,TV-MA,34,['drama'],['IN'],1.0,tt13357946,5.8,3522.0,3.418,6.6,0.3612,0.0
ts274575,How Be A Cowboy,SHOW,dale brisby uses social media savvy rodeo skills keep cowboy traditions alive hes teaching world cowboy right ol son,2021,TV-PG,25,['reality'],['US'],1.0,tt13438900,6.9,151.0,0.856,10.0,0.3818,0.0
ts284885,Abla Fahita : Drama Queen,SHOW,falsely incriminated abla fahita separated kids selfindulgent diva stop nothing redeem reunite family,2021,TV-14,25,"['drama', 'comedy', 'crime']",['EG'],1.0,tt11570224,6.5,446.0,1.4,8.5,-0.296,0.0
ts341760,Byron Baes,SHOW,australian influencers flock byron bay warm beachy beauty cool creative vibe follow friends negotiate life love,2022,TV-MA,39,['reality'],['AU'],1.0,tt14537060,2.6,498.0,1.658,6.0,0.9531,0.0
ts285471,The Wedding Coach,SHOW,former bride forever comedian jamie lee shares irreverent yet practical tips tricks wedding planning struggling lovebirds,2021,TV-MA,33,"['comedy', 'reality']",['US'],1.0,tt14210424,5.0,87.0,1.525,10.0,0.128,0.0
ts325991,Only Jokes Allowed,SHOW,six south africas top comedians take center stage showcase talent collection short standup sets,2022,TV-MA,16,['comedy'],['ZA'],1.0,tt17052148,4.9,45.0,1.629,10.0,0.7003,0.25
ts270616,We Are : The Brooklyn Saints,SHOW,brooklyn youth football program selfless coaches provide safe kids compete learn lessons take far life,2021,TV-14,47,"['documentation', 'sport']",['US'],1.0,tt13656220,6.5,162.0,2.523,10.0,0.4404,0.0
ts287729,Alma Matters : Inside IIT Dream,SHOW,nation middleclass iit dream involves clearing worlds toughest public exam guaranteed lifelong success life exam though hustle one nobody trains result eternal tumult,2021,TV-MA,49,"['documentation', 'drama']",['IN'],1.0,tt14512938,8.3,2346.0,1.493,9.0,0.6597,0.2732
ts273317,Pitta Kathalu,SHOW,four different women four journeys love betrayal common thread want dismantle patriarchy,2021,TV-MA,37,"['drama', 'romance']",['IN'],1.0,tt13878800,5.1,738.0,1.4,5.5,0.1779,0.0
